provider,review_id,rating,title,text,likes,filtered,pending,experienced_date,published_date,source_url
aspca,695c3f948853636f6186ed61,1,Horrible service,Horrible service. Website having issues. Called customer service to cancel my policy   Was on hold forever. Finally they said they’d have someone call me back. Waited an hour and a half. No call back. Called again. Was put on hold then someone from the wrong department answered. I’m canceling my policy. This is ridiculous ,0,False,False,2026-01-05T00:00:00.000Z,2026-01-06T00:47:48.000Z,https://www.trustpilot.com/review/aspcapetinsurance.com?page=1
aspca,695be1c2000345115493f41c,5,Quick and easy claim service for both…,Quick and easy claim service for both my pets,0,False,False,2025-12-30T00:00:00.000Z,2026-01-05T18:07:30.000Z,https://www.trustpilot.com/review/aspcapetinsurance.com?page=1
aspca,695bc7042da20b63e40d5a22,5,ASPCA is very reliable. ,The reliability of ASPCA. ,0,False,False,2025-12-30T00:00:00.000Z,2026-01-05T16:13:24.000Z,https://www.trustpilot.com/review/aspcapetinsurance.com?page=1
aspca,695a6c5a47836e9a1964225b,5,Representatives are such a pleasure to work with,Representatives are such a pleasure to work with. ,0,False,False,2025-12-30T00:00:00.000Z,2026-01-04T15:34:18.000Z,https://www.trustpilot.com/review/aspcapetinsurance.com?page=1
aspca,69588af7f69e827c4198d773,5,The experience has been fine,"The experience has been fine.  However I was just quoted policies for both dogs at significantly less cost, and instead of a $3000 maximum annual benefit, it is for $20k on each dog. ",0,False,False,2026-01-02T00:00:00.000Z,2026-01-03T05:20:24.000Z,https://www.trustpilot.com/review/aspcapetinsurance.com?page=1
aspca,695184c8a4b29eb33143f48b,1,Terrible  experience with this company ,Terrible experience with this company . Would not pay on any claim . All they say on any claim is that it’s preexisting condition we are not covering claim . Do not use this company if you want good health care for your pet .  ,0,False,False,2025-12-28T00:00:00.000Z,2025-12-28T21:28:08.000Z,https://www.trustpilot.com/review/aspcapetinsurance.com?page=1
aspca,694ee263ec5ac06b33bb89fd,2,Losing Confidence in ASPCA insurance,"After submitting a previous claim for our dog, when there was a rapid settlement, we are having a devil of a time getting re-imbursed for a relatively small claim for the removal of a large benign lump. ASPCA rep told me that the insurance needed a complete set of medical records associated with the claim. These records were submitted by our veterinarian at the time of treatment and also TWICE by us. Still, after 6 months zero re-imbursement. But no joy, so can’t recommend",0,False,False,2025-12-26T00:00:00.000Z,2025-12-26T21:30:43.000Z,https://www.trustpilot.com/review/aspcapetinsurance.com?page=1
aspca,694b1d041e95dbba17a46ba1,1,Don't use ASPCA horrible company,"I have worked as a property and casualty adjuster for the last 30 years.  I have never had a worst experience than working with this company-I also found out that ASPCA doesn't even own the insurance company, it is run through a 3rd party that uses the naming rights from ASPCA.

I had a claim for my dog and they denied it, they said i had filed it incorrectly, I asked to cancel the policy and they told me I needed to file it under a different coverage, I went through all the hoops and they denied it a second time and then refused to refund my policy after I asked that it be cancelled.

Don't use this company very shady-I had pumpkin for my last pet-they were fantastic.  I'm cancelling ASPCA today.",0,False,False,2025-12-22T00:00:00.000Z,2025-12-24T00:51:48.000Z,https://www.trustpilot.com/review/aspcapetinsurance.com?page=1
aspca,694989d588f3ac58c9703a51,1,They are disorganized,"They are disorganized, their app is missing critical features like explanations of claim decisions, and you need to call multiple times to follow up with them. They will base denials not on vet's guidance or treatment. Not really worth paying for premiums. I wish I had signed with a difference insurance provider. ",0,False,False,2025-12-22T00:00:00.000Z,2025-12-22T20:11:33.000Z,https://www.trustpilot.com/review/aspcapetinsurance.com?page=1
aspca,694505ccba696255baa2b6d2,1,Would not recommend anyone get a policy…,Would not recommend anyone get a policy from here. They won’t pay your claims. They’ll start off paying the first claim then won’t pay anymore and give excuses. Just save a little money every month and you’ll get it back 100% when you have to take your pet in. They shouldn’t even be able to use the word “insurance” because it’s not. It’s a flat out lie. ,0,False,False,2025-12-16T00:00:00.000Z,2025-12-19T09:59:08.000Z,https://www.trustpilot.com/review/aspcapetinsurance.com?page=1
aspca,6940e6496d8d783400d05920,1,Scammed ,"The worst insurance ever uses tactics to deny claims. Charges me a $177 just about for one dog who only had some acute problems, like a bad ear infection and Arthritis of course, because she's getting older and a urinary tract infection. They're asking me for records from 3 years back. This dog hardly ever went to the vet. So I don't understand why I would be given such a hard time and charge. So much money to boot their customer service is terrible and they take long to process claims. And they're too expensive. Do not cover your dog under this insurance. Insurance i've had them for a while on my dog.And they don't want to pay me any money for her.What is the point of having it?If i'm paying all the bills.   Update 12/17 @ ASPCA it seems you give the same generic response to everyone from what i've read on all the negative reviews about this insurance.
passing it on.? You're not changing your tactics or your ways and you are overcharging your customers and not covering their pets,  if the pets are young possibly that's when you cover.But obviously you are not correcting the problem and lame excuses is all I've read throughout. ",1,False,False,2025-03-23T00:00:00.000Z,2025-12-16T06:55:37.000Z,https://www.trustpilot.com/review/aspcapetinsurance.com?page=1
aspca,693cf5e21132ccb4fef68a3f,1,Worst insurance ever,Worst insurance ever. They don’t reimburse for anything. My dog was insured and I was told my coverage included end of life expenses but when I submitted the claim they said my policy didn’t cover it. It was bad enough that she passed and having your insurance deny reimbursement was a kick to the gut. Do yourself a favor and get any other insurance! Get Nationwide or Lemonade…. Anything but this company. ,0,False,False,2025-12-11T00:00:00.000Z,2025-12-13T07:13:06.000Z,https://www.trustpilot.com/review/aspcapetinsurance.com?page=1
aspca,693c5d6c19af473308bc2e6d,4,I highly recommend ASPCA,"My dog suffered for many years and it was costing me a fortune, I decided to finally get pet insurance with ASPCA, and I've been with them for about 3yrs.  In the beginning ASPCA was a real pain in the arse, they wanted documents of ALL of his medical records, problem was he had been to 3 different veterinary doctors, and this took some work.  ASPCA kept denying claims based on pre-existing conditions, and admittedly they were pre-existing, their not stupid, but as time went on my dog developed more health problems, and I would pay the bill out of pocket, then submit a claim, it would take about a week but they would pay as much as 75%.  Recently my dog passed away but not after several costly vet bills were incurred totaling around $4700,  total for the year was around $8k, this included full bloodwork, urine culture, emergency doctor visits in the middle of the night, Xray's, Ultra sounds, everything the doctors could think of. I paid out of pocket and days later they reimbursed me about 65%.  Insurance companies are in the business to make money and ASPCA is fair about how they conduct their business, they denied pre-existing conditions because they really were pre-existing, but when my dog had new health problems they held their end of the deal and paid out up to 75%.  I highly recommend ASPCA.",0,False,False,2025-12-12T00:00:00.000Z,2025-12-12T20:22:36.000Z,https://www.trustpilot.com/review/aspcapetinsurance.com?page=1
aspca,693c5ceb467d0a74f4bc74fc,2,One of my dogs ingested something and…,One of my dogs ingested something and they refused to pay my bills they claimed it’s and illness not and accident. They don’t want to pay out claims. I would read all of the fine print before paying for the insurance.,1,False,False,2025-11-19T00:00:00.000Z,2025-12-12T20:20:27.000Z,https://www.trustpilot.com/review/aspcapetinsurance.com?page=1
aspca,69389bd2a04a897c13b7d962,1,Not good policy (scammers),"My policy started on November 21. They told me my pet wasnt covered since that day in other words. I submitted a claim and that is what they told me. I know about law, etc. If a policy is paid it should start immediately after pay for it. There isnt waiting periods, etc. That is a lie. That is so wrong.

Update: Read the answer they gave to me. Doesn’t make sense. If a insurance said that start on xy day then should cover that date. For that are the insurance. Insurance start the day u pay.
As I said I know about laws and know how insurance works.
I paid way before the November 21 but insurance started the 21.
The period of 14 days doesnt make any difference. If I got Attended on the 21 and the insurance said 21 it should be COVERED.
Wanna fight it in court? I have evidence it said started on the 21. ",0,False,False,2025-12-08T00:00:00.000Z,2025-12-09T23:59:46.000Z,https://www.trustpilot.com/review/aspcapetinsurance.com?page=1
aspca,6937a4c45d3fa3b9afa2e1ed,5,Easy claims,"Easy claims, fast processing, and true peace of mind. ASPCA pet insurance saved our dog’s life and has been worth every penny since they were puppies.",1,False,False,2025-10-12T00:00:00.000Z,2025-12-09T06:25:40.000Z,https://www.trustpilot.com/review/aspcapetinsurance.com?page=1
aspca,692de98f740de8b02792381d,1,Takes your money and will drop you if your pet has any issues.,"Had coverage with them for 2 years, my dog had her first seizure a year into coverage, they covered the first visit for that ($180), she then had 2 more seizures 8 months later and those vet bills were significantly higher and they decided to deny coverage and illegally claim it as a pre-existing condition, despite covering the condition when the vet bill was only $180 eight months prior. 

Scam company, happy to collect your money when your pet is healthy, but will drop you as soon as you need their assistance.

UPDATE: I called the number listed in the response below to discuss further and they told me they made a mistake covering the first seizure visit. So not only will they deny you once you exhaust your deductible, they will claim they made internal errors and deny all future claims once you actually need to use their benefits. Absolute scum.

They even fired their CFO in March '25 for whistleblowing their unethical practices regarding denying claims, look up ""Gordon Lavalette""",1,False,False,2025-11-29T00:00:00.000Z,2025-12-01T21:16:31.000Z,https://www.trustpilot.com/review/aspcapetinsurance.com?page=1
aspca,692b42f2af9518e205648869,5,We love ASPCA,"Amazing help, always so responsive and kind. Reccomend to everyone! ",1,False,False,2025-11-25T00:00:00.000Z,2025-11-29T21:01:06.000Z,https://www.trustpilot.com/review/aspcapetinsurance.com?page=1
aspca,692a33c47410d49ae132c542,1,The deductable,"Hello, I have paid $900 to my Veterinarian. ASPCA won't honor my deductible. They said I did not satisfy my deductible which I have.
I am waiting for some correspondence from them. I have not heard from them yet. It has been weeks. This is a lot of money we are talking about here!! I am expecting $400 plus back please.
",1,False,False,2025-11-08T00:00:00.000Z,2025-11-29T01:44:04.000Z,https://www.trustpilot.com/review/aspcapetinsurance.com?page=1
aspca,692553d5810114b9800cb7a2,1,The worst pet insurance,"The worst pet insurance, when they deny coverage, claiming a UTI is a pre- existing condition for my cat. He's never been sick. He got a infection and had treatment plan with great recovery. I was told to file a dispute with complete documentation, but a supervisor called back and said if in 180 days and he didn't have reoccurrence they might consider revisiting their decision.  The make sure in 30 day trial, they will definitely not pay out a claim.. You think ASCAP would be the advocate for animals, but just like other insurance companies. Some many reasons to denied and not pay out a claim.. All about making money, especially if your fur baby bill is too high.. ",1,False,False,2025-10-22T00:00:00.000Z,2025-11-25T08:59:33.000Z,https://www.trustpilot.com/review/aspcapetinsurance.com?page=1
aspca,6924450198e8c323b20b9385,5,Good insurance,Good insurance ,1,False,False,2025-11-18T00:00:00.000Z,2025-11-24T13:44:01.000Z,https://www.trustpilot.com/review/aspcapetinsurance.com?page=2
aspca,69230e76a0da1cf3a9da99e0,5,ASPCA website is easy to navigate.,"ASPCA website is easy to navigate and sign up for different Coverages.
I have had one Cat for five years with the company and they have been great on the reoccurring cost of an ear infection!!
Monthly payments are minimal.
I just adopted a four month old Kitten and just enrolled her on a new plan.",1,False,False,2025-11-18T00:00:00.000Z,2025-11-23T15:39:02.000Z,https://www.trustpilot.com/review/aspcapetinsurance.com?page=2
aspca,692308568a827ed01dc86d07,5,Easy use,Submitting a claim was easy and straight forward. Also quick action in finishing the claim ,0,False,False,2025-11-18T00:00:00.000Z,2025-11-23T15:12:54.000Z,https://www.trustpilot.com/review/aspcapetinsurance.com?page=2
aspca,6922632896140ea8542d9643,5,ASPCA PET INSURANCE IS FANTASTIC,ASPCA PET INSURANCE IS FANTASTIC. The APP easy to file the claims. They always have my babies best interest at heart.,1,False,False,2025-11-17T00:00:00.000Z,2025-11-23T03:28:08.000Z,https://www.trustpilot.com/review/aspcapetinsurance.com?page=2
aspca,691cc915e72b08400b211659,5,very good service ,i’ve always been very happy  with the ASPCA services and that is why I continue to use them for my new pets. It is easy to communicate with staff and prompt responses are always received.,1,False,False,2025-11-18T00:00:00.000Z,2025-11-18T21:29:25.000Z,https://www.trustpilot.com/review/aspcapetinsurance.com?page=2
aspca,691894d43735e06c02a105c8,2,Initially I have not had any issues,Initially I have not had any issues. Claims were settled quickly. The first issue came when my pets neuter was not covered. I chose a plan that specifically covered that-and when it was time to use it -it's not in the plan anymore. I can't locate my policy coverage at all. Second-my dog had an accident. Hurt his leg while playing. Denied because they said it was an illness. He was healthy with no illness-he twisted his leg while playing. Third-I have a dog that passed and cannot find a way to remove them from the policy. When I call it says call back during business hours-but does not give any business hours. I am an insurance agent so am well versed in selecting coverage and policy language. I picked specific coverage for our needs and feel over the years the coverage has been changed and the information is intentionally made hard to locate. My policy renews in February and we will defiantly be reviewing under a microscope and possibly changing companies . I feel like what was a excellent service has become useless for the most part-but the fees keep going up. I may be better off saving the money for an emergency myself.  ,0,False,False,2025-03-31T00:00:00.000Z,2025-11-15T16:57:24.000Z,https://www.trustpilot.com/review/aspcapetinsurance.com?page=2
aspca,69138af30a7ca24de5a49f43,4,Great service ,Agent was polite and helpful. The agent helped me understand the process in a nonjudgmental way,0,False,False,2025-11-11T00:00:00.000Z,2025-11-11T21:13:55.000Z,https://www.trustpilot.com/review/aspcapetinsurance.com?page=2
aspca,69136bcb96e15252603dadde,5,7 years ASPCA.,Have had ASPCA Pet Insurance for about 7 years for our Pug. Completely satisfied. Wish I could recommend my health insurance company as high!,1,False,False,2025-11-11T00:00:00.000Z,2025-11-11T19:00:59.000Z,https://www.trustpilot.com/review/aspcapetinsurance.com?page=2
aspca,6913521629ab6aa825145e16,5,The representative was able to explain…,"The representative was able to explain everything to me, so I understood the policy for my new cat. He was very professional, friendly, and very knowledgeable.",1,False,False,2025-11-11T00:00:00.000Z,2025-11-11T17:11:18.000Z,https://www.trustpilot.com/review/aspcapetinsurance.com?page=2
aspca,6910b2145139c7c72802c711,1,My experience has by far been very…,My experience has by far been very difficult and has been an extremely long process. I purchased this insurance for my puppy who at the time was 3 mos old. I took him to vet to get shots and we’ll check. Well now this company is asking for his itemized report from 11/2024 and my pet was not even born. I do not recommend anyone to purchase this health insurance as it has been 10 days and I still have not been reimbursed and still counting. I still have hope that there is better insurance for your pets out there.,1,False,False,2025-10-30T00:00:00.000Z,2025-11-09T17:24:04.000Z,https://www.trustpilot.com/review/aspcapetinsurance.com?page=2
aspca,690e0b86e3c40f24ff3c5a13,2,Service is ridiculously slow despite…,"Service is ridiculously slow despite their claim of quick turnaround times, and they denied my first claim, saying it wasn't covered because it took place during the initial 14 day waiting period (it didn't, coverage started Sept. 27, the vet visit was Oct 13). Not a great start, wish I had read the reviews a little closer. I understand insurance is the biggest fraud going today, but this is still disappointing. I'm just finding this out halfway through November. ",0,False,False,2025-11-07T00:00:00.000Z,2025-11-07T17:08:54.000Z,https://www.trustpilot.com/review/aspcapetinsurance.com?page=2
aspca,690a8364bec7938b3a37aef8,1,DO NOT BUY PET INSURANCE,"DO NOT BUY this insurance. Our dog tore her Cranial cruciate (ACL) running through our yard and was deemed as a degenerative disease after they told me to have the surgery done ($6,800). Reimbursement was denied in full. They are a terrible company to work with. My appeals were completely ignored. They could not tell me if the reviewer who denied the claim was a certified veterinarian. All communication was dropped when I told them I was filing a complaint with the Insurance Commissioner. The lawyer called me and offered to cash settle 3 days prior to the hearing. I refused to settle so that I could write this review. ",2,False,False,2025-09-18T00:00:00.000Z,2025-11-05T00:51:16.000Z,https://www.trustpilot.com/review/aspcapetinsurance.com?page=2
aspca,6900fe63f5c5ddeae066606c,1,WILL NOT COVER LIGAMENTS in Accident Only,"If I could give less than a star I certainly would. We have had this insurance and paid almost $500/year in premiums for the past five years, and when we finally went to use the insurance for the first time, they denied us like all the reviewers before us: they now consider ligaments illnesses. Yet they continue to sell the accident policy with the language that ligaments are covered (Our original policy even suggested they'd cover up to two! With accident only coverage!). That language is still in the accident only policy, yet they will decline your claim and state that these are now defined as an illness. We had a dog running healthily a week prior to his accident where he could no longer walk, and they will say that this ""disease is intermittent and degenerative."" BUYER BEWARE. They will find a way to reject your claim. ",1,False,False,2025-10-28T00:00:00.000Z,2025-10-28T19:33:23.000Z,https://www.trustpilot.com/review/aspcapetinsurance.com?page=2
aspca,690052915a55667af153775d,5,I'm grateful for ASPCA pet insurance.,"We have had this insurance for a number of pets for many years.  The claims are easy to submit and payment is prompt.  What really made me decide to make an effort to promote ASPCA insurance by word-of-mouth and on social media were two transactions.

First, we had a Rhodesian Ridgeback female who at about 12 years of age developed malignant melanoma. Our vet referred us to an oncology vet, who began the administration of a drug to slow down the disease.  The drug was very expensive, over $600 each visit every few months, but it did allow our girl two more years of good life.  When I first submitted a claim to ASPCA insurance, they denied it because they said it was an experimental drug.  Our oncology vet had told us that it indeed was still experimental in humans, but was approved for use in animals.  When I communicated this to ASPCA, they checked into it and immediately began reimbursing her treatment.  They paid about half the expense of this drug, and our cap was reached just after her death.

Second, our older cat developed a tumor under her chin, which was so hidden that it was well advanced when we discovered it.  Our vet did a biopsy determining that the tumor was malignant and referred us to a surgical vet, who examined her and said he could remove the tumor but it would leave her grossly disfigured and she would probably have difficulty eating.  We decided to let her go, making her as comfortable as possible until her time came, when we contacted a pet hospice, and they came to the home to give her a peaceful death.  I got busy with many other matters and kept putting off submitting the claims for her.  When I finally got around to it, it was over the deadline for submitting claims, and at first ASPCA insurance denied the claim on those grounds., and I understood why.  Shortly thereafter, without any protest from me, I received an email that said the were going to reconsider and might make an exception for our claim.  They did and recently reimbursed us for 60% of her expenses, after the deductible.

What this demonstrates to me is that there are compassionate people at this company, that they are loyal to longtime clients, and that they work with you instead of in opposition.

Thank you, ASPCA insurance.",0,False,False,2025-10-17T00:00:00.000Z,2025-10-28T07:20:17.000Z,https://www.trustpilot.com/review/aspcapetinsurance.com?page=2
aspca,68fe296fe847b51871a18711,5,I have Good Insurance had ASPCA insurance for several…,I have had ASPCA insurance for several years & they have always done a good job. Thank you. ,1,False,False,2025-10-21T00:00:00.000Z,2025-10-26T16:00:15.000Z,https://www.trustpilot.com/review/aspcapetinsurance.com?page=2
aspca,68fe2538ccb57bdbe317e480,5,My claims were processed in a timely…,My claims were processed in a timely manner. I highly recommend them. ,0,False,False,2025-10-21T00:00:00.000Z,2025-10-26T15:42:16.000Z,https://www.trustpilot.com/review/aspcapetinsurance.com?page=2
aspca,68f93435b644782bb11ed293,1,Think twice before getting a policy with this company ,My issue started with my first claim. I've called in numerous times asking why I never received a refund. All of the necessary documents were uploaded. For some reason they keep asking for documents they already have. The rep's in the call center have confirmed numerous times all of required paperwork was received. Four months later and I still haven't received a refund. They asked me for medical records dating back to January 2025. My puppy was born in April of 2025. I will not renew my policy next year. Too bad I didn't read the reviews before taking out a policy with this company. ,1,False,False,2025-06-30T00:00:00.000Z,2025-10-22T21:44:53.000Z,https://www.trustpilot.com/review/aspcapetinsurance.com?page=2
aspca,68f921565338831fb095ed9d,1,dont buy into this pln,"i can not find my plan in my account. you denied a claim indicating the care was not in the plan. however, when i purchased that care was listed. Now i cannot find the plan to review the coverage",0,False,False,2025-10-20T00:00:00.000Z,2025-10-22T20:24:22.000Z,https://www.trustpilot.com/review/aspcapetinsurance.com?page=2
aspca,68f782085cd472a361061e43,5,So easy and quick,It is so easy to file a claim with ASPCA insurance.  I can do it all online in minutes. I have used this insurance for 2 years and have no complaints.  The payments are quickly deposited into my account within just a few days and I have never had an issue with a claim being paid ,1,False,False,2025-10-21T00:00:00.000Z,2025-10-21T14:52:24.000Z,https://www.trustpilot.com/review/aspcapetinsurance.com?page=2
aspca,68f6882d13243f0a94b51dfa,5,Easy to sign up. ,"The woman I spoke with made the process easy and enjoyable to sign up my three cats.  She took the time to fully explain the coverage provided for my babies and how to utilize the resources for maximum benefits.  
",1,False,False,2025-10-14T00:00:00.000Z,2025-10-20T21:06:21.000Z,https://www.trustpilot.com/review/aspcapetinsurance.com?page=2
aspca,68ebaf4913736389da9efc28,5,Very friendly and knowledgeable people…,Very friendly and knowledgeable people that work there. You can just tell they love pets and it shows. Would recommend them to everyone!,1,False,False,2025-10-07T00:00:00.000Z,2025-10-12T15:38:17.000Z,https://www.trustpilot.com/review/aspcapetinsurance.com?page=3
aspca,68eb9d0dfc42607047d8e30d,5,The best insurance policy,The insurance is accepted at many clinics so I can take my pets where I prefer. The rates are excellent and affordable. They also answer the phones and clear up any confusions,0,False,False,2025-10-07T00:00:00.000Z,2025-10-12T14:20:29.000Z,https://www.trustpilot.com/review/aspcapetinsurance.com?page=3
aspca,68e6af48da7f861e49f7fbec,1,Failed to payout simple inexpensive…,Failed to payout simple inexpensive claims.  ,0,False,False,2024-12-10T00:00:00.000Z,2025-10-08T20:36:56.000Z,https://www.trustpilot.com/review/aspcapetinsurance.com?page=3
aspca,68e6872bb70096d8d12b2d93,2,So far ASPCA Pet Health Insurance is…,"So far ASPCA Pet Health Insurance is not paying treatments that should be covered, not communicating about what is needed in order to pay a claim!!! Just declining saying unable to obtain medical records from the veterinary clinic?!!! Then why didn't they ASK ME for it?!!!",1,False,False,2025-09-23T00:00:00.000Z,2025-10-08T17:45:47.000Z,https://www.trustpilot.com/review/aspcapetinsurance.com?page=3
aspca,68e56b1be924dfcb04898e46,1,Very Poor Claim Response Time,"I have had pet insurance for our lab for 8 years.  3 years ago, due to her age, my existing policy was transferred over to ASPCA, along with a significant rate increase.   I have NEVER filed a claim until 2 weeks ago, for an ear infection and her inability to put weight on her front paw.  My total bill was $1300+, with a $500 deductible.   So far, I have heard nothing from ASPCA and the website indicates that the claim is ""in que"".   I spoke with a customer representative, who told me that he would take care of it, and so far nothing.   After further research, I learned that in the state of Florida, pet insurance,  is under the jurisdiction of the State Insurance Commissioner.  The good news about this, is that companies that deny and delay claims can be forbidden from doing business in Florida.  If any of you are in Florida, I have attached information on how to file a claim.
To file a complaint with the Florida ""Insurance Commissioner"" (who heads the Office of Insurance Regulation), you should contact the Florida Division of Consumer Services within the Department of Financial Services (DFS), as this is the correct agency for handling consumer complaints against insurance companies. You can file online, by phone, or by email, providing details like the insurance company name, policy number, claim number, and a clear explanation of your issue. The DFS will then process the complaint and contact your insurer. ",1,False,False,2025-09-25T00:00:00.000Z,2025-10-07T21:33:47.000Z,https://www.trustpilot.com/review/aspcapetinsurance.com?page=3
aspca,68e3ef761eb1f594c2f6b6d2,1,Keep getting the runaround ,"I have submitted my first claim and I’ve had nothing but problems. I keep getting messages that the medical records need submitted and after multiple submissions from both myself and my vets, in addition to multiple calls with no resolution, I feel I need to submit this review to warn others. 
The online portal is difficult to use once you’ve completed your initial information and although you can reach a person in Customer Service it’s always outsourced to another country with someone who’s hard to understand. 
If my issue is resolved I will come back and update a positive review but as of now, it is totally negative and I would not recommend this coverage. ",1,False,False,2025-09-23T00:00:00.000Z,2025-10-06T18:33:58.000Z,https://www.trustpilot.com/review/aspcapetinsurance.com?page=3
aspca,68e15b951a5d420f330b654d,5,Outstanding Experience!,"I recently signed up with ASPCA Pet Insurance, and I can honestly say the experience has exceeded my expectations. From the very start, their customer service has been exceptional — every representative I’ve spoken with has been kind, knowledgeable, and well-trained, making me feel supported and valued as a customer.

Their website and mobile app are incredibly user-friendly, which has made submitting and checking on claims a breeze. I’ve been able to upload documents, track the status of my claims, and get updates quickly and easily.

Most impressive of all, they are quick and efficient when it comes to processing claims — no long waiting periods or frustrating back-and-forth. It’s clear that this company truly cares about pets and their people.

I’ve had such a great overall experience that I felt compelled to share it. If you’re considering pet insurance, I highly recommend ASPCA Pet Insurance for their professionalism, compassion, and top-notch service.",1,False,False,2025-10-04T00:00:00.000Z,2025-10-04T19:38:29.000Z,https://www.trustpilot.com/review/aspcapetinsurance.com?page=3
aspca,68e0073eac1d5fad06bc68b4,1,TERRIBLE PET INSURANCE COMPANY,"ASPCA is a terrible pet insurance company. My pet was injured in an accident and both of her back legs stopped working. I had the accident insurance and they claimed that even though the injury was caused by an accident, it was not covered because she is a french bulldog. I went through multiple rounds of calls with them and they did not budge. Ended up cancelling with them. DO NOT RECOMMEND",3,False,False,2025-10-03T00:00:00.000Z,2025-10-03T19:26:22.000Z,https://www.trustpilot.com/review/aspcapetinsurance.com?page=3
aspca,68dc53ef5eee969d64d2ffd6,1,The worst experience ever.,"The worst experience ever.

we paid 131.96 a month for 12 months, and finally put in a claim, it was just our once a year visit, normal Exam, blood test, preventative care... which I added, for one cat, and they only paid 175 out of a 1017.00 Vet bill, no extras, no frills... so we paid 1575.00 to get no real preventative care at all. ",2,False,False,2025-09-29T00:00:00.000Z,2025-10-01T00:04:31.000Z,https://www.trustpilot.com/review/aspcapetinsurance.com?page=3
aspca,68da7fdd6455c7419f725753,1,Don’t bother,Don’t bother. They didn’t cover anything at all. Appealed it and only got a letter saying it wasn’t covered - including the general exam. Save your money for the vet bill instead of paying this no good insurance. ,2,False,False,2025-08-07T00:00:00.000Z,2025-09-29T14:47:25.000Z,https://www.trustpilot.com/review/aspcapetinsurance.com?page=3
aspca,68d2c23197f11360afc3c0cd,1,My dog,"My dog, recently got hit by a car. I submitted the correct paperwork, the emergency vet contact information. Called the emergency vet and the vet place  also stated they submitted the paperwork twice and ASPCA is still stating they are going to deny my claim if the correct paperwork isn’t submitted. Nothing more we can do. Don’t go with this pet insurance place. Not acceptable experience. ",2,False,False,2025-09-23T00:00:00.000Z,2025-09-23T17:52:17.000Z,https://www.trustpilot.com/review/aspcapetinsurance.com?page=3
aspca,68d03e45ff9b99cbfc9b270a,5,I always have a very positive…,I always have a very positive experience with this company.,0,False,False,2025-09-20T00:00:00.000Z,2025-09-21T20:04:53.000Z,https://www.trustpilot.com/review/aspcapetinsurance.com?page=3
aspca,68cdef9509c98d76ac40ae40,2,The responses I have gotten.,"The responses I have gotten.. I added a pet months ago, paid for the year, did so thru the app but he is not there. I used a different email, shouldn’t be a problem, it is, I’ve called numerous times emailed numerous times only to be told it will be taken care of immediately and available in a few days, they would be in the same account….. STILL NOT ON THE SAME ACCOUNT! How difficult is it? I verified all my information and I’m so over this insurance. I can’t submit claims due to this. Look elsewhere. ",1,False,False,2025-09-02T00:00:00.000Z,2025-09-20T02:04:37.000Z,https://www.trustpilot.com/review/aspcapetinsurance.com?page=3
aspca,68c9e331fc3ea86d521a22b5,1,They nickel and dime every single claim and don't expect 90% back.,They nickel and dime every single claim that is sent in. They do not reimburse 90% of the bill. They decide how much is allowable for your area then they give you that amount back. So don't expect to get back the 90% they say you get back. They will raise your premium every other year but when it comes down to paying out you need to jump through hoops. I used to recommend this company but not anymore. ,1,False,False,2025-09-10T00:00:00.000Z,2025-09-17T00:22:41.000Z,https://www.trustpilot.com/review/aspcapetinsurance.com?page=3
aspca,68c9995dbc98003a3e19eba8,1,They are horrible,"They are horrible. I have sent in multiple review requests and tried to email for explanations. I have had the vet send in information, but they have not responded to any of the emails. They have been happy to take my money for absolutely nothing and IGNORE ME.",0,False,False,2025-04-16T00:00:00.000Z,2025-09-16T19:07:41.000Z,https://www.trustpilot.com/review/aspcapetinsurance.com?page=3
aspca,68c6b67fc9b869780121b5fc,5,I love this insurance so far,"I love this insurance so far. They have taken care of both wellness visits for my pup and kitten. The reimbursements were in my bank within days! Thank you for the piece of mind, ASPCA!",1,False,False,2025-09-14T00:00:00.000Z,2025-09-14T14:35:11.000Z,https://www.trustpilot.com/review/aspcapetinsurance.com?page=3
aspca,68bf2f1c2454cdc33c64cd82,5,We are very happy with the coverage we…,We are very happy with the coverage we have for our kitty. The claims process is also easy and smooth. We can relax knowing that our pet is cared for.,1,False,False,2025-08-26T00:00:00.000Z,2025-09-08T21:31:40.000Z,https://www.trustpilot.com/review/aspcapetinsurance.com?page=3
aspca,68bf293df3ed955cc1d8a69b,1,Don’t Buy ,It is terrible denied my claim because they said his symptoms started in the waiting period where I had already paid for the insurance but was not covered???? Even though it did not and I don’t know what that information is coming from seems like a scam do not recommend waisted 100 dollars for the months I’ve been on not to mention it took them a month to process my claim said I needed two years of vet history or my claim would be denied when I just got the dog a couple of months ago ,1,False,False,2025-09-08T00:00:00.000Z,2025-09-08T21:06:37.000Z,https://www.trustpilot.com/review/aspcapetinsurance.com?page=3
aspca,68be09c0184a259a6c86317b,1,Unsatisfied Service I keep sending all required medical…,"I keep sending all required medical records for Sabrina. However, I continually get emails that you haven’t received them and eventually have my claim denied!",0,False,False,2025-09-02T00:00:00.000Z,2025-09-08T00:40:00.000Z,https://www.trustpilot.com/review/aspcapetinsurance.com?page=3
aspca,68bd78dfd5e94d7895e4a42e,5,Quick response and great customer…,Quick response and great customer service ,0,False,False,2025-09-02T00:00:00.000Z,2025-09-07T14:21:51.000Z,https://www.trustpilot.com/review/aspcapetinsurance.com?page=3
aspca,68bb4b5e95e09ea0f6b13908,1,Denied my claim,Denied my claim. Hard to cancel. The calls are not going through. Avoid and go to a reputable company. This is an offshore scam company probably. ,0,False,False,2025-07-08T00:00:00.000Z,2025-09-05T22:43:10.000Z,https://www.trustpilot.com/review/aspcapetinsurance.com?page=4
aspca,68bae70912d89f32b711395d,2,App Doesn't Work@,The ASPCA app simply stopped working!!!!!  How can any company that requires you to file claims get away with not having a working app????  Now I have to snail mail everything!!!,0,False,False,2025-09-04T00:00:00.000Z,2025-09-05T15:35:05.000Z,https://www.trustpilot.com/review/aspcapetinsurance.com?page=4
aspca,68b9be8d688ac3b632ca5365,2,Claim denied,I took my new kitten in for her first vet visit. The wellness claim was denied as well ass her bloodwork for feline check up. The claim reviewer would not accept the detailed explaination sent in by our vet clinic. A wellness exam was covered for the dog but not for my 3 cats. I am not impressed with this insurance.,0,False,False,2025-08-11T00:00:00.000Z,2025-09-04T18:30:05.000Z,https://www.trustpilot.com/review/aspcapetinsurance.com?page=4
aspca,68b84619c94ee40366fd4c49,5, very positive experience…,"I’ve had a very positive experience with ASPCA. They have never denied a claim, never asked me to provide extra documents, and never created any unnecessary fuss. Every claim I’ve submitted has been processed quickly—usually within a week to 10 days. The process is simple, straightforward, and reliable. It’s reassuring to know I can count on them when I need support.",0,False,False,2025-09-02T00:00:00.000Z,2025-09-03T15:43:53.000Z,https://www.trustpilot.com/review/aspcapetinsurance.com?page=4
aspca,68b6f86e33e43443d0fbea06,5,Quick response,Quick response. Accurate. Caring personnel. ,0,False,False,2025-09-02T00:00:00.000Z,2025-09-02T16:00:14.000Z,https://www.trustpilot.com/review/aspcapetinsurance.com?page=4
aspca,68b6620992379278a4a101c6,5,Selecting the right insurance and monthly cost,It was very easy to determine how much insurance coverage I want on my pet. Your insurance selection Also lets you know how much you will be paying each month. ,0,False,False,2025-08-25T00:00:00.000Z,2025-09-02T05:18:33.000Z,https://www.trustpilot.com/review/aspcapetinsurance.com?page=4
aspca,68b4a605cf0df1ed85feed2a,5,Friendly helpful,Friendly helpful ,0,False,False,2025-08-26T00:00:00.000Z,2025-08-31T21:44:06.000Z,https://www.trustpilot.com/review/aspcapetinsurance.com?page=4
aspca,68b4a0919b2e070c3de2da59,1,"Medications, yes or no??",I have had a problem with my claim when I turned it in I gave them all my receipts but they only accepted one day and I went to the vet for months come to find out they didnt accept my medications but in the policy it says it does so my question is do they accept medications or not???,0,False,False,2025-08-22T00:00:00.000Z,2025-08-31T21:20:49.000Z,https://www.trustpilot.com/review/aspcapetinsurance.com?page=4
aspca,68b4846663a415dc03b2301d,5,ASPCA has been an absolute gift to us…,ASPCA has been an absolute gift to us and our English Bulldog Lilly Tallulah.  She has required a lot of medical care in her 6 1/2 years. We have submitted every bill from the doctors and ASPCA has paid very quickly.  We have them do a direct deposit. ,0,False,False,2025-08-26T00:00:00.000Z,2025-08-31T19:20:38.000Z,https://www.trustpilot.com/review/aspcapetinsurance.com?page=4
aspca,68b44fe17f25907fafce6fa0,5,The staff has always been helpful on…,The staff has always been helpful on the phone and setting up my new kitten account went smoothly. ,0,False,False,2025-08-26T00:00:00.000Z,2025-08-31T15:36:33.000Z,https://www.trustpilot.com/review/aspcapetinsurance.com?page=4
aspca,68ae59cc280da9ce890ee031,5,Personalized and caring assistance,"Timely review and processing of our pet claims. Additionally, over the years when had we lost our beloved Griffin & Dax, ASPCA provided support with cremation services as well as heartfelt condolences thru sympathy cards. Meant a lot. ❤️🐾",1,False,False,2025-08-26T00:00:00.000Z,2025-08-27T03:05:16.000Z,https://www.trustpilot.com/review/aspcapetinsurance.com?page=4
aspca,68add766a0bb17c0dc1b001c,3,When they get it wrong it's on you,"Most of the time, I'm happy. But... the website is clunky and makes filing claims more trouble than it needs to be. Second, they sometimes ask for more information on a claim, saying the required information is not present on the invoice submitted. When, in fact, it is. I don't know if humans or computers are missing the details, but I submit invoices in the exact same format from the same provider and they just sometimes can't find what they need. (P.S. They will not tell you exactly what they need. It's a guessing game.) When you contact them using the contact method they provide, you get no response. Wait another 10+ days and they will automatically deny your claim, meaning you get to start over. (It is also a guessing game when they deny a claim, as they just tell you to read your policy.) So, their website is sorely in need of modernization and their customer service is... well, it's piss-poor. Piss. Poor.",0,False,False,2025-08-26T00:00:00.000Z,2025-08-26T17:48:54.000Z,https://www.trustpilot.com/review/aspcapetinsurance.com?page=4
aspca,68adb7e82dcfa0462af9c14c,5,Easy to use,"Easy to use, claims are quick so long as proper invoice and records are provided and the treatment is covered in your plan.  Really helpful in emergency cases",0,False,False,2025-08-26T00:00:00.000Z,2025-08-26T15:34:32.000Z,https://www.trustpilot.com/review/aspcapetinsurance.com?page=4
aspca,68acf1b7b51a6bdbe4670f38,1,Useless customer service,"Useless customer service. I pay for the preventative care on top of the accident 
/illness. Had a claim processed just fine a couple months ago. Had to have dental for my pet due to some gum issues which should have counted. I should’ve at least gotten $100 toward a cleaning at the with the preventative coverage. Whole claim was denied outright because I couldn’t produce medical records from YEARS before I got my pet. Calling customer service just got me a headache of a man who couldn’t remember the species of my pet or my name AND kept repeating the same reasoning over and over again despite any answer I gave him. Save your time and money. ",0,False,False,2025-08-24T00:00:00.000Z,2025-08-26T01:28:55.000Z,https://www.trustpilot.com/review/aspcapetinsurance.com?page=4
aspca,68acb38d923c30a4bcb772c7,2,Slow to process claims ,"Service is slow and getting slower.It used to be excellent but their people are incompetent and can’t understand or communicate.Dont go with them,find others that actually have American speaking representation.My schnauzer had bladder stones early on so I am trapped and can’t switch because that is now considered a preexisting condition.I could go somewhere else but she wouldn’t be covered with bladder stone issues.Sort of a catch 22 for us",0,False,False,2025-08-19T00:00:00.000Z,2025-08-25T21:03:41.000Z,https://www.trustpilot.com/review/aspcapetinsurance.com?page=4
aspca,68ab2fadc7cc05de774235e3,5,good and easy,good and easy,0,False,False,2025-08-19T00:00:00.000Z,2025-08-24T17:28:45.000Z,https://www.trustpilot.com/review/aspcapetinsurance.com?page=4
aspca,68ab278a024fb947b806d040,5,I’ve had this insurance for years and I…,I’ve had this insurance for years and I always receive hassle free coverage and excellent response times,0,False,False,2025-08-19T00:00:00.000Z,2025-08-24T16:54:02.000Z,https://www.trustpilot.com/review/aspcapetinsurance.com?page=4
aspca,68a9d7d69ef5eddc6bbd8fb9,1,Close my account!,I called in and tried to change my email and was told I had to do it online. But I needed my email address to login. I finally got someone on the phone who changed it for me. Then I tried to submit claims. Good luck! All the hassle to get a $50 check with all the claims I submitted after a year. Not worth all the hassle. Plz close my account.,0,False,False,2025-08-01T00:00:00.000Z,2025-08-23T17:01:42.000Z,https://www.trustpilot.com/review/aspcapetinsurance.com?page=4
aspca,68a8a1858248d1f46efcff86,1,Really terrible service,Really terrible service. They find ways to make you jump through hoops to not get compensation,0,False,False,2025-08-22T00:00:00.000Z,2025-08-22T18:57:41.000Z,https://www.trustpilot.com/review/aspcapetinsurance.com?page=4
aspca,68a5f26e248d60498f3d5890,1,This pet insurance was the worst experience!!!,"This pet insurance has been the worst experience so far. I've had nothing but trouble when trying to use it. They always claim it's a pre-existing condition. My teacup Pomeranian has short legs, which means when he jumps too high, he dislocates his kneecap (luxating patella). The vet says he needs surgery to stabilize the knee joint after a tear of the cranial cruciate ligament, and that surgery costs $3,800. But this insurance company denied my claim, saying it was a pre-existing issue. It's so frustrating to pay for insurance all year, and then when you actually need it, they just won't cover anything. I definitely don't recommend this pet insurance. They only care about the money and don’t seem serious at all!",0,False,False,2024-09-05T00:00:00.000Z,2025-08-20T18:06:06.000Z,https://www.trustpilot.com/review/aspcapetinsurance.com?page=4
aspca,68a540ed6db12aff09eef309,1,Used to be decent,The policy changed hands to another company and is terrible now. The total monthly premium costs the same amount as the deductible. And there is a very low limit for coverage annually. I’d be paying out $1400 annually for a $2500 limit of coverage. It honestly makes more sense to just put the money in a savings account every month.,0,False,False,2025-08-19T00:00:00.000Z,2025-08-20T05:28:45.000Z,https://www.trustpilot.com/review/aspcapetinsurance.com?page=5
aspca,68a496d98be7af0e767d9048,5,ASPCA always goes above and beyond,"ASPCA always goes above and beyond.  After rushing to ER with our older guy, and ultimately having to put him down, I submitted all of the invoices next day. Clearly not thinking straight I failed to get/include the itemized items that were needed.  No worries.  ASPCA handled every bit of it, and in their usual efficient and speedy way.  As fate would have it, within a week, a rescue was given to us.  A pup.  And of course, ASPCA will be her coverage.  They are amazing and we are so grateful to them!",0,False,False,2025-07-26T00:00:00.000Z,2025-08-19T17:23:05.000Z,https://www.trustpilot.com/review/aspcapetinsurance.com?page=5
aspca,68a48598e11aa34c6a89befe,5,The website is very easy to use and…,The website is very easy to use and claims are processed in a timely manner.,0,False,False,2025-08-19T00:00:00.000Z,2025-08-19T16:09:28.000Z,https://www.trustpilot.com/review/aspcapetinsurance.com?page=5
aspca,68a47c6c6eab60f852020f7f,5,Excellent customer service!,Excellent customer service ,0,False,False,2025-08-19T00:00:00.000Z,2025-08-19T15:30:20.000Z,https://www.trustpilot.com/review/aspcapetinsurance.com?page=5
aspca,68a39794af793d0a5096b230,1,This insurance company is horrible,"This insurance company is horrible. I submitted a claim for a sore right leg on my dog, they declined it do to a prior injury. Absolutely false.
They will look for reasons to not pay out. Take my advice, when it comes to your best friends health and the cost of treatments, stay away, no one deserves this aggrivation
",0,False,False,2025-08-01T00:00:00.000Z,2025-08-18T23:13:56.000Z,https://www.trustpilot.com/review/aspcapetinsurance.com?page=5
aspca,68a28736acf65febab03bf49,5,The process is seamless and easy,The process is seamless and easy. All question were answerer.,0,False,False,2025-08-12T00:00:00.000Z,2025-08-18T03:51:50.000Z,https://www.trustpilot.com/review/aspcapetinsurance.com?page=5
aspca,68a269515e1778d9d32e45bb,1,do not use aspca!!!,my dog was prescribed a year long prescription for a particular diet food to treat crystals in her urine that caused bleeding and pain. she also only needs to have annual blood work per the veterinarian. aspca insurance denied medical food claim because they claim did not have enough medical records. this is not true. all of the documentation before the prescription and after were provided to aspca. i appealed the decision and waited over 2 months to hear back. nothing. i called and they re-opened the claim and i have to wait another 2 months for the decision. why do i have to wait and appeal if she has an active prescription and they have all the documentation to support this. do not use them for your fur babies. ,0,False,False,2025-06-04T00:00:00.000Z,2025-08-18T01:44:17.000Z,https://www.trustpilot.com/review/aspcapetinsurance.com?page=5
aspca,68a1ecfd82fbcd8286f22976,5,Easy to enroll my Zimba on the…,"Easy to enroll my Zimba on the insurance program. 
",0,False,False,2025-08-12T00:00:00.000Z,2025-08-17T16:53:49.000Z,https://www.trustpilot.com/review/aspcapetinsurance.com?page=5
aspca,68a1c6f895f5238b4c01db22,1,search elsewhere ,"unfortunately, most of my pets claims are being denied- I will
be looking for a different insurance company ",0,False,False,2025-08-12T00:00:00.000Z,2025-08-17T14:11:36.000Z,https://www.trustpilot.com/review/aspcapetinsurance.com?page=5
aspca,689cc93e72a4325c43075091,1,Extremely poor coverage and vague…,"Extremely poor coverage and vague descriptions of coverage and services. My daughter’s cat recently had surgery for a serious condition amounting to $7000. Her policy with ASPCA did not cover anything! Their reasoning was pre-existing condition and uncurable condition. Neither of which was stated in their policies. I believe that this insurance is a scam! If it is associated with the ASPCA organization, I would never give my money to their organization. Horrible!",0,False,False,2025-08-12T00:00:00.000Z,2025-08-13T19:19:58.000Z,https://www.trustpilot.com/review/aspcapetinsurance.com?page=5
aspca,689bd7dd60c0861b9b0d63e8,5,I now gave 3 dogs on ASPCA,"I now gave 3 dogs on ASPCA.  I tried a different insurance for my puppy that is a rescue.  I went with the insurance the rescue recommended, not nearly as organized as ASPCA.  I thank you for helping me with my Senior, adult and puppy with peace of mind.  ",0,False,False,2025-08-12T00:00:00.000Z,2025-08-13T02:10:05.000Z,https://www.trustpilot.com/review/aspcapetinsurance.com?page=5
aspca,689b569b826e7bc477c83731,1,Zero communication during the claim…,"Zero communication during the claim process. Good luck if ther is an issue because they will give you the run around. I have provided the medical records multiple times in the same email thread and seperate medical records email that is on their site.Reconds that were already confirmed there now they can not locate. This has been going on for a month+. Once sending another email you do not get any communication unless you call and it always feels like starting from zero with the rep. I would give them lower rating if I could. After my policy is up I plan on looking elsewhere. 

I just want closure for my pet that passed but is making the process far worse.",1,False,False,2025-08-12T00:00:00.000Z,2025-08-12T16:58:35.000Z,https://www.trustpilot.com/review/aspcapetinsurance.com?page=5
aspca,689b53ec0fa12a07075f182e,1,I feel very misled and scammed,"They claimed that my pet's condition was pre-existing when it absolutely was not, then didn't give me a space to fight it. Also the ""preventative care"" is an absolute joke, the reimbursement amounts for preventative are so small, even smaller than the monthly bill depending on which plan you're on. Avoid this pet insurance at all costs, I feel taken advantage of and I'm writing this to hopefully help someone else not make the same mistake I made by going with this company.",0,False,False,2025-08-12T00:00:00.000Z,2025-08-12T16:47:08.000Z,https://www.trustpilot.com/review/aspcapetinsurance.com?page=5
aspca,689b30d31270e08ecfc9bfbb,5,They made the experience easy,They made the experience easy ,0,False,False,2025-08-12T00:00:00.000Z,2025-08-12T14:17:23.000Z,https://www.trustpilot.com/review/aspcapetinsurance.com?page=5
aspca,6899fd67b8ead67034aff2d2,5,Peace of mind,"It's easy to file a claim and we are reimbursed in a timely manner. 
Customer service has always been able to help with questions and concerns.",0,False,False,2025-07-29T00:00:00.000Z,2025-08-11T16:25:43.000Z,https://www.trustpilot.com/review/aspcapetinsurance.com?page=5
aspca,68992d23a2fdbe9ef32e4efd,5,"Quick, consistent reimbursement with an easy claim process","I've had pet insurance for decades, before 30 companies discovered the ""new"" market and jumped in.  I debated changing from 10 years of Embrace (excellent company) to ASPCA. But as we are retired now, the equivalent coverage, with a lower premium, decided me.  I did worry that service wouldn't be as good. But ASPCA has been great!   

At age one, my healthy Dane suddenly developed EPI.  (His pancreas doesn't make the enzymes required to digest food.)  He needs (expensive!) enzymes added to each meal - or he will starve.  We buy enzymes every two months, and each claim is very quick, easy, and covered! Our premium went up 30% at age three. And will, as is normal, increase again as he ages. But I feel it is currently proportionate and a fair price for the risk and coverage. 

 Our big boy is happy and active. :)  And, with ASPCA's help, we can afford to keep him that way (without starving ourselves to pay the cost). I've been active in both showing and rescue for years. And now I tell every pet owner I meet to ""get ASPCA - ASAP""! ",0,False,False,2025-06-13T00:00:00.000Z,2025-08-11T01:37:07.000Z,https://www.trustpilot.com/review/aspcapetinsurance.com?page=5
aspca,6898b965b804092b9c68859f,5,Very easy to join,Very easy to join. I hope it will be as easy throughout my subscription with you.,0,False,False,2025-08-05T00:00:00.000Z,2025-08-10T17:23:17.000Z,https://www.trustpilot.com/review/aspcapetinsurance.com?page=5
aspca,6898b0a7a7a4a780838e60e3,5,Excellent service!,Excellent service!,0,False,False,2025-08-05T00:00:00.000Z,2025-08-10T16:45:59.000Z,https://www.trustpilot.com/review/aspcapetinsurance.com?page=5
aspca,68976a288fe69f8ee4cd3f5a,2,I haven't used it yet so I don't know,"I haven't used it yet so I don't know. I've heard they pay out but I also read some horrible reviews. I don't know yet. However, I do know that they email you until you actually review them. And considering they're not a pet insurance agency & they're owned by 1 of the largest big equity firms in the world, I get it. Its PR. Hopefully if I need them, they will reimburse me. But again it's America & big equity. They don't care. Just try to keep your babies safe. ",0,False,False,2025-08-01T00:00:00.000Z,2025-08-09T17:32:56.000Z,https://www.trustpilot.com/review/aspcapetinsurance.com?page=5
aspca,68929f51eb905521ffc296ba,4,Prompt efficient processing of my claim.,Prompt efficient processing of my claim. I was a taken back by the increase in plan monies over the previous year a little. Great service for our dog.,0,False,False,2025-08-05T00:00:00.000Z,2025-08-06T02:18:25.000Z,https://www.trustpilot.com/review/aspcapetinsurance.com?page=5
aspca,689202621238c5a30c2019d8,5,Quick Response,"Quick Response, Easy form submission, and rapid payment.",0,False,False,2025-08-05T00:00:00.000Z,2025-08-05T15:08:50.000Z,https://www.trustpilot.com/review/aspcapetinsurance.com?page=6
aspca,6891fcc27ed34601ef046177,5,ASPCA Pet Insurance is the best!,"Not only is ASPCA a rescue organization, but their pet insurance is phenomenal.  You get to choose your plan and price based on your pet's needs. Claims processing times are quick and reimbursement is accurate.  We've had ASPCA pet insurance off and on for the last 20 years.  There is no better insurance for your pet.  We've recommended ASPCA pet insurance to multiple friends and family in this past year alone.  We feel grateful to have ASPCA on our side.",0,False,False,2025-08-05T00:00:00.000Z,2025-08-05T14:44:50.000Z,https://www.trustpilot.com/review/aspcapetinsurance.com?page=6
aspca,688cad8fa31689a5f7e5d085,1,Save your money,"Save your money, for what the premiums are and what they actually pay, you are better off putting that monthly premium aside to cover future care, you are going to have to pay it anyway, because the coverage is awful.",0,False,False,2025-07-31T00:00:00.000Z,2025-08-01T14:05:35.000Z,https://www.trustpilot.com/review/aspcapetinsurance.com?page=6
aspca,688bfd9f32ef7cf17aa82ff5,5,I saw savings immediately,I saw savings immediately! It is easy to file a claim and the turnaround time is very fast and the reimbursement goes right into my checking account. Couldn't be more user friendly! Highly recommend ASPCA!!!,0,False,False,2025-07-29T00:00:00.000Z,2025-08-01T01:34:55.000Z,https://www.trustpilot.com/review/aspcapetinsurance.com?page=6
aspca,688abd46cb96ae660162b4fb,5,I have had ASPCA Pet Health Insurance…,I have had ASPCA Pet Health Insurance for over three years now and just added another rescue to my policy. The Monthly Payment is very reasonable and the payout after the deductible is met is paid quickly to me. I have had minimal expenses but it is great to know that if something were to happen my expenses will be covered. Thank you ASPCA Pet Health Insurance,0,False,False,2025-07-28T00:00:00.000Z,2025-07-31T02:48:06.000Z,https://www.trustpilot.com/review/aspcapetinsurance.com?page=6
aspca,6882878a5e0ae9a71bc5af20,5,the girl in billing was so nice and…,"the girl in billing was so nice and helpful, she even called me back about 3 times to let me know they were going to refund some of my money for a deceased dog   You guys are the best",0,False,False,2025-07-24T00:00:00.000Z,2025-07-24T21:20:42.000Z,https://www.trustpilot.com/review/aspcapetinsurance.com?page=6
aspca,688280b01fe56d4c3cd85dd0,5,I haven't used the health insurance…,I haven't used the health insurance very much. I just got a new puppy so I just insured her also. I had the preventive insurance for my other dog but I can't afford it for both dogs. So I am getting accident and illness health insurance for both and it is costing me less than the preventive for the one dog.,0,False,False,2025-07-24T00:00:00.000Z,2025-07-24T20:51:28.000Z,https://www.trustpilot.com/review/aspcapetinsurance.com?page=6
aspca,688276c0ceb6061ee0b9ba3a,1,Completely unhelpful customer service…,Completely unhelpful customer service and did not solve my concern at all. I called and emailed asking why 10% was not applied for adding a second dog and all they said was that the discount was applied. I asked for an invoice detailing that discount being applied and they did not know what to do and kept saying that the discount was applied. A total scam. ,0,False,False,2025-07-24T00:00:00.000Z,2025-07-24T20:09:04.000Z,https://www.trustpilot.com/review/aspcapetinsurance.com?page=6
aspca,68813eeaeb41ada5b96c3adf,1,I very disappointed in this company my…,I very disappointed in this company my one year old English bulldog ended up with aspiration pneumonia and was very sick . We took him to an animal hospital because he started vomiting on a Sunday and his vet office was closed. They kepted telling us how Expensive the bill was going to be we understood all of that told them he had insurance they were happy to know that. He had one overnight stay and had to be in an oxygen box to help with his breathing.  We found comfort in knowing we had him on insurance when this happened only when I submitted everything and it was denied for us to get anything back. We was going to renew his policy but not after finding out that won't cover any of this bill!!! Update I have called them very Frustrated wondering why and the lady informed me that they needed a an invoice of every single thing and was charged. Well that was the one thing I didn't have so then I had to call the animal hospital and they sent it email to me and I emailed that to them have yet to hear if they're going to do anything with that since they claimed that was the reason they denied our claim.,0,False,False,2025-07-21T00:00:00.000Z,2025-07-23T21:58:34.000Z,https://www.trustpilot.com/review/aspcapetinsurance.com?page=6
aspca,687e68216f9b482fc7ef17e7,1,Hidden 49% Rate Hike After Filing Claim,"I’ve been a customer of ASPCA Pet Insurance (administered by PTZ, underwritten by Independence American Insurance Co.) for several years through an employee discount. I filed my first major claim this July after my dog became seriously ill. Less than 24 hours later, I received a vague email saying I should “review my renewal plan.” After digging through menus in the Member Center, I discovered my annual premium was being increased from $776 to $1,156 — a 49% increase.

ASPCA’s policy and marketing materials explicitly state: “Your rate will never change because of your pet’s claim history no matter how many claims you submit.” Yet this massive increase was communicated THE DAY AFTER I filed a $1,500 claim.

When I reached out for an explanation, I received a canned response: the increase was not due to my claim, but due to how “pet parents overall"" are spending more. ""When pet parents spend more than we expect, we have to increase our rates to help us balance the cost."" No breakdown, no actuarial justification, no transparency. 

For reference:
    •    Industry average annual premium increase is 12–15%, according to NAPHIA.
    •    ASPCA’s new premium puts me 70% above the national average for dog insurance.
    •    No change in coverage, deductible, reimbursement, or plan structure.

This isn’t just bad service—this is reputational arbitrage. The ASPCA licenses its name to a for-profit insurer, collects a royalty, and lets the insurer quietly exploit the goodwill of the ASPCA brand to gouge customers. It's disgusting.

It's especially frustrating because they did not address the substance of my complaint (including the figures I provided) or answer a single question I asked,  but then ended their email by saying ""our goal is to always provide meaningful support to pet families, and do it in a way that's fair, transparent, and sustainable."" I'm not sure how a 49% YoY increase, while refusing to provide an explanation, aligns with that claim. 

This experience has completely shattered my trust in the ASPCA and I will never donate to them again. I’m filing complaints with the Texas Department of Insurance and have already contacted ASPCA directly. Until they take ownership of these practices, I’d strongly caution any pet owner from trusting this program. ",1,False,False,2025-07-15T00:00:00.000Z,2025-07-21T18:17:37.000Z,https://www.trustpilot.com/review/aspcapetinsurance.com?page=6
aspca,687a8553c22019b09fafe69b,1,Rates keep going up and when you file a…,"Rates keep going up and when you file a claim there is no response. No reimbursment, only excuses. That is why I rather just save the money for when I need to take my boy to the vet. ",1,False,False,2025-07-17T00:00:00.000Z,2025-07-18T19:33:07.000Z,https://www.trustpilot.com/review/aspcapetinsurance.com?page=6
aspca,68782e2d4824ceca4e804c75,1,Do not trust them or believe their BS…,"Do not trust them or believe their BS advertising. They have denied my last two claims. 

1) they deny the entire claim because they said my dog's ear infection was pre-existing even though they looked at his ear but didn't do anything and didn't diagnose it until after I had coverage AND it was only part of the visit. But because he was even part of the visit they denied the entire claim. 

2) Now they've denied a wellness check and a 6-month vaccination which states on the first page of the app reminding you to get wellness checks and that it's covered as well as vaccinations. No explanation why they denied it. Just denied. I am appealing it but most likely won't be covered. 

I paid in full and will absolutely not stay with them at the end of my term. ",2,False,False,2025-07-16T00:00:00.000Z,2025-07-17T00:56:45.000Z,https://www.trustpilot.com/review/aspcapetinsurance.com?page=6
aspca,6877e6e0a273a6870197cb27,1,I am giving the lowest star possible…,I am giving the lowest star possible because after reading the reviews I have decided this is not a good pet insurance company who nickle and dimes you to death and won't keep their end of the bargain. I will find something more trustworthy than this one for sure. Thank you everyone for your reviews and alarming other consumers such as myself. ,2,False,False,2025-07-16T00:00:00.000Z,2025-07-16T19:52:32.000Z,https://www.trustpilot.com/review/aspcapetinsurance.com?page=6
aspca,68749c1927694b274cbe9c3f,1,A rich company happy to charge unauthorized charges ,"I already spoke to customer service as me tioned below and no help.

I started a plan for my senior dog for 125 per month. I received NO communications about this policy and thought policy expired. Instead I came to find they had continued to charge me AND STARTED CHARGING 250 monthly. There is a years worth of charges totalling 3000!!! That kind of money is more than enough to cry about. I never filed a single claim as I though it was cancelled. I spoke to customer service - they offered zero refund. A rich company scamming. Trust broken.",1,False,False,2025-07-10T00:00:00.000Z,2025-07-14T07:56:41.000Z,https://www.trustpilot.com/review/aspcapetinsurance.com?page=6
aspca,687071adcdf7aec37749a8a7,1,Disappointed in ASPCA PET INSURANCE ,"I have been an ASPCA customer for over 2 decades.  They used to be wonderful & I sung their praises in prior reviews.  Now, I will never donate to The Guardian Plan, nor will I carry my pet insurance with them ever again.  Not trusting The Guardian Plan???  It is difficult for me to reach that point, but they earned my distrust over the last few years.  I love animals & will continue to do things that support rescue efforts, but it will never happen via the ASPCA ever again.  I have been a pet insurance policy holder for well over 2 decades & I now see that greed is the driving force.  I work in a management capacity with a large international company & I know that profits are massively important.  I also know that integrity should always be at the forefront of anything that a corporation does, so that we maintain the trust & transparency that any customer needs, in order to maintain a positive relationship.  The ASPCA’s repeated failures to keep my trust have led to me canceling my partnership with them with regard to both my insurance coverage and my Guardian Plan participation.  It saddens me to pull my financial support from an organization that I once felt deeply held the same convictions towards the protection of animals that I hold dear.  I attempted to express my displeasure on some direct phone conversations.  I felt that it was important for me to speak to someone personally so that I might properly express where I was coming from.  I was met with some very polished “Corporate Talk.”  I was impressed by the resources that had obviously been utilized to prepare their customer service staff to rebuke the kinds of poor customer service that they were providing.  They clearly felt their money was much better spent on training their customer service staff to provide spin for the concerns that their customers brought forth, rather than just paying out on the claims that their customers had been paying for over the course of years.  I felt it was important for me to share my experience so that someone else, who may be relying on the organization to hold true to their word, might not have the rug pulled out from under them.  It may not sound like it from this review, but it really does sadden me to see how a once good organization no longer lives up to their promises. ",4,False,False,2025-07-10T00:00:00.000Z,2025-07-11T04:06:37.000Z,https://www.trustpilot.com/review/aspcapetinsurance.com?page=6
aspca,686d455ff454010192252755,1,I have paid into this pet insurance for…,I have paid into this pet insurance for a year recently. I visited the vet for the first time for a wellness check for both of my kittens. I have the complete care coverage and the preventative basic and it says no wait time and you don't have to meet a deductible for the wellness check. I paid $300 out of pocket because you have to pay out of pocket before they reimbursed you. Which if I would have known I was going to be denied both claims and had to fight them and still fight them after paying a year into the insurance I would have not put myself dead broke for the month I would have financed better....I would have never paid into this scam. only for them to fight me over. $90 on one and $70 on the other is disgusting They should be ashamed of themselves. It's a rip. So basically I'm paying out of pocket regardless and I would have paid out of pocket without paying a Year's worth of fees. So I'm actually out a s*** ton of money. ,4,False,False,2025-07-03T00:00:00.000Z,2025-07-08T18:20:47.000Z,https://www.trustpilot.com/review/aspcapetinsurance.com?page=6
aspca,686bd0a1e5369c3961c5c5ed,1,Unbelievable,Unbelievable. I paid out for years. I had accidental only yet still paid $50 every month for over 5 years. My dog died suddenly and accidentally but I received zero compensation. Worst pet insurance. They totally scam people. You won’t get anything. ,4,False,False,2025-06-26T00:00:00.000Z,2025-07-07T15:50:26.000Z,https://www.trustpilot.com/review/aspcapetinsurance.com?page=6
aspca,686ba652e4fcaf85a3a8d064,1,Do not use fraudulent company,"I submitted a claim for a critical and necessary surgery—our dog had bone exposed. ASPCA Pet Insurance repeatedly claimed they never received the medical records and closed the claim. I resubmitted everything, only to be told it was now a duplicate—and they closed it again.

This company is a total FRAUD. I’m cancelling my policy immediately. They cheat American consumers and jeopardize the health of our pets with their shady practices and endless runarounds.

ASPCA Insurance, you are a disgrace. The worst insurance company I’ve ever dealt with.",4,False,False,2025-06-22T00:00:00.000Z,2025-07-07T12:49:55.000Z,https://www.trustpilot.com/review/aspcapetinsurance.com?page=6
aspca,685f497e2a3cfd9780bb2f37,5,This is our first time using ASPCA…,This is our first time using ASPCA insurance for our horse and it had been an amazing experience. Claims are easy to process and payment is prompt. I’m impressed.,0,False,False,2025-06-10T00:00:00.000Z,2025-06-28T03:46:38.000Z,https://www.trustpilot.com/review/aspcapetinsurance.com?page=6
aspca,685eb12a99aecc070dd067a5,5,Im going on day 40 of not getting my…,"Im going on day 40 of not getting my reimbursement back, customer service is definitely not great either.",2,False,False,2025-04-29T00:00:00.000Z,2025-06-27T16:56:42.000Z,https://www.trustpilot.com/review/aspcapetinsurance.com?page=6
aspca,6859a1f4cb54ff6074907f8b,1,I have submitted several claims for my…,"I have submitted several claims for my dog now and it always seems to be something as to why they won't cover it. The first one was super frustrating because they said it was a preexisting condition despite my vet literally submitting a document that clarified the actual symptom start date within the coverage period and they still won't cover it. Then the next claim they are saying they won't cover because the Dr isn't on some recommended list that isn't mentioned anywhere in any of the coverage docs... I'm more than a little frustrated and definitely am feeling like the monthly premium I pay for his coverage is a money grab and a waste of my money! 

I also have my horses covered, and just submitted my first claim for one of them, and they are trying to deny coverage because there isn't enough medical history... uh ya they weren't sick or injured so they didn't go to the vet for anything but routine shots... so how could there be medical history other than that? Ridiculous. ",4,False,False,2025-06-02T00:00:00.000Z,2025-06-23T20:50:28.000Z,https://www.trustpilot.com/review/aspcapetinsurance.com?page=7
aspca,68597ed4e5c410ecd7901b63,1,I cannot even get into my account,I cannot even get into my account. It says I have to register and so I try to register. Then it tells me I’m already registered and to sign in so I sign in. Well none of my passwords are working so I clicked forget password. Then it tells me I’m not registered. It’s a pain.,1,False,False,2025-03-18T00:00:00.000Z,2025-06-23T18:20:36.000Z,https://www.trustpilot.com/review/aspcapetinsurance.com?page=7
aspca,68597507e4d13cd6bf5dfc0b,1,Denied claim ,"I submitted a claim in 2024 for my pet’s allergies. I then submitted a claim in 2025 for a visit to the vet for an ear issue. At the same visit, we asked for a new prescription for his allergies. The claim was denied because they state that the ear issues related to his allergies, which is false. I will be dropping the insurance since I’m paying a lot of money every year for claims to be denied. ",3,False,False,2025-04-02T00:00:00.000Z,2025-06-23T17:38:47.000Z,https://www.trustpilot.com/review/aspcapetinsurance.com?page=7
aspca,6855c1554ac47e4428a1e9f7,1,dishonest compmany …,This comp[any has been borderline dishonest trying to block my very legitimate claim. Demanding Medical records for the last 2 years when thy only said the waiting period was seveeral weeks for new claims. I submitted the records which show this is a new claim and they send me emails denying they received them which is a lie they arejust trying to get out of paying a legitimate claim.   allan M. Shanberg MD,3,False,False,2025-06-05T00:00:00.000Z,2025-06-20T22:15:17.000Z,https://www.trustpilot.com/review/aspcapetinsurance.com?page=7
aspca,6855b91307ad030eec8d7239,1,Don't waste your time or money,"ASPCA Pet Insurance has been a complete disappointment. They 𝓭𝓮𝓵𝓪𝔂 processing documentation while simultaneously rushing to deny claims - they denied multiple separate claims, claiming they ""couldn't obtain documentation"" despite my uploading all requested documents the day before the denials were issued.

The timing alone proves they never actually reviewed the documentation I provided. When I had to resubmit everything via email and request reconsideration, it became apparent that this is likely a standard practice to 𝓭𝓮𝓷𝔂 legitimate claims without proper review.

More recently, they've denied additional claims for one of my cats with zero explanation whatsoever - claims that should clearly be covered under the policy terms. When challenged, they 𝓭𝓮𝓯𝓮𝓷𝓭 their inexplicable decisions rather than provide actual justification. If I had the time and resources, I'd 𝓭𝓮𝓹𝓸𝓼𝓮 their executives under oath about these practices.

The pattern is unmistakable: collect premiums, create processing delays, deny first, then defend the indefensible when customers fight back. This isn't insurance - it's legalized theft through bureaucratic obstruction.

For a company trading on the ASPCA name and reputation, its claims handling is disgracefully predatory. It's happy to take your premiums but will use every procedural trick to avoid paying when your pet needs care.

Save yourself the frustration and find an insurer that actually honors its policies -- or better yet, deposit the money you would have spent on premiums into an interest-bearing account and pay yourself back when needed.

ASPCA Pet Insurance appears designed to collect premiums while systematically denying legitimate claims through ""processing errors"" and unexplained rejections.",3,False,False,2025-06-20T00:00:00.000Z,2025-06-20T21:40:03.000Z,https://www.trustpilot.com/review/aspcapetinsurance.com?page=7
aspca,6855b47f206e544223b4844c,1,Changing my insurance when this ends,I am leaving aspca insurance in March when my policy ends. They raised the price to $88 and they only give a small portion back for preventive treatment and dont add it to the deductible.  I spent $1000 for spaying and a tooth removal and got $175 back and gave me 499.30 for my deductible! Couldn't even give me the $500 to meet my deductible. I took my dog back for her second distemper shot and I spent $50 and they denied it. Unless its not preventive care it will not go to the deductible. Im going to join AKC health insurance. Maybe sooner than later. Its easy to put in a claim but im just done giving $88 a month way and only get a Little bit back. Its not worth it! Waste of money.,1,False,False,2025-06-04T00:00:00.000Z,2025-06-20T21:20:31.000Z,https://www.trustpilot.com/review/aspcapetinsurance.com?page=7
aspca,6852c073656dc533f6ff9c5f,1,RUN AWAY,This company does everything in its toolbox to not pay claims. Even when your dog is sick. RUN RUN RUN away. I wish I had chosen another company. What a waste.,2,False,False,2025-06-18T00:00:00.000Z,2025-06-18T15:34:43.000Z,https://www.trustpilot.com/review/aspcapetinsurance.com?page=7
aspca,684f22934d0efc45360faa34,5,Excellent for pets including horses! ,My cat and horse have been insured with this co for many years. I have always been paid promptly and pleased with coverage. Claims are easy. Horse aged out of major medical but here at least you can get accident and colic covered regardless of age. They just covered an expensive surgery on the horse from an accident! Thank you for being great to work with! ,0,False,False,2025-06-10T00:00:00.000Z,2025-06-15T21:44:19.000Z,https://www.trustpilot.com/review/aspcapetinsurance.com?page=7
aspca,684b0cec18061dae72117aa4,1,company is truly a scam…,"This insurance company is truly a scam when it comes to paying out. If it’s routine there’s not a problem. However don’t waste your time, energy, or money on any other plans. They will lie about contacting the vet office, lie about attaching files, lie about calling you back, and lie about what they need. I have been fighting this company for almost two months for insurance I pay for. If I’d just put everything I pay for this in an account I’d have had better luck. The last contact was being promised by a supervisor that multiple people would be written up for lying to a customer and not doing their jobs only to once again have the supervisor lie to us and again not reopen a claim that they had all the information on in the first place. Don’t waste your money. I’ve already sent in complaints to the better business bureau. It’s disappointing that they offer to help and just leave you in a worse spot with more stress when you animal has  injuries . ",1,False,False,2025-05-01T00:00:00.000Z,2025-06-12T19:22:52.000Z,https://www.trustpilot.com/review/aspcapetinsurance.com?page=7
aspca,684aef194fed83c7c49507b0,2,Lack of Communication is a Problem,"I am a newer customer. After reading reviews and comparing plans, we went with the ASPCA plan. We just filed our first claim. 
I cannot believe what a hassle it was. We uploaded all the paperwork. It turns out, ASPCA insurance was calling our vet's office, hounding them for the paperwork I uploaded. So, I uploaded the paperwork again, and again. I emailed them once, and then twice, and then a third time. there is no phone number to contact them. My veterinarian contacted me, VERY angry, to ask me to stop the insurer from HOUNDING them for the paperwork that was ALREADY given to them! Now my vet's office is threatening to drop ME as a client for the incessant harassment from the ASPCA Insurer. 

And again, there is no number to call to talk to a HUMAN. 

They did not even reply to my many emails asking specifically WHAT was needed, so I was left guessing. 

My vet's office said that they recommend Trupanion specifically because of frequent issues like this with ASPCA. 

Based on this, I cannot recommend this insurer. I wish I had known about their very poor service before we signed up, and I will be researching insurers for the future with better service. ",3,False,False,2025-06-09T00:00:00.000Z,2025-06-12T17:15:37.000Z,https://www.trustpilot.com/review/aspcapetinsurance.com?page=7
aspca,684840b09a07c408135b85f3,5,User friendly app and review process,"Easy to use app -  information saved re: vet/ pet hospital in a drop down bar which saves time; easy to attach files. 
 Email received immediately after claim is submitted so you know it’s been received. 
Easy to follow progress of claim review on app, which is nice to follow. 
Time from submission of claim to reimbursement is quite timely, often much more speedy than predicted review time. 
Reimbursement to an account is seamless and timely. ",0,False,False,2025-06-10T00:00:00.000Z,2025-06-10T16:26:56.000Z,https://www.trustpilot.com/review/aspcapetinsurance.com?page=7
aspca,6844a48ce7d2b10037a85d72,1,I do not recommend for Pet Insurance ,"So very disappointed with processing claims , the amount of reimbursement and overall lack of being clear . 
The customer service was great but never could do anything to help. This is not the Pet insurance company they have an underwriter that doesn’t want to pay out claims. When I called to cancel within the first month and mentioned I was so happy I didn’t cancel my other pet insurance I was asked which one and when I said the name she sounded surprised! She actually said “are  you serious?” 
The other company has paid out on all claims and I’ve never had a problem but I wanted an insurance company that would cover Dental well they don’t if there is anything in the pets file stating they had anything tooth problems prior there is a 180 day waiting period.  ",1,False,False,2025-04-15T00:00:00.000Z,2025-06-07T22:43:56.000Z,https://www.trustpilot.com/review/aspcapetinsurance.com?page=7
aspca,683ea038bedcc1a49d859dcf,1,I filed a total of 14 claims,"I filed a total of 14 claims, but they only paid out on a couple of them and only a small amount—$25 out of a $476 claim. I've been with them for two years and recently decided to cancel my policy. I pay over $125 monthly, but I've had no approved claims during this time. This is the worst pet health insurance; I wouldn’t recommend it because they don’t make any payouts!",2,False,False,2025-06-02T00:00:00.000Z,2025-06-03T09:11:52.000Z,https://www.trustpilot.com/review/aspcapetinsurance.com?page=7
aspca,683dec7d1221c5658c779e7a,2,Covered items are being denied constantly-appeals necessary,"The ASPCA has repeatedly denied claims that were covered during the same policy period necessitating several, time consuming, appeals.  I have referred this company to over 100 people over the last 8 years I have had coverage for my dog because the coverage was clear and promptly paid.  Si9nce January, 2025 every claim has been denied.  I am hearing from several people I referred to ASPCA Ins that they have gone elsewhere for the same problem.",2,False,False,2025-03-31T00:00:00.000Z,2025-06-02T20:25:01.000Z,https://www.trustpilot.com/review/aspcapetinsurance.com?page=7
aspca,683c7c94d98bd9c29c302ea2,5,Quick response times to claims.,Quick response times to claims. ,0,False,False,2025-05-27T00:00:00.000Z,2025-06-01T18:15:16.000Z,https://www.trustpilot.com/review/aspcapetinsurance.com?page=7
aspca,683617ac4635b2f245f73e2a,1,I filled out a claim form with all…,I filled out a claim form with all pertinent details but mistakenly used the wrong category for my claim. This shouldn't be an issue because the documents I submitted should prove my pet's conditions. They denied my claim twice without looking into the docs that I sent and I had to go through an appeal process just to get someone to actually READ the claim. Truly disappointed ,1,False,False,2025-05-27T00:00:00.000Z,2025-05-27T21:51:08.000Z,https://www.trustpilot.com/review/aspcapetinsurance.com?page=7
aspca,6835f72cf8e463c627b5d81d,1, Read all the bad reviews first,After reading the unhappy reviews I decided to cancel the policy I applied for 18 days ago.  Even though they claim to return your money 100% if you cancel within 30 days they did not.  Now I will keep shopping for another company.,2,False,False,2025-05-27T00:00:00.000Z,2025-05-27T19:32:28.000Z,https://www.trustpilot.com/review/aspcapetinsurance.com?page=7
aspca,6833ca9f56f9f242074db57d,1,No account number provided,No account number provided ,1,False,False,2025-05-20T00:00:00.000Z,2025-05-26T03:57:51.000Z,https://www.trustpilot.com/review/aspcapetinsurance.com?page=7
aspca,6833976ce6fd601941f54036,1,This insurance is a SCAM,"They will find any reason to deny your claim. I got my dog from the pound and all of his old medical history we could not get ahold of because it was not given to the pound we got it from. We only had the medical records from whenever he was in the pound to whenever we started taking him to the vet. They were trying to deny the claim because they didn’t have any of his records to see if they could prove that it was a “pre-existing condition”. They will try to say that everything your dog has is a pre existing condition. Do not recommend and this is a SCAM. If you do try and call about it, they’ll tell you that they’ll have someone reach out to you but within 3 weeks I never got a single call and any time I would call to get an update they would act like they didn’t know what I was talking about. DO NOT RECOMMEND AT ALL. ",1,False,False,2025-02-20T00:00:00.000Z,2025-05-26T00:19:24.000Z,https://www.trustpilot.com/review/aspcapetinsurance.com?page=7
aspca,68331e2c9fda38959190a89a,3,Canciling ,With the recent rate increase I decided not to continue with the insurance ,0,False,False,2025-05-20T00:00:00.000Z,2025-05-25T15:42:04.000Z,https://www.trustpilot.com/review/aspcapetinsurance.com?page=7
aspca,6830c130d8c5fa875e728801,1,Overly Complicated Claims process and bad Communication,"I have had nothing but trouble with ASPCA. Their communication is poor, their customer service line cannot seem to get it straight was is needed and they do not communicate back to try to resolve an issue. They also say that they have reached out about medical history, but that is not the case. I am so far very unimpressed with ASPCA Pet Insurance",1,False,False,2025-05-23T00:00:00.000Z,2025-05-23T20:40:48.000Z,https://www.trustpilot.com/review/aspcapetinsurance.com?page=8
aspca,6830686f471db5e5527d3f07,1,Company needs major improvement,"While I have had some good claims go through, the most recent one was handled extremely poorly. They will dig through your pet's medical history until they find something they can latch on to and call a preexisting condition. This time it was - VOMITING. Vomiting as a pre-existing condition? That is a symptom of literally everything. When you call and ask for explanations, they can barely speak English let alone explain the reasons why your claim is denied. They will not look at the claim again, just tell you to dispute the claim. I will try but I'm sure it will amount to nothing. As someone who works in customer service, this experience has been less than stellar. A company with ties to the ASPCA that treats its customers and pets this way is sickening. Now I'm scared to leave because my dogs are seniors and need coverage. Very disappointed. 0 stars.",1,False,False,2025-05-23T00:00:00.000Z,2025-05-23T14:22:07.000Z,https://www.trustpilot.com/review/aspcapetinsurance.com?page=8
aspca,682dce688a0a3b6e63bdd194,5,Our little puppy had a broken leg,"Our little puppy had a broken leg, when playing with other dogs at the daycare falling out of a couch, medical expenses where up to the Skyes, at the Vet Hospital we had to Apply for a credit card in order to cover the surgery costs. So, after all this I submitted the claim to the insurance and based on my pet coverage, I was able to cover at least half of the bills, which was more than I expected. I will definitely continue with ASPCA as my little one insurer provider. Thank you.",0,False,False,2025-05-10T00:00:00.000Z,2025-05-21T15:00:24.000Z,https://www.trustpilot.com/review/aspcapetinsurance.com?page=8
aspca,682d17c62f0d9b63f4565e6b,5,Put my mind at ease…,Was easy to select a plan and speak with a agent for quick coverage ,0,False,False,2025-05-20T00:00:00.000Z,2025-05-21T02:01:10.000Z,https://www.trustpilot.com/review/aspcapetinsurance.com?page=8
aspca,682c93f072f33e9f95fe8637,1,I wasted my money on this insurance,"I wasted my money on this insurance, higher deductibles and the claim process is lengthy and no matter how many documents you provide it never gets approved. When you contact them they ask you to send additional documents to their hartvillegroup email and nobody responds. Never again and I wouldn’t recommend it to anyone.",0,False,False,2025-05-01T00:00:00.000Z,2025-05-20T16:38:40.000Z,https://www.trustpilot.com/review/aspcapetinsurance.com?page=8
aspca,682c7e59c791f16198b73389,5,This has already saved me money and…,This has already saved me money and time getting the treatment my dogs have needed. ,0,False,False,2025-05-20T00:00:00.000Z,2025-05-20T15:06:33.000Z,https://www.trustpilot.com/review/aspcapetinsurance.com?page=8
aspca,682b2f8258fbbdff1c610490,1,If there were an option to receive ZERO…,If there were an option to receive ZERO stars I would select that option. Denies claims. Of one claim that was processed on 3/17/2025 payment has not yet been received as of 5/19/25. False advertising when it says payment received within 7-10 business days. Will be filing a formal complaint with the insurance board. ,0,False,False,2025-03-17T00:00:00.000Z,2025-05-19T15:17:54.000Z,https://www.trustpilot.com/review/aspcapetinsurance.com?page=8
aspca,6827e62c229fd0982285bcb8,1,Horrible. Deny claims. ,"Horrible. Accepted us under insurance and then conveniently wouldn't cover claims because of “pre-existing conditions…” despite being undiagnosed for anything. It would have been nice if they told us this before we paid a large sum of money for multiple months. We recieved 0$ despite clearly meeting our deductible… and oh by the way, all the money we spent on those bills did not EVEN count for the deductible… Anyone having these issues just go to AKC as they are only pet insurance that’ll cover “pre-existing” conditions. This also applies to “pre-existing” conditions that are UNDIAGNOSED. DON’T WASTE YOUR MONEY!!!!!",1,False,False,2025-05-15T00:00:00.000Z,2025-05-17T03:28:12.000Z,https://www.trustpilot.com/review/aspcapetinsurance.com?page=8
aspca,6826762bb73e6747554f8ff6,5,So far so good,"So far so good, I've had them for several years and they've never denied a claim. I got my pets covered when they were pretty young though. ",0,False,False,2025-05-15T00:00:00.000Z,2025-05-16T01:18:03.000Z,https://www.trustpilot.com/review/aspcapetinsurance.com?page=8
aspca,6826449ca1c942d6c36a61d4,1,They denied coverage of my pet's ACL…,"They denied coverage of my pet's ACL surgery and treatment claiming it was an illness not an injury. I contacted my veterinarian about this and they claim they have never heard such a ridiculous denial.  ASPCA will not be there for you or your pet, do not recommend the use of this company. Either a lack of knowledge or lack of compassion, very poor experience",0,False,False,2025-04-30T00:00:00.000Z,2025-05-15T21:46:36.000Z,https://www.trustpilot.com/review/aspcapetinsurance.com?page=8
aspca,6824fcb2a211c9026dd73d03,5,This is my first time in over 50…,"This is my first time in over 50 decades of owning an animal, that I've purchased pet insurance.  I'm glad I have.  It's given me peace of mind.",0,False,False,2025-05-06T00:00:00.000Z,2025-05-14T22:27:30.000Z,https://www.trustpilot.com/review/aspcapetinsurance.com?page=8
aspca,6822140c74b2b209881f9238,1,Absolutely infuriated with ASPCA,"Absolutely infuriated with ASPCA, going through the sign up process it seemed like a lovely value, and my understanding was that the preventative limits were what were always covered up to, not if my vet charged a single cent more, nothing would be covered. I feel scammed of my $120 spent on my new puppy, who went through his crucial vaccination period and I received hardly anything back from the insurance because everything cost $35 instead of $25. It makes absolutely no sense why you would refuse to pay up to your allowed amount, and instead decide to cover $0 because my bill was higher. I should be responsible for the $10 difference, not the full amount PLUS my monthly premium. Simple a scam and I will be canceling. ",0,False,False,2025-05-12T00:00:00.000Z,2025-05-12T17:30:20.000Z,https://www.trustpilot.com/review/aspcapetinsurance.com?page=8
aspca,681bf433f7104c33dc5ae6eb,4,CSR very helpful.,CSR very helpful. ,0,False,False,2025-05-06T00:00:00.000Z,2025-05-08T02:00:51.000Z,https://www.trustpilot.com/review/aspcapetinsurance.com?page=8
aspca,681b70253e79feb8f05b20d0,1,I have been trying to submit a claim…,"I have been trying to submit a claim for the last three months. The invoice and the notes from the veterinarian was submitted multiple times. They continue to deny it, despite all the documentation that they claim they do not have although I have evidence that I have submitted it and copies for the same.They are extremely inefficient. I plan on discontinuing this insurance as I think it is a hoax.",0,False,False,2025-05-07T00:00:00.000Z,2025-05-07T16:37:25.000Z,https://www.trustpilot.com/review/aspcapetinsurance.com?page=8
aspca,681a014504ad7ca0c89c7e30,5,WELL I HAVEN'T USE IT YET ON MY TWO…,WELL I HAVEN'T USE IT YET ON MY TWO FAMILY MEMBERS. THAT ARE BENJI AND DULCE. BUT A GOOD FRIEND THAT RECOMANDED TOO GET ASPCA. I KNOW IT WILL BENEFIT MY 2 LOVELY PETS:,0,False,False,2025-05-06T00:00:00.000Z,2025-05-06T14:32:05.000Z,https://www.trustpilot.com/review/aspcapetinsurance.com?page=8
aspca,68181122bffc63ac22a0a648,1,I have yet to find a vet that bills my…,I have yet to find a vet that bills my insurance ,0,False,False,2025-04-29T00:00:00.000Z,2025-05-05T03:15:14.000Z,https://www.trustpilot.com/review/aspcapetinsurance.com?page=8
aspca,68176ad54a4da91bb8f98d6b,4,When I put a claim in,"When I put a claim in, I get results within days. Whenever I call, I never have to wait long and they always are very helpful. I would say one downfall for my plan is they don't pay a lot for yearly appointments. ",0,False,False,2025-04-29T00:00:00.000Z,2025-05-04T15:25:41.000Z,https://www.trustpilot.com/review/aspcapetinsurance.com?page=8
aspca,6812675380ef7010c6c43c2f,5,Compassion When I Needed It Most,"I’ve had my dog insured with ASPCA Pet Insurance for years, and I’m incredibly grateful I did. Recently, I had to say goodbye to him, and during such a painful time, ASPCA was not only efficient but deeply compassionate. My claims were reimbursed quickly, and every phone rep I spoke with treated me with kindness. After his passing, I received a personal call and a handwritten note offering condolences—it meant more than I can say. That level of thoughtfulness made a hard time just a little easier. Thank you.",0,False,False,2025-03-12T00:00:00.000Z,2025-04-30T20:09:23.000Z,https://www.trustpilot.com/review/aspcapetinsurance.com?page=8
aspca,6810c2801e21066c091d353f,5,Great Response,I placed my first claim with ASPCA Pet Insurance and received great service and a quick response.,1,False,False,2025-04-22T00:00:00.000Z,2025-04-29T14:13:52.000Z,https://www.trustpilot.com/review/aspcapetinsurance.com?page=8
aspca,680d31235725148e9ec1904e,4,She understood exactly what I was…,She understood exactly what I was talking about. The first rep didn't.,0,False,False,2025-02-12T00:00:00.000Z,2025-04-26T21:16:52.000Z,https://www.trustpilot.com/review/aspcapetinsurance.com?page=8
aspca,6809b7d8fb845e224535a97c,5,Worth Every Penny ,"Easy to submit a claim and the claim was processed quickly. Pet insurance was literally a life saver for our sweet dog and we’re so relieved that we chose ASPCA when our dogs were puppies. Worth every penny, we couldn’t be happier! ",0,False,False,2025-04-22T00:00:00.000Z,2025-04-24T06:02:32.000Z,https://www.trustpilot.com/review/aspcapetinsurance.com?page=9
aspca,680968233f1b136effc09db3,1,SCAM,"SCAM!  Beware!  They take your money but no claim is ever covered!  I paid the covered for 2 years, submitted claims but they denyed coverage on everything so 100% out of pocket and 100% loss on policy cost.  That is horsecrap!",0,False,False,2025-04-23T00:00:00.000Z,2025-04-24T00:22:27.000Z,https://www.trustpilot.com/review/aspcapetinsurance.com?page=9
aspca,68078a0e9afe8bec95bf1159,2,Not recommended for service,"My dog tore her ACL, it took this company over a month to review the claim.  They denied the claim for pre existing condition.  She can only tear an ACL one time.  
When she passed away it took them 4 days to read my email and cancel her policy.  
Billing,  it's ridiculous to charge $2 per month, per pet for billing.  I can not always pay ahead of time as they claim you can. I can't use my prepaid debit card for automatic billing. ",0,False,False,2024-04-22T00:00:00.000Z,2025-04-22T14:22:38.000Z,https://www.trustpilot.com/review/aspcapetinsurance.com?page=9
aspca,680296cbd63906d23c001bce,3,Mixed review,"Positive: very prompt in payment, paid exactly what they said was covered.
Negative: impossible to cancel policy through app. Contacted by email and did not receive response until days after my email. Called a few days before new month was to be billed asking to cancel effective immediately, they drag their feet so that they can charge one more month premium. Weighing the cost against benefits, I felt pet insurance benefits were not worth the premiums. Better to save the money for vet bills yourself.",0,False,False,2025-04-11T00:00:00.000Z,2025-04-18T20:15:39.000Z,https://www.trustpilot.com/review/aspcapetinsurance.com?page=9
aspca,680274853748ee02681bb9d8,5,"Prompt, thorough, efficient and fair","They have been prompt, thorough and efficient.  Very fair, and never rejected or challenged a legitimate claim. The time period spanned several months of attempts to diagnose and treat my cat.  Some invoices included non-covered items but the covered items were promptly paid.  And the claims process is easy to use.  They made a hard time for me a little easier.  ",0,False,False,2025-04-17T00:00:00.000Z,2025-04-18T17:49:25.000Z,https://www.trustpilot.com/review/aspcapetinsurance.com?page=9
aspca,680122aacb3f66e84c146d01,1,Can't get them to pay for a claim,I hane been waiting since January and the first said they could not pur it in my account so they would mail it. Although I hsve called 3 times and talked to manager no money.  3 months and they keep saying it was resent manager said it had not. I am canceling. ,0,False,False,2025-04-17T00:00:00.000Z,2025-04-17T17:47:54.000Z,https://www.trustpilot.com/review/aspcapetinsurance.com?page=9
aspca,67fe73a30ff979f335f315a4,4,Overall good insurance,Overall good insurance. The turn around time for reviewing claims is much longer than previous insurance companies I’ve used. ,0,False,False,2025-04-15T00:00:00.000Z,2025-04-15T16:56:35.000Z,https://www.trustpilot.com/review/aspcapetinsurance.com?page=9
aspca,67fe61995507b6b5445790a0,5,I just recently signed my pets up and…,I just recently signed my pets up and haven’t had a claim. I did call with some questions and their customer service was top notch. Thank you for a great experience so far. ,0,False,False,2025-04-15T00:00:00.000Z,2025-04-15T15:39:37.000Z,https://www.trustpilot.com/review/aspcapetinsurance.com?page=9
aspca,67fe57ae6f595a525a19ceb3,5,Taking care of my puppies!,Taking care of my puppies!,0,False,False,2025-04-15T00:00:00.000Z,2025-04-15T14:57:18.000Z,https://www.trustpilot.com/review/aspcapetinsurance.com?page=9
aspca,67f9fc65379b44e94e969e26,5,Experience Review,"We have had our large dog covered through ASPCA since 2021. They worked with us when we went through difficult financial times and when we call always ask how Canon is doing. He was never discriminated against for his breed or for being a large dog. Also we recently filed our first claim and I was shocked I submitted the claim on April 1st and they submitted the reimbursement by April 3rd and even though I am having banking issues with the reimbursement, due to my bank, they are on top of the issue.  I've always been treated kindly and with respect. ",0,False,False,2025-04-01T00:00:00.000Z,2025-04-12T07:38:45.000Z,https://www.trustpilot.com/review/aspcapetinsurance.com?page=9
aspca,67f98a673e95d4d283ce27be,5,I recently had a colic surgery for my…,"
I recently had a colic surgery for my heart horse and knowing that I have the insurance gave me  peace of mind that we could afford to save him. We are still in the processing stage so I will update again soon I am sure. My horse is home and doing great so far. ",0,False,False,2025-04-08T00:00:00.000Z,2025-04-11T23:32:23.000Z,https://www.trustpilot.com/review/aspcapetinsurance.com?page=9
aspca,67f937842aadb7d721bd2b4a,3,let them know what actually they are buying. I didn't know I was not purchasing   didn't have full coverage,should have told me about the different packages you offer,0,False,False,2024-10-17T00:00:00.000Z,2025-04-11T17:38:44.000Z,https://www.trustpilot.com/review/aspcapetinsurance.com?page=9
aspca,67f5251786e7c93c3ff843ed,5,Speedy,"Speedy, accurate, clear directions",0,False,False,2025-04-08T00:00:00.000Z,2025-04-08T15:31:03.000Z,https://www.trustpilot.com/review/aspcapetinsurance.com?page=9
aspca,67f418650121d5924d36783b,5,Claim was filed and handled in a short…,Claim was filed and handled in a short time and with no problems.,0,False,False,2025-04-01T00:00:00.000Z,2025-04-07T20:24:37.000Z,https://www.trustpilot.com/review/aspcapetinsurance.com?page=9
aspca,67ed6fe0556f2c8385587dbe,1,This is a terrible insurance company,"This is a terrible insurance company.  They claimed ""pre-existing condition"" for something that was never indicated on my rescued pet (balls never descended so when he was neutered it was an invasive surgery and expensive).  ",0,False,False,2025-04-02T00:00:00.000Z,2025-04-02T19:12:00.000Z,https://www.trustpilot.com/review/aspcapetinsurance.com?page=9
aspca,67ed4151072ff4a829257e1c,1,Look elsewhere,"We started our policy when we got a new puppy, who ran into a handful of medical issues.  Our vets/pet hospitals insist they've provided all required medical records, and ASPCA insists they never received them.  All claims denied.",0,False,False,2025-04-01T00:00:00.000Z,2025-04-02T15:53:21.000Z,https://www.trustpilot.com/review/aspcapetinsurance.com?page=9
aspca,67ec9c657634a4a43a774ae9,5,I had the ASPCA accident plus wellness…,I had the ASPCA accident plus wellness plan for my small Chihuahua dog Danny but I lost him last month after a long illness. This insurance was great for him absolutely no problems fast claims everytime!!! I now have a new small dog and will be signing her up immediately with the complete coverage from ASPCA because they are trustworthy and feel good knowing she will have great coverage!!! Highly recommend!!!,1,False,False,2025-03-08T00:00:00.000Z,2025-04-02T04:09:42.000Z,https://www.trustpilot.com/review/aspcapetinsurance.com?page=9
aspca,67ebd8370e8cdb69d3a3dc1c,5,Great insurance and a wonderful bunch…,Great insurance and a wonderful bunch of people to work with. A pleasure to call and ask for any information or help. I am totally sold on ASPCA insurance as my coverage for my babies. Thanks guys.,0,False,False,2025-04-01T00:00:00.000Z,2025-04-01T14:12:39.000Z,https://www.trustpilot.com/review/aspcapetinsurance.com?page=9
aspca,67e6f1e0d7dd4a0c7828f783,2,90% Reimbursement is a Sham !!,My total bill for Ashley’s Vet Visit was 984.47 - I paid 500.00 deductible leaving 484.47 and I was reimbursed 82.85. Now this just doesn’t sit well with me. I was under the impression 90% reimbursement means I should receive 436.02. Was shocked when was told that they only pay what they feel is the appropriate charge for services provided. So think twice about using this insurance. I know I’m looking elsewhere. ,0,False,False,2025-03-28T00:00:00.000Z,2025-03-28T21:00:48.000Z,https://www.trustpilot.com/review/aspcapetinsurance.com?page=9
aspca,67e617950a2740ae68df4af0,1,Our family cat had a medical emergency…,"Our family cat had a medical emergency and was vomiting blood and we had her covered by ASPCA.  The vets were telling us it was medically necessary to keep her overnight and xray her.  After providing all requested medical records which proved no prior medical issues, they flat out denied.  UNBELIEVABLE!  Warning do not spend you money with ASPCA or Fireman's Insurance.  We need a class action against them for denying legitimate claims.  I am honest and this was a medical emergency, my wife as a RN and I have EMT training a vet at 1AM saying it's an issue and them denied says enough.  I'll take my pets and $1300 year premiums elsewhere.  ",0,False,False,2025-03-27T00:00:00.000Z,2025-03-28T05:29:25.000Z,https://www.trustpilot.com/review/aspcapetinsurance.com?page=9
aspca,67e4d6216667358f301a9cd0,5,Claims are processed quickly,"Claims are processed quickly, and I’ve always had a smooth experience with them",0,False,False,2025-03-18T00:00:00.000Z,2025-03-27T06:37:53.000Z,https://www.trustpilot.com/review/aspcapetinsurance.com?page=10
aspca,67e3684190366ff58abce65e,5,The claims are easy to file,The claims are easy to file. Their response was quick and friendly and professional. And the refund was speedy. They were very helpful if I had any questions.,0,False,False,2025-03-25T00:00:00.000Z,2025-03-26T04:36:49.000Z,https://www.trustpilot.com/review/aspcapetinsurance.com?page=10
aspca,67e33a40e107f61a2576899b,5,Best Health Care,Having ASPCA Pet Insurance helps me concentrate on getting the best health care for my 4 legged babies without worrying about how much it's going to cost. I get a 90% reimbursement for my expenses at the vet.,0,False,False,2025-03-25T00:00:00.000Z,2025-03-26T01:20:32.000Z,https://www.trustpilot.com/review/aspcapetinsurance.com?page=10
aspca,67e304965f7d111618135e89,1,DO NOT USE THIS SHADY INSURANCE…,DO NOT USE THIS SHADY INSURANCE COMPANY. They will deny every claim even in urgent situations. There is 14 day waiting period which they don't disclose.  They are only out to get your $ and provide shitty service and no insurance when one needs it most. ,0,False,False,2025-03-25T00:00:00.000Z,2025-03-25T21:31:34.000Z,https://www.trustpilot.com/review/aspcapetinsurance.com?page=10
aspca,67e0c30e6718bbf6b7f8e0e0,5,A must have for every pet parent ,"I’ve been using ASPCA Pet Insurance for nearly 10 years, and I can’t recommend them enough. Over the years, they’ve helped me save thousands of dollars on veterinary care and, more importantly, given me peace of mind knowing I can provide the best for my pets without stressing about the cost. The process to file a claim is simple and straightforward, and they consistently process claims quickly. It’s been an incredibly reliable service and a true lifesaver during unexpected health issues. Highly recommend to any pet parent looking for solid, dependable coverage.",0,False,False,2025-03-18T00:00:00.000Z,2025-03-24T04:27:26.000Z,https://www.trustpilot.com/review/aspcapetinsurance.com?page=10
aspca,67df6eb6f0bba28426685068,2,I wish that I read the reviews before…,"I wish that I read the reviews before joining.  When aspca says that they pay for preventative — they lie.  I called around and could not form anyone who would spay or give vaccines for this minimal price.  Not only that, they do not cover all of the vaccines.  Which is sad.  They paid less than 1/6 of the spay fee.  I tried canceling the preventative part of the  insurance — but then they do not allow you to cancel it.  The racket is that once you sign up, you are in for paying all the bills yourself — and them.  Sad.  I am a physician and if human insurances did this — they would be sued and would not be in business.",0,False,False,2025-02-13T00:00:00.000Z,2025-03-23T04:15:18.000Z,https://www.trustpilot.com/review/aspcapetinsurance.com?page=10
aspca,67d9ea15e51d11210d39b575,5,Great company ,"Great company , have never has an issue with a single claim . I got the policy when my dog was 9 weeks old, so pre existing conditions is not an issue . The only thing is I wish premiums weren’t increased as much as they are as dog gets older ",0,False,False,2025-03-18T00:00:00.000Z,2025-03-18T23:48:05.000Z,https://www.trustpilot.com/review/aspcapetinsurance.com?page=10
aspca,67d9a938e70aea88c6d05cac,3,neutering and spaying lower reimbursement ,Just got puppy Disappointing to find out you have lowered the reimbursement for spaying and neutering. I would think as a health care insurance company for animals. The one thing you would push is make affordable for people on your policy (whether it’s the first tier or a higher tier like we have)  is reimbursing a better rate$$$$$  for spaying  and neutering. Our vet charges over $500 and you portion should cover more. ,1,False,False,2025-03-10T00:00:00.000Z,2025-03-18T19:11:20.000Z,https://www.trustpilot.com/review/aspcapetinsurance.com?page=10
aspca,67d9866c5676c0293eb9ef72,5,"Heath, accident and any other coverage ","I have an English Bulldog and a French Bulldog, I knew they came with some health issues so I got insurance the day I brought then home. They are both almost 5 years old and without ASPCA insurance I would be out tens of thousands of dollars. It’s not the least expensive insurance but for me it’s the most comprehensive. It covers their allergy medications as well as vet and emergency vet costs. You can decide your deductible amount and the amount of coverage that determines your annual costs. ",0,False,False,2025-03-18T00:00:00.000Z,2025-03-18T16:42:52.000Z,https://www.trustpilot.com/review/aspcapetinsurance.com?page=10
aspca,67d8a1a346cb99706ab186ae,5,I just want to save the world and fill…, I just want to save the world and fill there  bowls and just give them food now and adopt one but my mom will say no and I just people fill there bowls thank and I love the Animals tell them one day there bowls will be filled with a bunch of food and there life will be in a cozy home with a owner I love you animals tall all the animals they will get food and a home with a nice owner very soon and that I love all of them bye have a nice week .❤️👍🏻,0,False,False,2025-03-16T00:00:00.000Z,2025-03-18T00:26:43.000Z,https://www.trustpilot.com/review/aspcapetinsurance.com?page=10
aspca,67d8460a51836194b6d2ca80,1,This is a horrible insurance for any…,This is a horrible insurance for any pets,1,False,False,2025-01-20T00:00:00.000Z,2025-03-17T17:55:54.000Z,https://www.trustpilot.com/review/aspcapetinsurance.com?page=10
aspca,67d71ebe2e81ee660719055e,5,Absolutely love this,"Absolutely love this
",0,False,False,2025-03-11T00:00:00.000Z,2025-03-16T20:55:58.000Z,https://www.trustpilot.com/review/aspcapetinsurance.com?page=10
aspca,67d5b5a1ef9a525326b3d0a6,1,This is a horrible pet insurance…,"This is a horrible pet insurance company. Refuses to cover procedures that are listed as being covered in documentation. Lied about contacting our vets office. Have requested a supervisor to call us back three or four days in a row with no return phone calls whatsoever. Don’t waste your money, take the money you would spend monthly and save it and use that towards your vet bills instead.",1,False,False,2025-03-10T00:00:00.000Z,2025-03-15T19:15:13.000Z,https://www.trustpilot.com/review/aspcapetinsurance.com?page=10
aspca,67d31701e0c31e3516d57284,5,Afffordablr,Very easy to join,0,False,False,2025-03-11T00:00:00.000Z,2025-03-13T19:33:53.000Z,https://www.trustpilot.com/review/aspcapetinsurance.com?page=10
aspca,67d0c17193f0ff218f0eb2c6,1,I am extremely disappointed with the…,"I am extremely disappointed with the handling of my pet insurance claim. My dog, oscar recently suffered an ACL tear, which I was informed by a customer service representative would be covered. However, despite submitting all the necessary medical records from 2023, my claim was denied because of a previous ACL tear in 2021. This decision is frustrating, especially given the assurances I received from your staff when I initially called.

The information provided to me earlier did not align with the final decision, and I feel that the denial of my claim is unfair and does not reflect the coverage I was promised. It’s disheartening to deal with such inconsistencies when I was simply trying to provide the best care for my dog.

I hope the company will take this feedback seriously and reconsider the way it handles claims like mine in the future.",1,False,False,2025-03-10T00:00:00.000Z,2025-03-12T01:04:17.000Z,https://www.trustpilot.com/review/aspcapetinsurance.com?page=10
aspca,67cf71f88b91132e79fff554,1,DO NOT sign up with this pet insurance…,"DO NOT sign up with this pet insurance policy company. They have denied my dog coverage of a cardiac condition he developed as a result of his advanced age - 17 - claiming that it is excluded as a “congenital” disease.  My vet wrote a letter in support explaining that my dog contracted mitral valve disease due to age-related circumstances and that it was never an issue before this, that no records in any exam indicated any cardiac issues in the past 16 years. Still, they denied coverage making this bogus claim. I’ve been a customer for 17 years and have paid well over thousands of dollars through the years, just for them to deny this???  My dog has hardly ever been ill before this incident. I am appalled at this company and would STRONGLY advise you to look elsewhere for your pet’s health insurance needs. ",1,False,False,2025-03-10T00:00:00.000Z,2025-03-11T01:12:56.000Z,https://www.trustpilot.com/review/aspcapetinsurance.com?page=10
aspca,67cefe6baa7e606a1e8969b6,1,This is a racket,"This is a racket, don't do it! Put aside the amount of money you would spend on this pet insurance into a different account. I have paid close to 30K to ASPCA Pet Health Insurance over 14 years and have only been reimbursed $3809. Kept telling myself it was ""peace of mind"". You are way better off setting up a bank account. You could rescue and help hundreds of animals with the money you would save!",1,False,False,2025-03-10T00:00:00.000Z,2025-03-10T16:59:56.000Z,https://www.trustpilot.com/review/aspcapetinsurance.com?page=10
aspca,67c74baef52731c1ee3d4b49,4,Have used for over 10 years,"Have used for over 10 years. Noted improvements in the app and customer service. Banfield clinic closed so looking to add preventative luckily did so because one cat somehow wasn’t added with initial service and preventive services could begin immediately! Only complaint is that cannot add on or change plans except at annual renewal cycle and those cannot be prorated or changed to coincide with annual vet appointments. So although Cat added with prevention, I have to wait another four months before I can add the others!",0,False,False,2025-03-04T00:00:00.000Z,2025-03-04T20:51:26.000Z,https://www.trustpilot.com/review/aspcapetinsurance.com?page=10
aspca,67c5b20e8b21442625b1f607,1,Worst pet insurance on market,This is the worst pet insurance I ever had. Their billing dept is incompetent! My previous company stopped selling pet insurance. Choosing ASPCA was a mistake. I cancelled when one pet died and canceled the other one in January 2025. They have just drafted my account for both pets yet again even though one died in Sept 2024. I will spend another 30 minutes on the phone today trying to get them to understand! Uggg,0,False,False,2025-03-03T00:00:00.000Z,2025-03-03T15:43:42.000Z,https://www.trustpilot.com/review/aspcapetinsurance.com?page=10
aspca,67c4d4e6b8a490ef024ebd69,1,SCAM do not waste your money or think they will have your back when you need them. ,"SCAM. I have paid into my cats insurance $50/ month for 4 years and then they without telling me have been charging me $80 a month since last November. In the 5 years that I have been responsible and had my cat insured, I have never submitted a claim until this month when she was diagnosed with cancer. In comes the first bill for over $600 appointment and ASPCA will pay $20 and stand by their BS reasoning. Do NOT waste your money, but more importantly - do NOT have a false sense of security instilled thinking that the insurance you have paid into for years and years will actually be there for you when you need them.  ",0,False,False,2025-02-19T00:00:00.000Z,2025-03-03T00:00:06.000Z,https://www.trustpilot.com/review/aspcapetinsurance.com?page=10
