provider,review_id,rating,title,text,likes,filtered,pending,experienced_date,published_date,source_url
embrace,695c41deac6f8a2b0fa2c4f0,5,The process was simple and fast,The process was simple and fast. I appreciate the simplicity and the quick turnaround in receiving payment. I can’t say enough good things about Embrace and my experience during my time of need. Thank you! ,0,False,False,2026-01-01T00:00:00.000Z,2026-01-06T00:57:34.000Z,https://www.trustpilot.com/review/embracepetinsurance.com?page=1
embrace,695c1022af532f9446939419,1,Complete waste of money,"Complete waste of money, maybe a total scam. I started my policy when my cat was 4.5 months old and canceled it after a year because he was recently diagnosed with IBD and embrace won't cover ANYTHING digestive related all because my little kitten had one instance of vomiting prior to my policy start date. He could have vomited for any reason, ie eating plants or food he's not supposed to, or eating too quickly, but because it was on his medical record embrace said they would not cover anything digestion related. So if his IBD turns into pancreatitis, lymphoma, or even if he just needs steroids to manage it, nothing would ever be covered. I'm furious. Embrace did not cover any of the numerous fecal, blood, checkups, emergency visits, vaccines, and ultrasound tests throughout my year of having it. Embrace doesn't do anything but take your money. Apparently AKC covers preexisting conditions so I'm switching over to them. On top of that, it was really hard to cancel because two of their listed phone numbers to call would not go through. I had to call the number to BUY a policy and ask them to transfer me to cancel. Total scam.",0,False,False,2026-01-05T00:00:00.000Z,2026-01-05T21:25:22.000Z,https://www.trustpilot.com/review/embracepetinsurance.com?page=1
embrace,695b37b4bd62abaabaa943d4,1,Embrace wanted me to resubmit the…,"Embrace wanted me to resubmit the invoice.  Embrace claimed the limited information on the left side was cut off.  Their system did the cropping.  I was looking at the photo while I was on the phone with them.

When I asked exactly what was missing so I could retake the photo and recenter the invoice so the dates and my first name would show the customer service rep just kept repeating herself.  When I asked for another rep since we were not communicating I was put on hold for over ten minutes.  Then she came back and said no one was available. 

This is the second time I have been horsed around about a claim.  I am done.  ",1,False,False,2026-01-02T00:00:00.000Z,2026-01-05T06:01:56.000Z,https://www.trustpilot.com/review/embracepetinsurance.com?page=1
embrace,695af87f2ab7fb17de65cc2a,5,Filing a claim is easy,"Filing a claim is easy, directions on the web site are good.  When you have a legitimate claim, they pay quickly.",0,False,False,2025-12-30T00:00:00.000Z,2026-01-05T01:32:15.000Z,https://www.trustpilot.com/review/embracepetinsurance.com?page=1
embrace,695aad007645d6875e7b8f08,2,Website is Failing,"I have several pets insured with Embrace.  Although their premiums have skyrocketed over the past year, I need to look into adding another dog to be insured.  I have tried multiple times to get a quote at their website and I constantly get an error message.  So I called them to find out what is wrong with the website.  I was told the issue would be looked into.  Four days later there is no improvement or change in getting a quote.  Higher premiums and less service.  Not what I was hoping for.",1,False,False,2025-12-31T00:00:00.000Z,2026-01-04T20:10:08.000Z,https://www.trustpilot.com/review/embracepetinsurance.com?page=1
embrace,695981fff91affffd1bf6727,5,Follow-up on Veternarian identification…,Follow-up on Veternarian identification was required.  Company employee was very helpful and that was completed for application.,0,False,False,2026-01-01T00:00:00.000Z,2026-01-03T22:54:23.000Z,https://www.trustpilot.com/review/embracepetinsurance.com?page=1
embrace,695830d533da4f899a4c9301,5,Thes service that I received was most…,The service that I received was most excellent,0,False,False,2025-12-30T00:00:00.000Z,2026-01-02T22:55:49.000Z,https://www.trustpilot.com/review/embracepetinsurance.com?page=1
embrace,695810ce05d7536f78c546f5,1,My premium went up $60 a month out of…,My premium went up $60 a month out of the blue 35% more than what I was previously paying which was already high. They said it is because of inflation...  Inflation is 8%. My dog is perfectly healthy and only 6 years old. This is highway robbery and I recommend you look elsewhere for pet inusrance.,1,False,False,2026-01-01T00:00:00.000Z,2026-01-02T20:39:10.000Z,https://www.trustpilot.com/review/embracepetinsurance.com?page=1
embrace,6957fce5d542d72dd2ce964e,5,Helpful and Personable Customer Service ,My interaction with customer service when I couldn’t get the expiration date for billing to change was an easy and pleasant experience as all my interactions with Embrace have been. The person who helped me was extremely personable and helpful. ,0,False,False,2025-12-26T00:00:00.000Z,2026-01-02T19:14:13.000Z,https://www.trustpilot.com/review/embracepetinsurance.com?page=1
embrace,6957d72153b3a8b976915bc5,3,I filed three claims at the same time,"I filed three claims at the same time. One claim is still pending info from the vet, so I won't review that one. One claim was reimbursed as expected - 5 stars for that. The other claim was reimbursed at about 20% of the total - much lower than expected. I sent a follow up asking why the amount was so low and still have not received a response. 1 star for that.",1,False,False,2025-12-29T00:00:00.000Z,2026-01-02T16:33:05.000Z,https://www.trustpilot.com/review/embracepetinsurance.com?page=1
embrace,6956c97b2cb7298035072f14,5,Once I submitted the requested…,Once I submitted the requested documents everything was good and quick ,0,False,False,2025-12-31T00:00:00.000Z,2026-01-01T21:22:35.000Z,https://www.trustpilot.com/review/embracepetinsurance.com?page=1
embrace,69569bfc88c84398b86692d3,5,Our 5 yr Aussiedoodle01,"Our 5 yr. old Aussiedoodle has had his share of claims and Embrace has been a lifesaver to us. We weren't sure if pet insurance was affordable or necessary, but it has proven to be both.",0,False,False,2026-01-01T00:00:00.000Z,2026-01-01T18:08:29.000Z,https://www.trustpilot.com/review/embracepetinsurance.com?page=1
embrace,6954044604f462589bef39b3,2,I attempted to stop autopay on thier…,"I attempted to stop autopay on thier website because they raised my upcoming premium $2,442.48 in Feb 2026.  I've been with them for over 5 years with 2 pets.  The website would not allow me to do that. I called and was placed on hold for 20 minutes before deciding to hang up. I sent an email requesting a response with action taken to stop auto pay and remove my credit card information. No response so far. ",2,False,False,2025-12-29T00:00:00.000Z,2025-12-30T18:56:38.000Z,https://www.trustpilot.com/review/embracepetinsurance.com?page=1
embrace,6952c895e272e31b4f05b3f8,2,Overly General Review of Medical History,"Reviews of medical history are overly general and appear to be designed to exclude coverage for possible future claims in a broad fashion. The user should ensure that specificity is requested of the claims adjuster completing the review to ensure accuracy. 

Claims are paid quickly though, so I'll give a second star. ",1,False,False,2025-12-29T00:00:00.000Z,2025-12-29T20:29:41.000Z,https://www.trustpilot.com/review/embracepetinsurance.com?page=1
embrace,694f2c5ea143781bd879babb,3,Forever waiting,"I have been waiting for a review of my submitted claim for almost 3 months.  After I tracked down all the information Embrace requested to rule out a pre-existing condition, I continue to wait on their response.  Don’t waste your time trying to reach a human on the phone.  The wait is almost always over 1/2 hour and it could be more but I always end up hanging up.  Additionally, the website always has glitches and redirects me to an unresponsive page.  I’m not sure what’s going on with this company but I’m willing to wait and see how they respond to my claim.  ",2,False,False,2025-12-26T00:00:00.000Z,2025-12-27T02:46:22.000Z,https://www.trustpilot.com/review/embracepetinsurance.com?page=1
embrace,694eb203043e483c0dda2155,1,Bad administration and overly broad pre-existing condition determination,Embrace took way too long -- and engaged in no proactive follow-up -- to gather my dog's prior vet records and then took an overly broad view of my dog's preexisting conditions.   I am very disappointed in Embrace and don't know why Forbes rated them so high.,2,False,False,2025-12-19T00:00:00.000Z,2025-12-26T18:04:19.000Z,https://www.trustpilot.com/review/embracepetinsurance.com?page=1
embrace,694da280f84bd6258101221a,5,Embrace has been easy to partner with…,"Embrace has been easy to partner with for the health of my cat. When my boy passed away, the Embrace staff were professional and supportive. 

They were always prompt with claim payments. When I called to remove home from the policy, I was immediately refunded that month’s prorated premium (I was not expecting that). ",0,False,False,2025-12-22T00:00:00.000Z,2025-12-25T22:45:52.000Z,https://www.trustpilot.com/review/embracepetinsurance.com?page=1
embrace,694c83af052699d8692bbe45,3,Renewal for our 5 year old dog with…,"Renewal for our 5 year old dog with zero claims for the last 4 years was DOUBLE last year's premium.   When I checked a quote as if we were a new customer it was barely half.    When I called to talk about it, the rep had no official answers.

But it turned out if I change anything to ""reset tenure"" then with a small waiting period the quote would be cut nearly in half with no significant ""pre-existing conditions"".

Feels like dealing with shady company (like all insurance companies) that will happily over charge you like this.   The rest of the service has been good, the website and information provided so 3 stars.",1,False,False,2025-12-18T00:00:00.000Z,2025-12-25T02:22:07.000Z,https://www.trustpilot.com/review/embracepetinsurance.com?page=1
embrace,694c4558adbf583258314d87,5,Always helpful and friendly,Always helpful and friendly,0,False,False,2025-12-22T00:00:00.000Z,2025-12-24T21:56:08.000Z,https://www.trustpilot.com/review/embracepetinsurance.com?page=1
embrace,694c04886e71d3eb01cd2a59,5,Exactly as advertised!,Website is very easy to use.  Our claim was for a planned surgery.  Submitted pre authorization which as approved within a week.  It only took 2 days from submitting the claim to receiving the reimbursement.  I wish my medical insurers were this good.,0,False,False,2025-12-19T00:00:00.000Z,2025-12-24T17:19:36.000Z,https://www.trustpilot.com/review/embracepetinsurance.com?page=1
embrace,694b90c3dad3a7c6d6a1bf83,1,Take others' negative experiences seriously - find another pet insurance provider.,"Guys - don't ignore the red flags/warning signs. Embrace Pet Insurance is as close to being a scam as it gets while still remaining legal. Do not fall for the marketing. Choose a different pet insurance provider!
Read the other 1-star reviews - there's a common thread. People pay premiums for years while their pet is healthy, then the moment they need anything from Embrace, they're made to submit copious paperwork, which Embrace's claims agents then go through with a magnifying glass, broadly creating new diagnoses based on small remarks, like ""scratched his ear"" - oh, all ear infections are now and forevermore pre-existing. ""Hind leg looks stiff"" - now we will never cover any joint-related issues in any leg. When I talked to my vet about how insane all of this was, he asked me who my pet insurance was, and when I said Embrace, he rolled his eyes and told me to give up and switch, because he's had previous negative experiences trying to appeal denials with Embrace.
You can actually get a sample of the type of treatment you will get by reading their replies to these reviews. Even in their replies to Trustpilot reviews, they use carefully crafted legalese - using many words to justify denied claims that, under normal common sense, should be covered.
I've learned my lesson the hard way, cancelled my policy, and accepted that the premiums I've paid are gone forever. But if I can help you avoid the stress and frustration that comes with realizing that all the money you've put into Embrace for a peace of mind was for naught at precisely the moment you are most worried sick for your pet, then at least the money had some use after all.",2,False,False,2025-12-19T00:00:00.000Z,2025-12-24T09:05:39.000Z,https://www.trustpilot.com/review/embracepetinsurance.com?page=2
embrace,694b3af0ba3c4b4c52a069e6,4,Mostly posive experiences with claims,"Mostly posive experiences with claims, but the submission process is a little glitchy and annoying. ",0,False,False,2025-12-23T00:00:00.000Z,2025-12-24T02:59:28.000Z,https://www.trustpilot.com/review/embracepetinsurance.com?page=2
embrace,694aa67216fbf35038ed0880,5,Generally Great Customer Servic,"Embrace generally is quite easy to negotiate regarding submitting claims on line (or by mail) and the customer service people are almost always polite, respectful and helpful. Tonya was excellent.  I've had just one experience (actually twice with the same person) that has been off-putting.  Otherwise, always easy and nice to deal with.",0,False,False,2025-12-22T00:00:00.000Z,2025-12-23T16:25:54.000Z,https://www.trustpilot.com/review/embracepetinsurance.com?page=2
embrace,6949b5fa23f1c77837ced1fe,1,UNETHICAL LOOPHOLES. Do NOT use Embrace! ,"If I could give this company 0 stars I would. I enrolled in Embrace Pet Insurance through USAA in April for two cats. I added my dog later so I have been paying nearly $100/month for all 3. What I got in return was a masterclass in how to deny coverage without technically breaking the rules. One of my cats, Boots, was diagnosed with anxiety MONTHS after her policy started. That means it was not pre-existing and should have been covered. I understood I had a $500
deductible and accepted that I'd be paying out of pocket until I met it. However, TODAY 12/19/2025, when I called to ask about lowering my deductible at renewal (expecting a higher premium), I was told that any policy change would cause them to ""reassess preexisting conditions"" , and suddenly, her anxiety would
be considered pre-existing and excluded entirely. Let that sink in for a second... A condition that developed while insured magically becomes pre-existing if you try to adjust your coverage... This effectively traps you in the original plan and punishes you for having a pet who actually needs ongoing care. If you're buying this insurance hoping it will help with chronic conditions, behavioral meds, or long-term care, don't. It works fine if nothing ever happens. The moment you need it, or try to make your policy actually useful, the loopholes appear. Extremely disappointing, especially given the USAA partnership. I cancelled all policies and would never recommend this company to anyone who actually loves their pets.",5,False,False,2025-12-19T00:00:00.000Z,2025-12-22T23:19:54.000Z,https://www.trustpilot.com/review/embracepetinsurance.com?page=2
embrace,6949a671c7cb3eae3cf35224,1,FIND ANOTHER COMPANY! NOW!,"Embrace Pet Insurance was reliable during my cats’ early years: I have two beautiful Maine Coon cats. They are littermates, and so-in-love with each other. As Max ages, he now has a couple chronic conditions, and Embrace is sending him out to pasture.

1. Unaffordable costs: Monthly premiums almost doubled from $200+ to $380 last year! Committing to this company for 13+ years (many of which were healthy), meant nothing for our future security.

2. Fuzzy financial behavior!  
a) One cat had $200 in health credits for future Vet visits — Embrace quickly DELETED my balance! Why did they do that? ‘Because they decided to stop offering that particular benefit?’ No mention of real financial value WE lost. 

b) If I wanted to decrease my coverage last year, which was equally higher, they told me it would be a new policy, so all their health issues would become pre-existing conditions! I could make NO changes to allay costs. I could not take him to another insurance company for that same reason.

All my payments were timely and reliable. Max (and his sister Rose) were fairly healthy for many of those years. Premiums for healthy cats are ideal for any insurance company. Embrace benefited from those low-cost years. Now, everything changes due to their own desired profit margins.

I must take his sister (still healthy, but minus her $200!) off, and find her insurance elsewhere, before she has any pre-existing conditions, like Max.

I placed my trust in a what seemed to be a responsible company, and now my cat has NO insurance. Poor healthcare will emotionally impact his sister’s chances as well -- losing Max early may bring her down.

Before your cat has any illnesses that are labeled a pre-existing condition, you must find an alternate company with likely lower premiums (from what I've learned in my research).

RE: Reply comment (to response below)

1. Information is inconsistent and manipulative. Like other one-star reviews  here on Trustpilot (many), the information from assorted Embrace people at various times is quite inconsistent. So paying only 1/2 the amount with slightly lower premium is basically a shell game. ***For example, they suggested that Rose pay $15 monthly just for accident coverage … NO HEALTHCARE, so that SHE can stay with the company, as if I may be breaking ?her heart?

2. Interesting to note, no denial was offered that they in fact took $200 of healthcare balance from my cat Rose’s reserve. We paid for the feature, accrued it while they enjoyed a customer who had no claims.  Embr. took it away because they ‘chose not pay!’

The $200 financial balance had monetary VALUE, clearly in print in our older statements. Who are these people?


",2,False,False,2025-12-05T00:00:00.000Z,2025-12-22T22:13:37.000Z,https://www.trustpilot.com/review/embracepetinsurance.com?page=2
embrace,6948a0626d496e2ecb0d83a7,1,Stalling to prevent reimbursement for a claim. ,"I had one claim filed in February 2025. After 10 months of trying to get reimbursement, I am giving up and switching insurance companies. This is insurance is a scam and all they deal in is stall techniques. First it was there is not a record of a clean bill of health. Once that was provided by myself and the veterinarian office, nothing was done. I called and asked for a status update. And then their next stall technique was the invoice with the vet notes was not descriptive enough to approve the claim. The vet sent in additional information. But still not enough. Absolutely ridiculous and a waste of time. I will not be renewing my policies for my dogs. I will find a company (even if it costs more) that will be true to the insurance policy. ",4,False,False,2025-12-16T00:00:00.000Z,2025-12-22T03:35:30.000Z,https://www.trustpilot.com/review/embracepetinsurance.com?page=2
embrace,6948621a7f22c2810aa193ff,4,Very caring about your pet’s needs, Very caring about your pet’s needs.  Professional service when you need it most as you manage your pet’s illness or injury. ,0,False,False,2025-12-16T00:00:00.000Z,2025-12-21T23:09:46.000Z,https://www.trustpilot.com/review/embracepetinsurance.com?page=2
embrace,69483da4ce335edf01a60c0d,2,85% Increase Due to Move,"We've had one claim for the three pups we have covered.  The process was easy and reimbursement was not delayed.  Premium increases annually were inline with my expectations. However after being a customer for six years, we moved 150 miles away and our premium increased 85%.  I understand the increase as pets age but the 85% increase was due to the move.  The customer service rep was not friendly but not rude.  He seemed only to read a script - it was robotic.  We'll obtain quotes from other companies when we have a new pet.  ",2,False,False,2025-12-17T00:00:00.000Z,2025-12-21T20:34:12.000Z,https://www.trustpilot.com/review/embracepetinsurance.com?page=2
embrace,694817998bc7657711c84ee6,1,Horrible experience ,"Never received money from them and had to go through a ridiculous amount of trouble just to try and get the money they owed me. Still haven’t received it!
",4,False,False,2025-11-11T00:00:00.000Z,2025-12-21T17:51:53.000Z,https://www.trustpilot.com/review/embracepetinsurance.com?page=2
embrace,6947c3c9f24eaf0f8d88ecde,5,This is our third year with Embrace,"This is our third year with Embrace. The web site is so easy to use and claims are always resolved with one to two days. Your reimbursements are back in your bank account quickly. They are dedicated to taking care of your pets. I messed up one claim by using the wrong year and instead of just declining my claim they saw my mistake and fixed it themselves let me know where my mistake was and continued to resolve and reimburse me for my claim. They are all friendly, outstanding representatives who are truly there to help you take care of your pets. ",0,False,False,2025-12-16T00:00:00.000Z,2025-12-21T11:54:17.000Z,https://www.trustpilot.com/review/embracepetinsurance.com?page=2
embrace,694751d87e1ade84d9f02f5f,5,Embrace has always been very good to me…,Embrace has always been very good to me and my pet. They are very helpful and response quickly when I have a question about coverage. They also process my claims in a responsible time.,0,False,False,2025-12-17T00:00:00.000Z,2025-12-21T03:48:08.000Z,https://www.trustpilot.com/review/embracepetinsurance.com?page=2
embrace,6946dd17e496a6a83ca8020b,1,Look anyway else but embrace!! Horrible!,"Was denied as I was told a tumor is the same as dry skin/allergies. I was informed Danielle was the tech who reviewed my request and she would call me within 48 hours. That was Wednesday 12/17 and it’s now Saturday 12/20 with no update. My vet sent over all the previous docs, notes & recommendations she still no update. I should have listened to my vet when they told me to look at a different company for insurance as they’ve heard horrible stories with previous clients! ",4,False,False,2025-12-17T00:00:00.000Z,2025-12-20T19:29:59.000Z,https://www.trustpilot.com/review/embracepetinsurance.com?page=2
embrace,6946abaf557ed06e1594811c,1,Embrace pet insurance is not worth the $!,Embrace pet insurance will try to not pay claims. My dog had burs from his morning walk and I took him to the vet because he was trying cough it up. Embrace has now decided my 3 year old pup will not be covered due to his coughing. I wonder if the people at embrace ate some burs if they might cough? This is ridiculous on every level. DO NOT WASTE YOUR $!!,4,False,False,2025-12-15T00:00:00.000Z,2025-12-20T15:59:11.000Z,https://www.trustpilot.com/review/embracepetinsurance.com?page=2
embrace,6945d5a006b3a7644146928e,3,I’m not super in love with Embrace,"I’m not super in love with Embrace. I feel as if they are slow in their claim review. My vet’s office is overwhelmed so I have to get my records from them to submit to Embrace but have had to, on more than one occasion, sent a reminder through the portal to take action on the review. 

I also think that their disclaimer review is sweeping and punative to older dogs adopted out of shelter. ",2,False,False,2025-12-19T00:00:00.000Z,2025-12-20T00:45:52.000Z,https://www.trustpilot.com/review/embracepetinsurance.com?page=2
embrace,6945c42d981f8d96ba33568a,5,first call to customer service,My first experience was calling about an email request for information. The customer service rep was extremely nice and helpful and took care of the issue and explained next steps. Very good experience. Hope all dealings with Embrace will be as good,0,False,False,2025-12-15T00:00:00.000Z,2025-12-19T23:31:25.000Z,https://www.trustpilot.com/review/embracepetinsurance.com?page=2
embrace,69457f89713fef6295ef817a,2,Been with Embrace for several years,"Been with Embrace for several years! Never a problem with claims or refunds! UNTIL NOW! Explanations meant nothing! Kept on going on about an issue from 1/2024 with teeth! even though that issue no longer was relevant! Didn't matter, it was on record so written in stone! Keep in mind going back 2years! The agents were very polite in trying to explain! But, still out hundred of dollars! Very disappointed! ",2,False,False,2025-12-19T00:00:00.000Z,2025-12-19T18:38:33.000Z,https://www.trustpilot.com/review/embracepetinsurance.com?page=2
embrace,6944c7ebcf6e7dbcdc55790d,1,I purchased Embrace Pet insurance for my German Shepherd dogs,"I purchased Embrace Pet insurance for two of my dogs six months ago. I researched a lot of companies and settled on Embrace. They seemed to have the best coverage for the price. The person that I signed up with on the phone originally said that they wouldn't cover any illness unless I had a Wellness Check done on my dogs. I thought that was silly considering they weren't sick, but whatever. He also told me that any accidents & injuries would be covered immediately (as in, the next day). 

Well, the next day, my German Shepherd sliced one of his paw pads really badly, so I made an appointment with my vet for the following day. By the time I got to the vet, a large portion of his paw pad had completely fallen off from the cut and he wasn't limping anymore. I was thankful. He was fine. I decided to go ahead and have a wellness check done since we were there. 

Embrace did not cover the injury because he had a wellness check and because there was supposedly a 14-day waiting period. Then I called Embrace and spoke to Derrick who checked into it and said that an accident should have been covered immediately and he would resubmit the claim.

Today, I received an email from Embrace stating that they would not cover the accident because there was a 30-day waiting period. These guys should really learn about the company they work for and get their stories straight. They also said that the vet's notes said that my mere 2-year-old German Shepherd had some tarter build-up and so that is now a pre-existing condition and they won't cover any dental for him if he has a problem. The paw pad of course, is not a pre-existing condition. And because the vet prescribed a parasite medication, they won't cover anything having to do with a parasite for at least 12 months. 

I mean, seriously? This is not how businesses should be run. I spend a lot of money on pet insurance and this company is full of a bunch of liars and scam artists. And when I was telling two of my friends about this today, they said that they had a similar experience and decided pet insurance was too expensive and cancelled their policy. When I told them that the company I was talking about was Embrace, they said, ""That's the one we had!""

So, that clinched it. I'm not nuts. That was enough for me and I have decided to cancel my policies with this company and will be seeking insurance elsewhere (probably the one I have for my other dog, PetFirst with MetLife). I hope this review was helpful for people. I really do not recommend this company at all. And, btw, this is only the second one-star review I have ever given to anyone, so this is legitimately bad in my opinion.",3,False,False,2025-06-10T00:00:00.000Z,2025-12-19T05:35:07.000Z,https://www.trustpilot.com/review/embracepetinsurance.com?page=2
embrace,69444904f2742722faebaf01,4,The process took longer than i thought…,"The process took longer than i thought it would, but everything went well.  ",0,False,False,2025-12-06T00:00:00.000Z,2025-12-18T20:33:40.000Z,https://www.trustpilot.com/review/embracepetinsurance.com?page=2
embrace,694448a0d7d52b7b6c570cf4,5,I was flabbergasted that a very large…,I was flabbergasted that a very large bill was immediately covered and I was told the check was in the mail.  They actually do stand behind their product!!,0,False,False,2025-12-11T00:00:00.000Z,2025-12-18T20:32:00.000Z,https://www.trustpilot.com/review/embracepetinsurance.com?page=2
embrace,6943c1caf3869e988b88bcbd,1,Worst renewal,"We had a generally good experience with Embrace over the years, but this most recent renewal has been a huge shock. While I expect reasonable annual increases, my premium almost doubled—jumping from $250 to nearly $600 a month.
What makes this even more frustrating is that my dog had zero claims over the past year. To see a rate hike this extreme without any change in my dog’s health or usage of the policy is unacceptable. At $7,200 a year just in premiums, it is now more cost-effective for me to simply set that money aside in a savings account for vet care rather than continue with this policy.
It’s a shame because the service started out great, but these 'sticker shock' renewals make it impossible for loyal customers to stay. If you’re looking for long-term affordability, be wary of the massive spikes you might face down the road.",3,False,False,2025-12-18T00:00:00.000Z,2025-12-18T10:56:42.000Z,https://www.trustpilot.com/review/embracepetinsurance.com?page=2
embrace,6943350a82e75eb2fac540a9,1,Rate almost doubled in one year,I've had a good experience with Embrace until this year at renewal.  The rates have gone up a reasonable amount until this year when they almost doubled.  It will be cheaper for me to set aside money for vet care rather than pay almost $400 for a high deductible low benefit policy,2,False,False,2025-12-01T00:00:00.000Z,2025-12-18T00:56:10.000Z,https://www.trustpilot.com/review/embracepetinsurance.com?page=3
embrace,6942f7c839d22a1349f352a1,5,The best billing customer service,"The best billing customer service, I have dealt with.",0,False,False,2025-12-17T00:00:00.000Z,2025-12-17T20:34:48.000Z,https://www.trustpilot.com/review/embracepetinsurance.com?page=3
embrace,6942ba6b2ee7a28850e55dd3,5,Saving Bella ,"5-Star Review for Embrace Pet Insurance
I can’t recommend Embrace Pet Insurance highly enough—it’s been a true lifesaver for my beloved cat Bella, and I wish every pet owner knew about it.
Bella has been insured with Embrace for over 11 years. For the first 10, she was the picture of health—never a single claim—and I nearly canceled the policy to save money. I’m so grateful I didn’t. Just months later, Bella was diagnosed with small cell lymphoma (SCL). We sought specialized treatment at Cornell University Veterinary Specialists for more than a year, and today, I’m overjoyed to say she’s in full remission. During that time, she was also diagnosed with hyperthyroidism and gingivitis, adding to the emotional and financial strain.
My plan has a reasonable $100 deductible, 80% reimbursement, and up to $10,000 annual coverage—perfect for comprehensive care without breaking the bank. Embrace covered diagnostics, chemotherapy, medications, specialist visits, and follow-ups promptly and fairly. Without this insurance, the costs would have been overwhelming, and I honestly don’t know if I could have afforded to give Bella the fighting chance she deserved. It might have forced a heartbreaking decision no pet parent should face.
What sets Embrace apart is their exceptional service: claims are processed quickly (often with direct deposit), medications are covered without hassle, and their staff is genuinely friendly, knowledgeable, and compassionate—answering every worried question with patience during our toughest days.
Pet insurance isn’t something you think you’ll need until you do—and when that moment comes (even after years of perfect health), Embrace is there like a safety net you didn’t know you had. Bella is thriving today because of it. If you love your pet as family, do them (and yourself) a favor: get Embrace. It’s peace of mind that turns out to be priceless.
Thank you, Embrace, for helping me save my girl’s life. ⭐⭐⭐⭐⭐",0,False,False,2025-12-17T00:00:00.000Z,2025-12-17T16:12:59.000Z,https://www.trustpilot.com/review/embracepetinsurance.com?page=3
embrace,6942118134a5560385f0be64,3,I initially called to update my contact…,"I initially called to update my contact and billing info. Billing was handled but I still am not able to update my email and password to access the account.  Its been about two weeks and counting.  please send a email with instructions for updating.  Thank you, EJ Kelley",0,False,False,2025-12-04T00:00:00.000Z,2025-12-17T04:12:17.000Z,https://www.trustpilot.com/review/embracepetinsurance.com?page=3
embrace,6941b09544eaa6a7ecb40a70,5,Very kind Compassionate and…,Very kind Compassionate and accommodating excellent service! I hope to put my other cats on multi Cat insurance with wellness plans soon. There claims process is easy fast and efficient website is excellent easy to navigate ,0,False,False,2025-11-24T00:00:00.000Z,2025-12-16T21:18:45.000Z,https://www.trustpilot.com/review/embracepetinsurance.com?page=3
embrace,6941a13e62d51cb0031f793e,5,Easy to submit claims,Easy to submit claims.  Very fast processing time.,0,False,False,2025-12-16T00:00:00.000Z,2025-12-16T20:13:18.000Z,https://www.trustpilot.com/review/embracepetinsurance.com?page=3
embrace,694192be0df398f7eb8d4f09,2,Claim documentation needs to be submitted multiple times,"Claim documentation submitted at least 4 times by my vet.  Embrace claims they have no documentation.  My vet says this is a common experience they have with Embrace.  VERY FRUSTRATIING.  

Problems:  A - in the emails to the vet, there is no claim # or policy # to match with the pet, so when the documentation is submitted, it must get lost in the many emails they get.  B - the email sent to the vet are from a no-reply email so if the vet hits ""repy"" button, obviously the email will send BUT it will go to an unmonitored email.  

Embrace needs to fix these issues.",1,False,False,2025-12-16T00:00:00.000Z,2025-12-16T19:11:26.000Z,https://www.trustpilot.com/review/embracepetinsurance.com?page=3
embrace,693f970e14d2d29032b9dddd,5,I have had pet insurance with Embrace…,I have had pet insurance with Embrace for 9 months now. They are very helpful and reimburse you with in days of your claim. Very sweet and knowledgeable. ,0,False,False,2025-12-09T00:00:00.000Z,2025-12-15T07:05:18.000Z,https://www.trustpilot.com/review/embracepetinsurance.com?page=3
embrace,693f0b2031d850c50b6c292c,5,They have been very helpful guiding me…,"They have been very helpful guiding me through my first claim.
Dave Kaplan",0,False,False,2025-12-14T00:00:00.000Z,2025-12-14T21:08:16.000Z,https://www.trustpilot.com/review/embracepetinsurance.com?page=3
embrace,693ef2829d93ffac51041578,5,I am just incredibly grateful to…,I am just incredibly grateful to whomever helped with my very first claim. I did not receive the check in the mail. I am very new to Embrace and just recently updated my direct deposit. I was initially told that the check had to be reissued which would have taken time. THANK YOU to whomever noticed my direct deposit set up and went that route instead.  I received an email letting me know and was relieved,1,False,False,2025-12-12T00:00:00.000Z,2025-12-14T19:23:14.000Z,https://www.trustpilot.com/review/embracepetinsurance.com?page=3
embrace,693dfef92186ac5df6c9dc65,1,They are a scam,"This company is a scam. They have repeatedly delayed and refused to pay the only claim we have ever submitted. 

Despite my providing all medical records my dog has ever received—multiple times—they continue to send emails claiming additional records are needed. 

I have told them, in writing, that those records do not exist, because my dog is usually very healthy and doesn’t visit the vet a lot. 

But they keep asking for more records and stalling. 

I have had to call them repeatedly, yet the issue remains unresolved and no payment has been made.  Based on this experience, I believe this company is engaging in unlawful bad-faith claims handling.",2,False,False,2025-11-07T00:00:00.000Z,2025-12-14T02:04:09.000Z,https://www.trustpilot.com/review/embracepetinsurance.com?page=3
embrace,693dcdee52ff1105b1015c21,5,I never expected such a smooth and easy…,"I never expected such a smooth and easy process when I submitted my first claims. The claims were processed and approved the same day I submitted. Never expected a ""hassle free"" experience. Thank you Embrace.",0,False,False,2025-12-10T00:00:00.000Z,2025-12-13T22:34:54.000Z,https://www.trustpilot.com/review/embracepetinsurance.com?page=3
embrace,693dacc69a60c0c7adc4e012,5,Came through when needed,People call insurance a scam and I couldn’t disagree more. I am now not in debt 9 grand because I purchased an embrace plan. ,0,False,False,2025-12-13T00:00:00.000Z,2025-12-13T20:13:26.000Z,https://www.trustpilot.com/review/embracepetinsurance.com?page=3
embrace,693cdba45fad9e5707b9f70e,5,First time experience ,"This is the first time we process a claim.  The process was fast and easy.  Embrace notifies us that the first claim might takes longer to process but it was just a few days before the claim was approved (teeth cleaning and one extraction).
Shortly after, we had to go back to the vet 4 times for ears infection.  All the visit claims were processed timely and we are satisfied with the result.
Thank you Embrace helping when we need it the most!!!",0,False,False,2025-11-17T00:00:00.000Z,2025-12-13T05:21:08.000Z,https://www.trustpilot.com/review/embracepetinsurance.com?page=3
embrace,693ada73d525652a0f8a3d69,1,Horrible,"Horrible. Stay away from this company at all costs. They actually find ways to get out of paying by stating “pre-existing conditions” for everything. I paid almost $10,000 at emergency vet and was reimbursed NOTHING. ",2,False,False,2025-12-11T00:00:00.000Z,2025-12-11T16:51:31.000Z,https://www.trustpilot.com/review/embracepetinsurance.com?page=3
embrace,693a0b6f50c0fa6ce9c65aa5,1,Raising rates to excess ,Raising rates to excess . Pay for 7 years once you need to use it they raise rates. You can’t get another insurance or everything is preexisting conditions at 7 years old . Terrible I will never use them again for any of my animals . Rate. Not raised a little but excessive beware . I expect there excuses to start . But I work in the pet industry my self what is excuses . I will not recommend them to any one any longer . All my recommendations will go to other ones I’ve learned are not so shady . Yeah you can lower a little if you take a huge detectable and they pay less lol I purchased them due to being same company as Geico. I’m thinking of also changing my car insurance now too. They know we are stuck due the preexisting conditions . Pets only live so long . So I’m not going to pay more for pets  insurance than  do my car . Crazy .,1,False,False,2025-12-08T00:00:00.000Z,2025-12-11T02:08:15.000Z,https://www.trustpilot.com/review/embracepetinsurance.com?page=3
embrace,6938ab84a64125f38beb4733,5,Good experience with 1st claim,Embrace was pretty good communicating the status to me and quick to reimburse once approved. I thought the filing process was very easy as well.,0,False,False,2025-12-05T00:00:00.000Z,2025-12-10T01:06:44.000Z,https://www.trustpilot.com/review/embracepetinsurance.com?page=3
embrace,693736fb2fd52cee57b4e896,1,sadly i have to give one star,"sadly i have to give one star - otherwise i would give zero. This company has zero customer service.
Due to a life changing situation (stroke) we wanted to cancel the policy. they ignored several emails regarding cancellation and refund and continued the policy and now don't even let us cancel the policy - no access now to policy or log in but charged our credit card. The absolute worst experience in an already exhausting life changing situation. 
awful. 
the worst experience. ",1,False,False,2025-12-08T00:00:00.000Z,2025-12-08T22:37:15.000Z,https://www.trustpilot.com/review/embracepetinsurance.com?page=3
embrace,6936e0a65832722007092379,5,Excellent App and Service!,Very easy to use app for filing/tracking claims and very fast response.  Thank you!,0,False,False,2025-12-03T00:00:00.000Z,2025-12-08T16:28:54.000Z,https://www.trustpilot.com/review/embracepetinsurance.com?page=3
embrace,69357dfc78662742bcf22eab,1,Stay away from,"I had a policy with embrace for two years.
All of my first year claims were denied.
In my second year my dog unfortunately had breast cancer removed, embrace covered $1100.
On the third year renewal after only paying out $1100 in two years, embrace TRIPLED my annual premium.
It was fine and dandy when they were collecting my money without paying claims but then the second they had to cover something they price gauged me. 
Cancelled same day.",2,False,False,2025-12-07T00:00:00.000Z,2025-12-07T15:15:40.000Z,https://www.trustpilot.com/review/embracepetinsurance.com?page=3
embrace,6934ff64651614261a46a75a,5,Everything is done very quickly and…,Everything is done very quickly and professionally.,0,False,False,2025-12-02T00:00:00.000Z,2025-12-07T06:15:32.000Z,https://www.trustpilot.com/review/embracepetinsurance.com?page=4
embrace,6934fc0ee39c4cb410d4a24e,5,Everyone was so helpful and kind,Everyone was so helpful and kind. They looked into the situation and fixed everything. Thank you ,0,False,False,2025-12-01T00:00:00.000Z,2025-12-07T06:01:18.000Z,https://www.trustpilot.com/review/embracepetinsurance.com?page=4
embrace,6934754d2f602ee864f4dbdd,5,Quick and easy claims experience,Filing a claim was quick and easy and you mailed a payment very promptly.  No hassle,0,False,False,2025-11-28T00:00:00.000Z,2025-12-06T20:26:21.000Z,https://www.trustpilot.com/review/embracepetinsurance.com?page=4
embrace,693367cf4c416f01071293b2,5,It did take a while to get my first…,"It did take a while to get my first claim completed, but once completed funds were in my account the next day.",0,False,False,2025-12-04T00:00:00.000Z,2025-12-06T01:16:31.000Z,https://www.trustpilot.com/review/embracepetinsurance.com?page=4
embrace,693338314ac9a1655f8edec8,1,Unhappy claim handling,To much back and forth to get a simple claim paid in a timely manner. Question after question. Needed proof that I canceled a previous policy from a different carrier. Why should that even matter. I had also recieved a note about pre existing condition. After 4 messages back and getting the proof of the canceled policy it finally went through. I can say that everyone I spoke with was nice and I was not which is not like me but I was ready to cancel and try another company but hopefully things will now go smoother. ,0,False,False,2025-12-05T00:00:00.000Z,2025-12-05T21:53:21.000Z,https://www.trustpilot.com/review/embracepetinsurance.com?page=4
embrace,693206c70b57e722806d2596,1,Exorbitant annual price increases,"I’ve been a client since 2018 for my 3 dogs. I was very happy in the beginning but they will slowly at first, then later rapidly and exponentially increase your premiums until you are forced out. Mine went up over $400 a month for next year!! They are essentially forcing me out. 
Would definitely NOT recommend!",0,False,False,2025-12-04T00:00:00.000Z,2025-12-05T00:10:15.000Z,https://www.trustpilot.com/review/embracepetinsurance.com?page=4
embrace,69308859b4cb6e64732b4d62,1,Medical documents not read thoroughly,Medical documents were submitted as requested along with an amendment on the notes. I did not recieve the full reimbursement due to a pre existing diagnoses according to adjuster . I had to resend the physician notes for clarification and now waiting for the case to be reviewed. Takes too long to recieve reimbursement.,0,False,False,2025-12-02T00:00:00.000Z,2025-12-03T20:58:33.000Z,https://www.trustpilot.com/review/embracepetinsurance.com?page=4
embrace,69308382b3026cecaf3798ce,5,If only people health insurance worked…,If only people health insurance worked this fast! Submitting a claim was fast and easy. Very impressive! My claim was processed and I was reimbursed within days of the incident. ,0,False,False,2025-11-28T00:00:00.000Z,2025-12-03T20:37:54.000Z,https://www.trustpilot.com/review/embracepetinsurance.com?page=4
embrace,692f0d2047212b54be4db9ef,5,Easiest and fastest experience…,Easiest and fastest experience submitting a claim. I did it in under 5 minutes from my phone and received approval in less than an hour. Absolutely outstanding!,0,False,False,2025-11-14T00:00:00.000Z,2025-12-02T18:00:32.000Z,https://www.trustpilot.com/review/embracepetinsurance.com?page=4
embrace,6929d66cf59e9ee21eb8ba1c,5,Easy and fast reimbursement.,Easy and fast reimbursement. ,0,False,False,2025-11-19T00:00:00.000Z,2025-11-28T19:05:48.000Z,https://www.trustpilot.com/review/embracepetinsurance.com?page=4
embrace,692754cb75f38df1c7404009,1,Embrace Not Worth the Cost,I don’t think Embrace pet insurance is worth the cost. You’d be better off putting the money into an account and saving for when you need it. They have denied everything and the one thing they paid was a few dollars for a several hundred dollar bill. ,0,False,False,2025-11-26T00:00:00.000Z,2025-11-26T21:28:11.000Z,https://www.trustpilot.com/review/embracepetinsurance.com?page=4
embrace,692751dfbe9d814dcac6c13c,5,"Completely satisfied, above and beyond","I have had pet insurance for about five years now. I never needed it until my dog tore her cruciate ligament. After submitting the appropriate paperwork and getting the operation, I was reimbursed almost immediately to the full value of the insurance. they answered the phone quickly when I called. Their website was user-friendly and easy to navigate. Their reception staff were always courteous and knowledgeable. In short, excellent experience and I cannot recommend enough.",0,False,False,2025-11-26T00:00:00.000Z,2025-11-26T21:15:43.000Z,https://www.trustpilot.com/review/embracepetinsurance.com?page=4
embrace,69260a23b3d865b1b038c500,5,Customer Service Rep was of great help…,Customer Service Rep was of great help getting the account established and apply all the discounts available for us.,0,False,False,2025-11-25T00:00:00.000Z,2025-11-25T21:57:23.000Z,https://www.trustpilot.com/review/embracepetinsurance.com?page=4
embrace,6925263af5b4cbbd65d36818,5,The Embrace customer service experience - Second to None,"The Embrace customer service experience is second to none. Every time I have needed assistance, they have treated me and my need with respect, courtesy, and diligence. They care about their pet parents. 

Also, the value for the pet coverage is 100% worth it. After having experienced caring for a very ill pet that required many vet visits and subsequent large vet bills, I know first hand how valuable Embrace Pet Insurance can be. They saved me thousands of dollars as well as providing me and my fur children with a first class customer service experience and care.  ",0,False,False,2025-11-21T00:00:00.000Z,2025-11-25T05:44:58.000Z,https://www.trustpilot.com/review/embracepetinsurance.com?page=4
embrace,6924fa6bd16b926a1ce66f9c,5,Embrace is always quick to respond to…,Embrace is always quick to respond to your claim & their representatives are always very nice & helpful on the phone. ,0,False,False,2025-11-20T00:00:00.000Z,2025-11-25T02:38:03.000Z,https://www.trustpilot.com/review/embracepetinsurance.com?page=4
embrace,6924727001590cc681f94832,5,Winston broke a bone in his front paw,"Winston broke a bone in his front paw. It was a Sunday so we took  him to emergency care. He had X-rays , exam , sedation and give  three meds to take home. We just got the claim  finalized and the exam not covered ( we had declined ) and the meds not covered. Same reason. So a bulk of it was applied to the deductible. ",0,False,False,2025-11-16T00:00:00.000Z,2025-11-24T16:57:52.000Z,https://www.trustpilot.com/review/embracepetinsurance.com?page=4
embrace,6923c037e4c9f39780822112,3,Hate to have to give this rating but...,"Hate to have to give this rating but I have to. I have been with embrace for about 4 years. I received the quote for next year and my jaw dropped. I understand as a pet ages the cost for renewal goes up. It works the same way with humans. Every year it would go up around $100-200 but not this time. I paid about $700ish for all of 2025 and next year is about $1300ish.  Almost double, this is insane. It was this year that I discovered he has Cushing's Disease and gallbladder sludge, what a coincidence. I believe this is deceptive practice because in ""pet insurance"" world, if your pet has a pre-existing condition, you can't just up and leave to another insurance. I feel this is how they trap you because they know that you do not have the freedom to just up and leave. Now you just have to settle on the exorbitant price increases. 

They will hit you with this copy/paste message "" Embrace evaluates our premium increases annually based on our entire book of business focusing on several factors, including the age of the insured pet(s), the tenure of the policy and also factoring in veterinary inflation. This includes not only rising veterinary costs but also the recent advances we are seeing in veterinary care. We strive to find a balance in maintaining quality coverage for the pets that we insure, while also factoring in changes in the marketplace.""

This is just an excuse to lighten the blow to you. I reiterate, the reality is if your pet develops a condition under their policy, they see it as free reign to double, triple, quadruple your renewal because no other insurance will take you now. Be careful. I will be challenging this.",0,False,False,2025-11-20T00:00:00.000Z,2025-11-24T04:17:27.000Z,https://www.trustpilot.com/review/embracepetinsurance.com?page=4
embrace,6923695fdc395b4fea6228f8,5,My furbabies are Embraced.,I have been or rather my furbabies have been clients of Embrace for many years now. Every time I've contacted Embrace by phone or electronically they responded quickly and professionally to that inquiry. ,0,False,False,2025-11-21T00:00:00.000Z,2025-11-23T22:06:55.000Z,https://www.trustpilot.com/review/embracepetinsurance.com?page=4
embrace,69227aef9a16b7b478a28f99,5,I have no complaints with Embrace other…,"I have no complaints with Embrace other than their APP never seams to work when I need it. Other wise excellent ! Submit claim and in 2 to 3 days your reimbursement is in the bank.
Love it! If only personal health insurance was that Easy!!!",0,False,False,2025-11-22T00:00:00.000Z,2025-11-23T05:09:35.000Z,https://www.trustpilot.com/review/embracepetinsurance.com?page=4
embrace,6922273396b84ca761cc0343,1,Rate tripled year over year,"Embrace will not cancel when your dog gets old.  However, they will raise your rate from $2,500 a year to $9,900 a year for a policy that pays a maximum of $10,000.  Embrace met their contracted obligations and advertised statements for 12 years.  Approach with caution.",1,False,False,2025-11-21T00:00:00.000Z,2025-11-22T23:12:19.000Z,https://www.trustpilot.com/review/embracepetinsurance.com?page=4
embrace,6921f504ea9fb45154c89046,5,Embrace Answers ,"The rep I spoke to was very understanding and said to submit my claim for my lost pet again and she’ll see if they will honor it. 
Anytime I had questions they were there to help me .
It’s great knowing the company is truly animal friendly ! ",0,False,False,2025-11-19T00:00:00.000Z,2025-11-22T19:38:12.000Z,https://www.trustpilot.com/review/embracepetinsurance.com?page=5
embrace,69211b2a4ca2c31b83d26a3f,5,Very pleased with Embrace Pet…,Very pleased with Embrace Pet Insurance.  I have the normal insurance plus the Wellness addition.  I have had a few claims with the Wellness part and have found it very easy to file the claim and received a response within a couple of days.  Very pleased with the quick response.  I have had the opportunity to speak with customer support and was pleased with the friendly and supportive assistance.,0,False,False,2025-11-18T00:00:00.000Z,2025-11-22T04:08:42.000Z,https://www.trustpilot.com/review/embracepetinsurance.com?page=5
embrace,6920ed2841b33b9905d53386,1,Do not use them,"Do not use them. After years (a decade and a half) of using them, the abruptly changed my monthly premium for two dogs to 1200$ from 400$, which had been steadily increasing. The maximum pay out is $10,000 because I set this up in 2010. It’s a disgrace that they treat senior dogs like this. Clearly this is a business, and they don’t care about your pets. I recommend looking elsewhere or invest the same money into a money market or low risk investment account. I will never use them again. ",1,False,False,2025-11-21T00:00:00.000Z,2025-11-22T00:52:24.000Z,https://www.trustpilot.com/review/embracepetinsurance.com?page=5
embrace,6920c821ce02c10b4893a615,5,The claims process was very simple.,The claims process was very simple.,0,False,False,2025-11-17T00:00:00.000Z,2025-11-21T22:14:25.000Z,https://www.trustpilot.com/review/embracepetinsurance.com?page=5
embrace,6920b06ddf21dfc881014b1e,1,Ripped me off,Ripped me off. I only had my policy a couple days and then they abruptly canceled it and kept my money. I tried to get in touch with them and they are not answering.,0,False,False,2025-11-21T00:00:00.000Z,2025-11-21T20:33:17.000Z,https://www.trustpilot.com/review/embracepetinsurance.com?page=5
embrace,691f93f526a60b64c9a46c4f,5,Handled our claim with thoughtfulness as well as efficiency. ,"We recently had to say goodbye to our faithful dog Nelson after several visits to the vet. Embrace handled our claim almost immediately. They sent a thoughtful message with condolences and were very help during this difficult time. 

They also took the time to remove Nelson from our account so I did not have to worry about getting that done, and applied a credit for the remaining days of his coverage to our account for our other dogs. ",0,False,False,2025-11-12T00:00:00.000Z,2025-11-21T00:19:33.000Z,https://www.trustpilot.com/review/embracepetinsurance.com?page=5
embrace,691f59e2f0391ceca563a87b,5,Quick Response,Embrace has a very quick response time.  My claim was viewed within 24 hours.  The app on my phone made it very convenient and easy to complete.  The information they give is easily understood. ,0,False,False,2025-11-17T00:00:00.000Z,2025-11-20T20:11:46.000Z,https://www.trustpilot.com/review/embracepetinsurance.com?page=5
embrace,691f59c05aa78f0331c6847d,1,Avoid this company — they will drop your senior dog when you need them most.,"I was an Embrace customer for over 13 years and used to recommend them to everyone. Sadly, I can’t say that anymore.

This year, they raised the premium on my 15-year-old chihuahua from about $2,000 to over $10,000 annually — even with the multi-pet discount. The plan only pays out a maximum of $10,000 per year, so the new price makes the coverage essentially worthless. They’re pushing us off the policy without technically cancelling us.

My dog has been insured with Embrace since he was 3 and had more than a decade of healthy years with almost no issues. Now that he’s developed two conditions that count as pre-existing, no other insurer will cover him in any meaningful way. After more than a decade of loyalty, we’re left uninsured when he needs help the most.

When I called Embrace for an explanation, all I got was a canned response about “state-approved rates” and rising veterinary costs. Yes, vet care has gone up — but nothing justifies a five-fold increase in one year.

Because of this experience, I’ll also be removing my younger dog from Embrace. A company that treats long-term customers this way does not deserve our trust.",1,False,False,2025-11-17T00:00:00.000Z,2025-11-20T20:11:12.000Z,https://www.trustpilot.com/review/embracepetinsurance.com?page=5
embrace,691f267e1100caef36e3ae00,5,Embrace is a top notch pet insurance company,"Embrace provides a very easy claims process, with reimbursement sometimes happening on the same day.  It also provides great coverage for the money.  The support staff is empathetic and very helpful, even offering suggestions to lower premium costs without jeopardizing coverage.  We have two dogs who have been covered by Embrace for many years and some serious medical issues.  ",0,False,False,2025-11-18T00:00:00.000Z,2025-11-20T16:32:30.000Z,https://www.trustpilot.com/review/embracepetinsurance.com?page=5
embrace,691e5ba58a66f3043c34b642,5,Glad to be here,"I just signed up for my 2 cats after my last company jacked up the premium for one cat from $160 per month to $550. The person I spoke with was pleasant, clear and informative. The sign up process was easy and quick. The rates were very good. So far, so good.",0,False,False,2025-11-15T00:00:00.000Z,2025-11-20T02:07:01.000Z,https://www.trustpilot.com/review/embracepetinsurance.com?page=5
embrace,691d788297ce9d501a69461d,5,FIXED A PROBLEM IN A TIMELY MANNER.,FIXED A PROBLEM IN A TIMELY MANNER.,0,False,False,2025-11-17T00:00:00.000Z,2025-11-19T09:57:54.000Z,https://www.trustpilot.com/review/embracepetinsurance.com?page=5
embrace,691cf53cbb6f0adc67f038c5,5,Thank goodness for Dog insurance with Embrace,"My dog was hit by a car and Embrace were very helpful when I called them about this. I submitted all the paper work  and received payment within a few days.
Would recommend them 
Easy to use system for claims and extremely polite staff.",0,False,False,2025-11-10T00:00:00.000Z,2025-11-19T00:37:48.000Z,https://www.trustpilot.com/review/embracepetinsurance.com?page=5
embrace,691ce2998af25fc5d3b317b2,5,Efficient ,"Fast, thorough, and efficient claim process.",0,False,False,2025-11-10T00:00:00.000Z,2025-11-18T23:18:17.000Z,https://www.trustpilot.com/review/embracepetinsurance.com?page=5
embrace,691ccb6b55ec5bf2b158b92a,5,Very pleased with Embrace,Embrace Insurance has a easy to use app for filing claims and they provide excellent communication about the status of a claim. I am very pleased with the coverage our policy has provided. ,0,False,False,2025-11-10T00:00:00.000Z,2025-11-18T21:39:23.000Z,https://www.trustpilot.com/review/embracepetinsurance.com?page=5
embrace,691cc5584bf26bc4908bffbf,1,They can can’t answer my questions ,"I keep calling I get no answers today. I got put on hold and then to a voicemail which no one’s responded to. I haven’t paid any of my claims since August so I would say I am not a very happy customer. They used to be great, but now not so much.. ",0,False,False,2025-11-18T00:00:00.000Z,2025-11-18T21:13:28.000Z,https://www.trustpilot.com/review/embracepetinsurance.com?page=5
embrace,691cba68346bd8a6dcbbaed2,5,I am going to be honest,"I am going to be honest: I was worried. But my first claim ever submitted was so easy and the wonderful employees at Embrace processed it so quickly, delivering me a comprehensive breakdown and everything and a quick return on my refund. My pup needed extensive testing with a specialist and I would do anything for him. Embrace gave me peace of mind that I could do that and more within my policy and have the financial help I needed to do it. I cannot speak more highly of Embrace and will continue to utilize their services for my pup now and my pups in the future. ",0,False,False,2025-11-18T00:00:00.000Z,2025-11-18T20:26:48.000Z,https://www.trustpilot.com/review/embracepetinsurance.com?page=5
embrace,691b2ab70f65f6a68a4385e0,5,The person in customer service was…,The person in customer service was great and very helpful.,0,False,False,2025-11-17T00:00:00.000Z,2025-11-17T16:01:27.000Z,https://www.trustpilot.com/review/embracepetinsurance.com?page=5
embrace,691b288099f23d7cca0c5ff6,5,Very easy to use and submit a claim,Very easy to use and submit a claim,0,False,False,2025-11-17T00:00:00.000Z,2025-11-17T15:52:01.000Z,https://www.trustpilot.com/review/embracepetinsurance.com?page=5
embrace,691ac7a0fe75667ff12144c8,5,The process was much easier than previous…,"The process was much easier than previous experiences.  Last year I had bills that I didn't submit because I dreaded the process.  I was overwhelmed with illness in the family and could not not get my head around the forms.  however, I find this  insurance more expensive than others,  The deductible is outrageous. Dr. Hoffman is fabulous.",0,False,False,2025-11-07T00:00:00.000Z,2025-11-17T08:58:40.000Z,https://www.trustpilot.com/review/embracepetinsurance.com?page=5
embrace,691a6a76007c48c15236e054,5,Claims are so easy to do!,Claims are so easy to do! ,0,False,False,2025-11-16T00:00:00.000Z,2025-11-17T02:21:10.000Z,https://www.trustpilot.com/review/embracepetinsurance.com?page=5
embrace,691a569d489d5887e291a143,1,Ten Years of Trust Gone Overnight,"I’m really sad to write this review. I’ve had Embrace for ten years with no issues and I even recommended them to others long before they had a referral program. As we approached the ten year mark, they started calling me nonstop. When I finally spoke with someone, they told me my premium was increasing to 4.5x what I had been paying. This was on top of the yearly increases they already apply. They were calling because they KNEW people would be pissed if that auto charge would have happened without letting people know. 

This is the stage of my dog’s life when she needs coverage the most, and they raised the premium higher than what I pay for both my own and my son’s health insurance combined. It feels like they were trying to push long term customers out before any major vet bills come up.

I am extremely disappointed and now my aging dog is left without coverage. It's all shady and typical for an insurance company. I now tell everyone to avoid Embrace and just save money is a pet savings account for the day you may need it. ",2,False,False,2025-05-12T00:00:00.000Z,2025-11-17T00:56:29.000Z,https://www.trustpilot.com/review/embracepetinsurance.com?page=6
embrace,691a56547f5bde25530c54bc,1,No Common Sense,"What went wrong was when I signed up my new puppy, the wellness policy was not added. I turned in a claim, and it was denied. Now, I have another dog signed up for almost a year. Common sense would tell you to sign up the dog for wellness when I said I wanted the same thing the first dog had. Then I spoke with someone else, and they said I could add wellness. I would have to pay over $400.00 because it would have to be backdated to before the dog was born. Senseless!",0,False,False,2025-11-14T00:00:00.000Z,2025-11-17T00:55:16.000Z,https://www.trustpilot.com/review/embracepetinsurance.com?page=6
embrace,691a2ca034280ef8f69af49b,5,Claims & overall site,Revised site & claims process much improved & easier,0,False,False,2025-11-16T00:00:00.000Z,2025-11-16T21:57:20.000Z,https://www.trustpilot.com/review/embracepetinsurance.com?page=6
embrace,691a22ceef0c8ffef9a24508,5,Submitting the claim was fast and simple,Submitting the claim was fast and simple ,0,False,False,2025-11-16T00:00:00.000Z,2025-11-16T21:15:26.000Z,https://www.trustpilot.com/review/embracepetinsurance.com?page=6
embrace,691a0d4b34df7e9badf8bd25,5,Great,"simple, quick, and efficient website. Took less than five minutes to upload the claim. ",0,False,False,2025-11-16T00:00:00.000Z,2025-11-16T19:43:39.000Z,https://www.trustpilot.com/review/embracepetinsurance.com?page=6
embrace,6919fe858abd801142aa5198,5,"Quick, Easy, Attentive",Customer service is easy to reach and can always help me.  They are quick to review and reimburse claims.  I have been really pleased with the coverage and service for my pets since we have had Embrace the past 7 years.,0,False,False,2025-11-16T00:00:00.000Z,2025-11-16T18:40:37.000Z,https://www.trustpilot.com/review/embracepetinsurance.com?page=6
embrace,6919fdb7b9f066e9b5cd9cad,5,I talked to two people,I talked to two people. The second called me to see what they could do to make the policy work for me. We were on the phone for an hour before we could find a solution. It was amazing customer service.,0,False,False,2025-11-13T00:00:00.000Z,2025-11-16T18:37:11.000Z,https://www.trustpilot.com/review/embracepetinsurance.com?page=6
embrace,6919f2c0a29733025274c253,5,As always I appreciate EMBRACE,"As always I appreciate EMBRACE. A real human answers the phone!!!!  AND called me! When does THAT happen anymore. 
Also It is easy to file a claim.  No hidden small print.  What’s covered is clear.  In the past I have received fair and prompt reimbursement. I hope they never change their way of doing business.",0,False,False,2025-11-16T00:00:00.000Z,2025-11-16T17:50:24.000Z,https://www.trustpilot.com/review/embracepetinsurance.com?page=6
embrace,691905cfba430c31f5bd69a0,5,Recommend Embrace for coverage,"Have only had coverage for 4 cats for about 6 months now, but I am very pleased with their customer service.  Filing of claims has been exceptionally easy.  I highly recommend getting coverage with Embrace.",0,False,False,2025-11-15T00:00:00.000Z,2025-11-16T00:59:27.000Z,https://www.trustpilot.com/review/embracepetinsurance.com?page=6
embrace,6918d3f4d34539181165768d,5,This was easy and took only a few…,This was easy and took only a few mintues.  ,0,False,False,2025-11-15T00:00:00.000Z,2025-11-15T21:26:44.000Z,https://www.trustpilot.com/review/embracepetinsurance.com?page=6
embrace,6918cf09470045b2a0f05def,5,The process of submitting a claim is…,The process of submitting a claim is fairly easy. Claims are also handled in a timely fashion.,0,False,False,2025-11-15T00:00:00.000Z,2025-11-15T21:05:45.000Z,https://www.trustpilot.com/review/embracepetinsurance.com?page=6
embrace,6918ca04df4677eb0c9a3c7b,5,Such Ease and user friendly!,Such Ease and user friendly!,0,False,False,2025-11-15T00:00:00.000Z,2025-11-15T20:44:20.000Z,https://www.trustpilot.com/review/embracepetinsurance.com?page=6
embrace,6918a8d9a1a9ec57433aa18f,5,Rep's always helpful & courteous.  Thank you ,Rep's always helpful ,0,False,False,2025-11-13T00:00:00.000Z,2025-11-15T18:22:49.000Z,https://www.trustpilot.com/review/embracepetinsurance.com?page=6
embrace,691812f4f41c8f73ff469938,5,Embrace is a great pet insurance,"Embrace is a great pet insurance! They make it so easy to put in a claim. So thankful we haven’t had to put in a claim in a long time, but when Bootsie had an ear infection the other day, we sent in a claim and got feedback right away. I would recommend this insurance to anybody looking for a good pet insurance! ",0,False,False,2025-11-10T00:00:00.000Z,2025-11-15T07:43:17.000Z,https://www.trustpilot.com/review/embracepetinsurance.com?page=6
embrace,6917b9e1147c0ce9c94f7f88,5,Fast and easy to submit a claim and the…,Fast and easy to submit a claim and the claim is usually paid the next day!,0,False,False,2025-11-14T00:00:00.000Z,2025-11-15T01:23:13.000Z,https://www.trustpilot.com/review/embracepetinsurance.com?page=6
embrace,69179a4d86a35104a85ede9b,5,It was straightforward and step by step…,It was straightforward and step by step instructions were provided. The whole process did not take long,0,False,False,2025-11-14T00:00:00.000Z,2025-11-14T23:08:29.000Z,https://www.trustpilot.com/review/embracepetinsurance.com?page=6
embrace,69178f5d10e6a28e3f3b94cc,5,Outstanding Support!!!!,"We have been with Embrace since August 2024.  Our coverage includes wellness, accident and illness insurance for two adult male cats.  We just submitted our first two illness claims resulting from a significant, initially life threatening, stroke suffered by one of them.  Treatment included emergency, ICU and stabilization procedures at one practice for two days followed by two additional days at a neurological specialist and advanced care facility.  Embrace approved both claims within 24 hours.  The claims process was both flawless and seamless - truly outstanding in all regards.  In all aspects our experience denoted a competent, professional and caring company that provides its advertised services in an exemplary manner.  Highly recommend in all regards.  6.0 on a 5.0 scale.",0,False,False,2025-11-09T00:00:00.000Z,2025-11-14T22:21:49.000Z,https://www.trustpilot.com/review/embracepetinsurance.com?page=6
embrace,69178e1cc13e96d219f57de0,5,I like the ease and speed filing a…,I like the ease and speed filing a claim takes.,0,False,False,2025-11-14T00:00:00.000Z,2025-11-14T22:16:29.000Z,https://www.trustpilot.com/review/embracepetinsurance.com?page=6
embrace,6917861f79c6e77c898b677d,5,Quick and easy claim submission,Quick and easy claim submission. Usually doesn't rake long for reimbursement.,0,False,False,2025-11-14T00:00:00.000Z,2025-11-14T21:42:23.000Z,https://www.trustpilot.com/review/embracepetinsurance.com?page=6
embrace,691765fb7c8c9c84dc498a71,5,Quick and easy submission,Quick and easy submission.  Terms of the policy seem to be fair and really help.  Years ago I had pet insurance which did little to nothing.,0,False,False,2025-11-14T00:00:00.000Z,2025-11-14T19:25:15.000Z,https://www.trustpilot.com/review/embracepetinsurance.com?page=6
embrace,691757a0ed6b6ad3f0f175a6,5,Embrace Pet Insurance has provided excellent service,Embrace Pet Insurance has provided excellent coverage for my Dachsund Luna. Claims have been acted upon in a quick and timely manner. ,0,False,False,2025-11-14T00:00:00.000Z,2025-11-14T18:24:00.000Z,https://www.trustpilot.com/review/embracepetinsurance.com?page=7
embrace,691753370f34be7dc7f9e8e2,5,Easy to submit online and quick…,"Easy to submit online and quick response time, everytime I've called with a question everyone has been friendly and courteous! ",0,False,False,2025-11-14T00:00:00.000Z,2025-11-14T18:05:11.000Z,https://www.trustpilot.com/review/embracepetinsurance.com?page=7
embrace,69174a7b0f65fd3018c7e2fa,5,All went well.,All went well.,0,False,False,2025-11-14T00:00:00.000Z,2025-11-14T17:27:55.000Z,https://www.trustpilot.com/review/embracepetinsurance.com?page=7
embrace,69174745402915c757aea4bd,5,Exceeded expectations,"The claims process was quick, efficient, easy and very fast. The claim was processed within 24 hours and the reimbursement was received within a couple days. Very happy with the entire process. ",0,False,False,2025-11-10T00:00:00.000Z,2025-11-14T17:14:13.000Z,https://www.trustpilot.com/review/embracepetinsurance.com?page=7
embrace,6917229a76f7c6fb1a3950f7,5,Super easy submitting claim.,Super easy submitting claim.  ,0,False,False,2025-11-14T00:00:00.000Z,2025-11-14T14:37:46.000Z,https://www.trustpilot.com/review/embracepetinsurance.com?page=7
embrace,6916b1a0dd5d1c57348edaf4,5,Embrace delivers,"Embrace delivers!  I constantly have excellent service from awesome people.   They are fast, efficient, and alerts kind and professional.  As long as I have pets, I will have embrace.
Elise B",0,False,False,2025-11-10T00:00:00.000Z,2025-11-14T06:35:44.000Z,https://www.trustpilot.com/review/embracepetinsurance.com?page=7
embrace,69167910442c22c2ea3fac00,5,FAST and EASY!,FAST and EASY!,0,False,False,2025-11-13T00:00:00.000Z,2025-11-14T02:34:24.000Z,https://www.trustpilot.com/review/embracepetinsurance.com?page=7
embrace,691668dbf6b06c5d6a90afb5,5,I am 100% happy and grateful for Embrace Pet Insurance,"This is my first experience with pet insurance and I could not be happier with Embrace. After my dachshund was diagnosed with a significant issue, I crossed my fingers that the coverage would kick in and that it would be a seamless and easy process.

It has been both simple and easy. I've submitted several claims and all of them were reviewed the day they were submitted and paid that same day.

Every call I've had with them has been very helpful and pleasant. They are responsive and seem to really care about my dogs care and my experience. 

I wish my own personal insurance was as easy!",0,False,False,2025-11-06T00:00:00.000Z,2025-11-14T01:25:15.000Z,https://www.trustpilot.com/review/embracepetinsurance.com?page=7
embrace,6916663ff446efe9529a70f6,5,Embrace has been AMAZING!!,Embrace has been AMAZING!!! I’ve had in the last week 4 vet visits that they have been so quick with response and approval and payments for the visits! ,0,False,False,2025-11-06T00:00:00.000Z,2025-11-14T01:14:07.000Z,https://www.trustpilot.com/review/embracepetinsurance.com?page=7
embrace,691639cca3eff6c8ac9d3a8a,5,Always a prompt and accurate response,Always a prompt and accurate response,0,False,False,2025-11-13T00:00:00.000Z,2025-11-13T22:04:28.000Z,https://www.trustpilot.com/review/embracepetinsurance.com?page=7
embrace,6916285cffce87e40b6d3eae,1,Tries to deny claims,"They're an insurance company that does everything they can to deny a claim. Did you bring your pet to the vet after noticing strange behaviors and symptoms? Well according to them,  that's just a ""routine checkup"" that doesn't qualify for insurance, even if your pet is prescribed medicines and/or a diet.",0,False,False,2025-11-13T00:00:00.000Z,2025-11-13T20:50:04.000Z,https://www.trustpilot.com/review/embracepetinsurance.com?page=7
embrace,6916119476c199e96fbe1396,5,User Friendly,Claim process is pretty easy. ,0,False,False,2025-11-12T00:00:00.000Z,2025-11-13T19:12:52.000Z,https://www.trustpilot.com/review/embracepetinsurance.com?page=7
embrace,6915dc77bc1d45dc6beeb297,5,I am so thankful I have embrace for my…,"I am so thankful I have embrace for my two pups Chubbs and Darlie, it give me peace when I have to take them to vet no matter what is going on",0,False,False,2025-11-10T00:00:00.000Z,2025-11-13T15:26:15.000Z,https://www.trustpilot.com/review/embracepetinsurance.com?page=7
embrace,691566d4b124ec967f37576b,1,The Embrace website is HORRIBLE!!!,"The Embrace website is clumsy, hides info to check for errors, slow to send confirmation emails, in a word: DISASTEROUS!  I will be looking to switch my pet insurance just for the HORRIBLE EMBRACE WEBSITE DISASTER!",0,False,False,2025-11-12T00:00:00.000Z,2025-11-13T07:04:20.000Z,https://www.trustpilot.com/review/embracepetinsurance.com?page=7
embrace,69155b474785a5ac218d7a18,5,Very easy to submit the claim!,Very easy to submit the claim! ,0,False,False,2025-11-11T00:00:00.000Z,2025-11-13T06:15:03.000Z,https://www.trustpilot.com/review/embracepetinsurance.com?page=7
embrace,691532dadc7104d2888a4dfd,5,Great experience ,"The claims portion is so easy to use. Well explained and fast.
We made claims and 2 hours later they were complete.
Great experience!",0,False,False,2025-11-11T00:00:00.000Z,2025-11-13T03:22:34.000Z,https://www.trustpilot.com/review/embracepetinsurance.com?page=7
embrace,6914e88b13f337b50cf506b0,5,Always very quick with a fair response,Always very quick with a fair response. Recommend this pet insurance for anyone with pets.,0,False,False,2025-11-12T00:00:00.000Z,2025-11-12T22:05:31.000Z,https://www.trustpilot.com/review/embracepetinsurance.com?page=7
embrace,6914e62bfa2442dbf915fee1,5,Very easy to submit a claim.,Very easy to submit a claim.,0,False,False,2025-11-12T00:00:00.000Z,2025-11-12T21:55:23.000Z,https://www.trustpilot.com/review/embracepetinsurance.com?page=7
embrace,6914e23659a61384951a82e4,5,⭐️⭐️⭐️⭐️⭐️,"⭐️⭐️⭐️⭐️⭐️

I had such a great experience using this site! The process to file a claim was super easy and straightforward — everything was clearly explained, and it only took a few minutes to complete. The layout is clean and user-friendly, and I really appreciated how quick and efficient the whole process was. Highly recommend this site to anyone who wants a fast and hassle-free way to submit a claim!",0,False,False,2025-11-12T00:00:00.000Z,2025-11-12T21:38:30.000Z,https://www.trustpilot.com/review/embracepetinsurance.com?page=7
embrace,6914e1a9d1758f2db0df8fab,5,Our First Experience With Embrace!,"Recently, our rescue puppy, JR, now 9 years old, required surgery for an ear hematoma.  We have had Embrace Insurance since we brought him home but until now, had never used it, so I was a little apprehensive about filing a claim.  I have to say that it was one of the easiest, most transparent processes I have ever been through with any insurance company.  I uploaded the invoice from the vet, answered a few short questions, and the submission was done.  The time was 3:18 pm EST.  At 3:34 pm EST I received an email acknowledging the submission and giving us the good news that the claim was complete and that the surgery was covered by our policy! Embrace kept me informed every step of the way, the submission process was simple and clear, and the resolution was lightning fast!  I am still shaking my head in disbelief at how easy this was, and thankful that I kept this coverage from the beginning.  This is a great company that I highly recommend!  Well done, Embrace!!! And THANK YOU!!!",0,False,False,2025-11-11T00:00:00.000Z,2025-11-12T21:36:09.000Z,https://www.trustpilot.com/review/embracepetinsurance.com?page=7
embrace,6914d86c1bee86d9f1e78d22,5,Embrace is great!,"Embrace is a great company to insure your pets; we have worked with them for at least 10 years. Submitting claims is easy, they cover a great amount, and I have never had issues with them. It's nice to have the trust that our pets can get the care they need, and we can afford it because of Embrace.",0,False,False,2025-11-07T00:00:00.000Z,2025-11-12T20:56:44.000Z,https://www.trustpilot.com/review/embracepetinsurance.com?page=8
embrace,6914af3182a1f7131cf05000,5,Website is easy to work with,Website is easy to work with.  Customer service and reimbursements are quick.  Just hoping they can keep their rates the same as my contract is going to expire soon.  ,0,False,False,2025-11-11T00:00:00.000Z,2025-11-12T18:00:49.000Z,https://www.trustpilot.com/review/embracepetinsurance.com?page=8
embrace,6914ab6c936bd7dec76411e2,5,Easy claims submission and fast…,"Easy claims submission and fast payment. 

Website is easy to navigate and this insurance is priced right!!",0,False,False,2025-11-12T00:00:00.000Z,2025-11-12T17:44:44.000Z,https://www.trustpilot.com/review/embracepetinsurance.com?page=8
embrace,691457d4ec707b624f26839b,5,just followed directions they were…,just followed directions they were plain and clear,0,False,False,2025-11-12T00:00:00.000Z,2025-11-12T11:48:04.000Z,https://www.trustpilot.com/review/embracepetinsurance.com?page=8
embrace,6913d621c7dda13c2df7e05d,5,Claim,Speedy efficient responses via email and claim. ,0,False,False,2025-11-11T00:00:00.000Z,2025-11-12T02:34:41.000Z,https://www.trustpilot.com/review/embracepetinsurance.com?page=8
embrace,6913c03d2840938bf78d5c7e,5,Easy to file a claim.,Easy to file a claim.,0,False,False,2025-11-11T00:00:00.000Z,2025-11-12T01:01:17.000Z,https://www.trustpilot.com/review/embracepetinsurance.com?page=8
embrace,6913a162e2ddba58ca1fbe30,5,I'm satisfied with how my claim is processed. It's expeditiously paid. No hassles.,I'm satisfied with how my claim is ,0,False,False,2025-11-10T00:00:00.000Z,2025-11-11T22:49:38.000Z,https://www.trustpilot.com/review/embracepetinsurance.com?page=8
embrace,691377b148c7ccac93ced3e1,5,Quick and Fair ,"Our Pit-Lab mix dog Coco has been insured by Embrace Pet Insurance since she was 6 weeks old.  She was given a clean bill of health, and after the required waiting period, she has had full coverage up to $10,000.   At the age of 3, Coco was diagnosed with Exocrine Pancreatic Insufficiency, a genetic disease that can be treated but not cured.  The treatment is over $500 per month, but Embrace has been paying 80% of that cost continuously since she was diagnosed.  My rates have not risen any more than a healthy dog, and they have never refused a claim.",0,False,False,2025-11-11T00:00:00.000Z,2025-11-11T19:51:45.000Z,https://www.trustpilot.com/review/embracepetinsurance.com?page=8
embrace,69136ca96a0259add5d6468d,5,Fast and easy to submit claims,Fast and easy to submit claims,0,False,False,2025-11-11T00:00:00.000Z,2025-11-11T19:04:41.000Z,https://www.trustpilot.com/review/embracepetinsurance.com?page=8
embrace,6913611f96be799447714cde,5,Your employees are your best…,Your employees are your best Ambassadors for your business.  They ROCK!!!!!,0,False,False,2025-11-10T00:00:00.000Z,2025-11-11T18:15:27.000Z,https://www.trustpilot.com/review/embracepetinsurance.com?page=8
embrace,6913606e546e5d7f825fcd6b,5,Submitting a claim,"
Just had to submit a claim.  My dog ate a corn cob.  The website is very easy to work with and Embrace customer service is excellent ",0,False,False,2025-11-11T00:00:00.000Z,2025-11-11T18:12:30.000Z,https://www.trustpilot.com/review/embracepetinsurance.com?page=8
embrace,69135cfcdb491dff3c741267,5,Submitting a claim was way easier than…,Submitting a claim was way easier than I expected.,0,False,False,2025-11-11T00:00:00.000Z,2025-11-11T17:57:48.000Z,https://www.trustpilot.com/review/embracepetinsurance.com?page=8
embrace,69135a3e17432730350f0473,5,So Thankful For Embrace Coverage!,"Pet insurance isn't cheap, especially as they get older, but it has been invaluable in giving us peace of mind when we've been concerned about a health issue.  Our 10-year-old chocolate lab had a lump that turned out to be cancerous, then surgery, then complications from surgery, then three months of follow-up appointments (and cone wearing, poor thing!).  The whole ordeal cost THOUSANDS of dollars and because of the high level plan we had selected, 90% of the costs were reimbursed to us.  I am so thankful that concerns about money didn't prevent us from essentially being able to save his life.  Our tabby cat is 9 1/2 and I just submitted her first claim; our out of pocket expenses will cover  2/3 of the deductible and because I expect additional testing and treatment to diagnose and treat whatever is causing her to have bald spots, I am again relieved to know that I can afford to do what is needed for her because soon 90% of the costs will be reimbursed. Like I said, it's pricey, but if you can manage the monthly payments, it brings so much peace of mind when those big things happen!",0,False,False,2025-11-11T00:00:00.000Z,2025-11-11T17:46:06.000Z,https://www.trustpilot.com/review/embracepetinsurance.com?page=8
embrace,69135454c48319b17d2bf268,5,Fast and easy claim process and reimbursement,"We have been customers of Embrace for over a decade and are always impressed by their service. Pricing is fair, and I appreciate the ability to add on services like wellness. The online claims submission is incredibly easy, and the explanation of benefits is easy to understand. Even if something is not covered, I understand why. I wish all insurance were this easy to deal with!",0,False,False,2025-11-10T00:00:00.000Z,2025-11-11T17:20:52.000Z,https://www.trustpilot.com/review/embracepetinsurance.com?page=8
embrace,69134c68f65633b213dccb13,4,"Quick, easy and done","Appreciate the rapid timing on claim process. Review process was quick. Received call from customer service team to discuss renewal. Provided all info requested to compare with previous numbers, as well as other options. Nice and easy website which makes it easy to submit claims.",0,False,False,2025-10-21T00:00:00.000Z,2025-11-11T16:47:04.000Z,https://www.trustpilot.com/review/embracepetinsurance.com?page=8
embrace,6912dbe9fcde2787624ecf0f,5,Embrace has covered my cats for nearly 15 years,Embrace has been covering my two cats for most of their 15 years. It has been easy to file claims. I receive electronic reimbursements. I have peace of mind that I can continue to afford and pursue quality care for my boys as they age.,0,False,False,2025-11-03T00:00:00.000Z,2025-11-11T08:47:05.000Z,https://www.trustpilot.com/review/embracepetinsurance.com?page=8
embrace,6912d1d449a96a0f59bf4506,5,Simplicity of use.,Simplicity of use.,0,False,False,2025-11-10T00:00:00.000Z,2025-11-11T08:04:04.000Z,https://www.trustpilot.com/review/embracepetinsurance.com?page=8
embrace,691275d923e1ab54d4cfe185,5,I am very happy with Embrace Pet…,"I am very happy with Embrace Pet Insurance.  We got the insurance about 5 years ago, and didn't really need to use it until this year, and the process to file a claim was really easy.",0,False,False,2025-11-10T00:00:00.000Z,2025-11-11T01:31:37.000Z,https://www.trustpilot.com/review/embracepetinsurance.com?page=8
embrace,69126cb21653bf7dd50c7298,5,To submit a claim is very easy,To submit a claim is very easy.  App is user Friendly.  Thank you for making this so easy.  ,0,False,False,2025-11-10T00:00:00.000Z,2025-11-11T00:52:34.000Z,https://www.trustpilot.com/review/embracepetinsurance.com?page=8
embrace,69124f65d4d142ff546823ce,3,Telephone kept disconnecting after…,"Telephone kept disconnecting after waiting for many minute. Disconnections when taking to a rep
Finally got log in figured out and now I am happy.",0,False,False,2025-11-10T00:00:00.000Z,2025-11-10T22:47:33.000Z,https://www.trustpilot.com/review/embracepetinsurance.com?page=8
embrace,69124bcd547de58dbb0cfd62,1,Customer Service Grossly Misrepresents their Policies,"My pet insurance policy was misrepresented to me prior to purchase, but Embrace is telling me that they don't uphold anything said by their customer service reps. I attempted to clarify a policy detail with customer service prior to purchasing the policy and they assured me that only pre-existing conditions were not covered by the policy. The reality is that any condition which the insurance company deems related to a pre-existing condition is additionally not covered by the policy. In my case, one of my cats has Entropion, which is considered a pre-existing condition since she has had it since birth. I paid for the surgery to correct it, but now Embrace informed me that any eye conditions (for example, conjunctivitis) will not be covered at all by the policy unless the vet can clearly attribute the cause to an injury or other illness. If they cannot, they will just assume the eye condition is related to the pre-existing condition (Entropion). This is a gross misrepresentation of the policy given that I explicitly asked customer service questions to try and understand what was and was not covered, and this exclusion was not mentioned to me.

EDIT: Embrace replied below to this review, but you'll notice that they totally avoided my concern. I am not disputing that Entropion is a pre-existing condition. I'm disputing the fact that Embrace does not consider it curable when in fact there is a surgery to correct it, and I am also disputing the fact that Embrace refuses to cover any future eye related issues unless they can be explicitly tied to an injury or other illness.

They do not even have a public list of what they consider to be curable and non-curable conditions, and they won't disclose this to you because it's totally at their discretion.",1,False,False,2025-11-07T00:00:00.000Z,2025-11-10T22:32:13.000Z,https://www.trustpilot.com/review/embracepetinsurance.com?page=9
embrace,69124b1ffe886b26491e0c35,4,Submitting a claim was easy,"Submitting a claim was easy. Hopefully, I will be reimbursed for my dog's care in an expedient manner. ",0,False,False,2025-11-10T00:00:00.000Z,2025-11-10T22:29:19.000Z,https://www.trustpilot.com/review/embracepetinsurance.com?page=9
embrace,69123c2201b339caf82132ec,1,DO NOT RECCOMEND!!,"UPDATE: Wow, did you see how fast I got a response to a negative review, but can't get a reply as a paying client re: any questions to my policies or claims??? And yes, we can change plans or premiums, but if you read the reviews of anyone who has tried it just gets even worse and MORE costly!! And your description the ""Wellness Program"" is totally bogus! You say ""It reimburses for routine and preventative care"". REIMBURSES???? How can it reimburse when it's our own money??? And then you take any remaining funds that are not used at the end of the year. Don't try to spin it any other way than misleading and stealing!
-----------------------------------------

They're just a greedy corporate machine that cares more about profit than the health and well-being of our pets. And this is evidenced by how all they do is defend their shady policies in these comments. Not once have they admitted fault and helped a policy holder, instead they just spew their excuses and make no concessions!

First they lure you in with low monthly premiums for the 1st year then raise them a ridiculous, and unfair amount every.single.year! And do not give the BS excuses for changing info on pet breeds, and certain states approving your insane increases because that is just a load of crap.

When trying to get reimbursed for treatments or medications they constantly deny, deny, deny!! And DO NOT let them talk you into their ""wellness"" program!!! It benefits no one except them!! You pay into the wellness program with your OWN money, use it to pay for all of the many many things they don't cover, but at the end of the year if you have unused money in the wellness account, THEY KEEP IT!!!! This is a direct quote from their website ""Any unused amount of the annual maximum will not roll over and is non-refundable."" How is this ""wellness"" program a benefit to the policy holder? It's not! It's only a benefit to Embrace.

I had to take a pet to the ER and the medication the ER doctor thought was the best medication to treat my pet happened to be an over-the-counter medication and not an Rx and Embrace refused to cover it! So now they know better than our vets what's best for our pets? Why should it matter if the RECOMMENDED medication is an FDA approved Rx or not? It's what THE VET recommended! Just wrong wrong wrong.

And don't even get me started on how IMPOSSIBLE it is to contact anyone at Embrace!!! I tried for over a week via email, the claims portal, the online chat feature, etc and NO ONE would get back to me. But they have TONS OF TIME to comment on all the negative reviews they get here! Unbelievable.

I DO NOT RECOMMEND EMBRACE!",0,False,False,2025-11-04T00:00:00.000Z,2025-11-10T21:25:22.000Z,https://www.trustpilot.com/review/embracepetinsurance.com?page=9
embrace,69122c8d3036d952db555543,5,Always  very prompt and caring,Always  very prompt and caring. Never had a problem with submitted claim. From all the horror stories I hear from  pet owners this is the one you should have so no headaches,0,False,False,2025-11-10T00:00:00.000Z,2025-11-10T20:18:53.000Z,https://www.trustpilot.com/review/embracepetinsurance.com?page=9
embrace,6912078374c393a16127d8e2,5,Great to work with ,"When I purchased the policy the agent explained the coverages recommended for a puppy.  I had two puppies at the time, that are now 2 years old. Since purchasing the policies for both my fur babies they have had sick visits and one hospital stay.  I never though I would need pet insurance but I'm glad I chose Embace. I ",0,False,False,2025-10-31T00:00:00.000Z,2025-11-10T17:40:51.000Z,https://www.trustpilot.com/review/embracepetinsurance.com?page=9
embrace,6911ecde4c2f352d0f4f41c1,5,Easy to submit claims through the…,Easy to submit claims through the website.,0,False,False,2025-11-10T00:00:00.000Z,2025-11-10T15:47:10.000Z,https://www.trustpilot.com/review/embracepetinsurance.com?page=9
embrace,6911954bb02d086695c511f3,5,Easy reimbursement,Easy reimbursement. Awesome!,0,False,False,2025-10-18T00:00:00.000Z,2025-11-10T09:33:31.000Z,https://www.trustpilot.com/review/embracepetinsurance.com?page=9
embrace,69116d305a2ce0561f4ea908,5,WellnessCheck was awesome great vets,WellnessCheck was awesome great vets,0,False,False,2025-11-03T00:00:00.000Z,2025-11-10T06:42:24.000Z,https://www.trustpilot.com/review/embracepetinsurance.com?page=9
embrace,69110fc1dd762005040b5234,5,Easy to navigate even for 74 year old.,Easy to navigate even for 74 year old.,0,False,False,2025-11-09T00:00:00.000Z,2025-11-10T00:03:45.000Z,https://www.trustpilot.com/review/embracepetinsurance.com?page=9
embrace,6910da99f017144b3eebb9c7,5,Very easy submitting a claim,Very easy submitting a claim. Happy with the service I have received so far.,0,False,False,2025-11-09T00:00:00.000Z,2025-11-09T20:16:57.000Z,https://www.trustpilot.com/review/embracepetinsurance.com?page=9
embrace,6910a2a4161193c980b883e4,4,Confusion set in but it turns out to be…,"Confusion set in but it turns out to be not complicated. So, the 4 stars is a beginners experience.",0,False,False,2025-11-09T00:00:00.000Z,2025-11-09T16:18:12.000Z,https://www.trustpilot.com/review/embracepetinsurance.com?page=9
embrace,690fcc81bec2db56f55ec01d,1,MAJOR PRICE INCREASE,"They did okay for awhile.  I received about $2500 last year in reimbursements on my $10,000 policy.. so they went ahead and raised my rate by over 2x / 100%.  From about $150 per month to about $350 per month!! In one year for barely using the policy..   highway robbery..",0,False,False,2025-11-06T00:00:00.000Z,2025-11-09T01:04:33.000Z,https://www.trustpilot.com/review/embracepetinsurance.com?page=9
embrace,690fbeb423629a08d5d96dc3,5,I've been using Embrace for about 8…,"I've been using Embrace for about 8 years. It's been great as far as having the easiest submittal procedures. Their rates are very reasonable compared to a lot of other pet insurances.  One thing that sometimes irritates me a bit is that the website is slow.  Little 'space dog' sometimes takes his sweet time in changing pages.  Otherwise, no complaints!",0,False,False,2025-11-08T00:00:00.000Z,2025-11-09T00:05:40.000Z,https://www.trustpilot.com/review/embracepetinsurance.com?page=9
embrace,690fa3761cee382be46ab8ab,5,Lots of experience,"I have had Embrace pet insurance coverage for 2 dogs and 2 cats over the last 7 years.  I did not find coverage for the cats worthwhile so I dropped them from my policy.  I also did not find the Wellness Program worthwhile as it's basically a ""savings account"" specifically for pet use but if you don't use it all (like FSA funds), you lose it.  It was frustrating to see my coverage increase substantially as my dog aged, but whenever I needed to use the insurance, Embrace came through.  The claim submission process is super easy and when my Sparty's time with us came to an end, the Embrace staff was incredibly compassionate.  Cancer took my best furry friend rather abruptly, but the outpouring of sympathy was much appreciated.  Thank you, Embrace. ",0,False,False,2025-11-08T00:00:00.000Z,2025-11-08T22:09:26.000Z,https://www.trustpilot.com/review/embracepetinsurance.com?page=9
embrace,690f9f0cc6a0ad55af053c0a,5,I have been using Embrace for quite…,I have been using Embrace for quite awhile now and they have been extremely good for all my animals. I have had to file a number of claims and I have never had a problem with them. The only holdup I have ever had was because the veterinarian neglected to put something in the paperwork.,0,False,False,2025-11-08T00:00:00.000Z,2025-11-08T21:50:36.000Z,https://www.trustpilot.com/review/embracepetinsurance.com?page=9
embrace,690f8d6a772ea70bc4851967,5,Great customer service and explanation…,Great customer service and explanation of benefits ,0,False,False,2025-11-05T00:00:00.000Z,2025-11-08T20:35:22.000Z,https://www.trustpilot.com/review/embracepetinsurance.com?page=9
embrace,690f81e2682a517cc763ef5d,5,My representative was so informative,"My representative was so informative. I appreciate her time explaining in detail what the insurance covers. A satisfying experience knowing my dogs and soon litter will be protected by a good insurance company that meets your needs and budget friendly 
I will recommend to new owners of my puppies as well ",0,False,False,2025-10-30T00:00:00.000Z,2025-11-08T19:46:10.000Z,https://www.trustpilot.com/review/embracepetinsurance.com?page=9
embrace,690e65f54d4a29020e14c7c6,5,Simple process,Simple process. I'll be more please when the claim is accepted.,0,False,False,2025-11-07T00:00:00.000Z,2025-11-07T23:34:45.000Z,https://www.trustpilot.com/review/embracepetinsurance.com?page=9
embrace,690e3a36d8da5894ab6003c2,1,On hold for way too long trying to…,On hold for way too long trying to remove a dog that passed away and then they credited me for the wrong amount. Long time customer of Embrace but doubt I shall continue with them. ,0,False,False,2025-11-04T00:00:00.000Z,2025-11-07T20:28:06.000Z,https://www.trustpilot.com/review/embracepetinsurance.com?page=9
embrace,690e34e6834f8f949df62981,5,Happy after 2 years,"I have been with many different pet insurance companies, and I am extremely happy with Embrace. The rates are very reasonable. Just like ANY other pet insurance it's all on what YOU choose for your pet on coverage. You can have $10.00 a month up to $500+. I have 2 pets on Embrace and both pets I have high coverage on them because I CHOOSE too. Now the refunds are quick returns. Customer service staff are professional. Everything is self-explanatory on the paperwork that has been sent to me or if I look online. Again, if you don't understand something call customer service. I have had no problems with anyone, past or present and I have been with them for 2 years so far.",0,False,False,2025-11-07T00:00:00.000Z,2025-11-07T20:05:26.000Z,https://www.trustpilot.com/review/embracepetinsurance.com?page=9
embrace,690d3e445cc58c05e91b6d65,5,Submitting a claim is easy and being…,Submitting a claim is easy and being reimbursed is quick. All my questions were answered with satisfaction I’m glad I insured my pets with Embrace.,0,False,False,2025-11-06T00:00:00.000Z,2025-11-07T02:33:08.000Z,https://www.trustpilot.com/review/embracepetinsurance.com?page=10
embrace,690d1fca4a15a046dc68e6dc,5,easy claim submittal,easy claim submittal,0,False,False,2025-10-30T00:00:00.000Z,2025-11-07T00:23:06.000Z,https://www.trustpilot.com/review/embracepetinsurance.com?page=10
embrace,690d1b0149ae29b6e1b7bb60,5,I had help from two different gals,"I had help from two different gals, they each were very helpful and sweet!",0,False,False,2025-11-06T00:00:00.000Z,2025-11-07T00:02:41.000Z,https://www.trustpilot.com/review/embracepetinsurance.com?page=10
embrace,690cf9127455e30862e09809,2,I’ve had this for about eight months…,"I’ve had this for about eight months now paying about $60 a month. I rescued this little guy from the shelter and he had been trying to get out of his crate there and  had a little hair loss  at the top of his head which was noted when I took him in to get a check up, took him in for a yeast ear infection, and somehow that is related to the hair loss and is not going to be covered. I also had an issue with him having diarrhea and the doctor treated it with probiotic instead of medication because they treated it with probiotic insurance  will not cover the visit so I am not having much luck with them. I’ll be surprised if they ever pay for anything if I keep them. ",0,False,False,2025-11-03T00:00:00.000Z,2025-11-06T21:37:54.000Z,https://www.trustpilot.com/review/embracepetinsurance.com?page=10
embrace,690cee699478a0cbaa91577f,3,They keep raising prices with out…,They keep raising prices with out notice! I haven’t use this policy not one time! ,0,False,False,2025-11-06T00:00:00.000Z,2025-11-06T20:52:25.000Z,https://www.trustpilot.com/review/embracepetinsurance.com?page=10
embrace,690cde93a237293dc4b55bbb,5,Long Term Customer,Have been insured by Embrace for 2 different Pets for 11 years.  6 years with Ali all experiences have been excellent.,0,False,False,2025-11-06T00:00:00.000Z,2025-11-06T19:44:51.000Z,https://www.trustpilot.com/review/embracepetinsurance.com?page=10
embrace,690c07a0408456e29d950660,5,Great Customer Service,I reached out to them to figure out what additional information was needed for a claim. The representative stayed on the phone with me while she checked it out and called others. Within 24 hours I received a detailed note explaining the process and my policy. They did a great job.,0,False,False,2025-11-03T00:00:00.000Z,2025-11-06T04:27:44.000Z,https://www.trustpilot.com/review/embracepetinsurance.com?page=10
embrace,690be6776e49b70d9043baf7,5,Great pet insurance,Great pet insurance. easy to submit claims and quick payment,0,False,False,2025-11-05T00:00:00.000Z,2025-11-06T02:06:15.000Z,https://www.trustpilot.com/review/embracepetinsurance.com?page=10
embrace,690be069ea6e30853fa825c5,5,Embrace has been easy to deal with,Embrace has always responded quickly and and clearly answered any questions I have. They have promptly paid and he covered reimbursements. Everyone I have dealt with there has been friendly and helpful.,0,False,False,2025-10-01T00:00:00.000Z,2025-11-06T01:40:25.000Z,https://www.trustpilot.com/review/embracepetinsurance.com?page=10
embrace,690bcf722250f756dbf0813f,5,Embrace pet ins representatives were…,"Embrace pet ins representatives were very prompt and helpful, friendly and caring. This was our first time getting pet insurance and they made it easy no stress! The claim process was quick and easy and I got my reimbursement within a few days.Im so glad we chose Embrace!",0,False,False,2025-11-03T00:00:00.000Z,2025-11-06T00:28:02.000Z,https://www.trustpilot.com/review/embracepetinsurance.com?page=10
embrace,690bc80f65e781c72c0558c3,4,Submitting claims online is super easy…,"Submitting claims online is super easy w/Embrace. For the most part, their reimbursement amounts are pretty decent, & their customer service on the phone is very good.  However, I just hope that they don’t jack up their monthly rates again in the spring like they did this last spring when my policy renewed. Fortunately, I was able to raise my deductible and bring the premium back down to a reasonable level….
",1,False,False,2025-11-05T00:00:00.000Z,2025-11-05T23:56:31.000Z,https://www.trustpilot.com/review/embracepetinsurance.com?page=10
embrace,690b95a57bdac0f4c6c82169,1,Many claims are not covered due to…,Many claims are not covered due to reasons that are not applicable. Deductible is high. ,0,False,False,2025-11-05T00:00:00.000Z,2025-11-05T20:21:25.000Z,https://www.trustpilot.com/review/embracepetinsurance.com?page=10
embrace,690b4aa8b9eb7e93fea8d9ce,2,i have filed 3 claims over a month ago…,i have filed 3 claims over a month ago and none have been processed.,0,False,False,2025-09-20T00:00:00.000Z,2025-11-05T15:01:28.000Z,https://www.trustpilot.com/review/embracepetinsurance.com?page=10
embrace,690b4469f740b01f8c289b0f,5,Embrace makes it simple…,Embrace makes it simple to file a claim. You only have to upload the vet bill and that’s it. 😊,0,False,False,2025-10-25T00:00:00.000Z,2025-11-05T14:34:49.000Z,https://www.trustpilot.com/review/embracepetinsurance.com?page=10
embrace,690aa4c5dd55216ef1576b90,5,Great customer service ,The embrace team was helpful and polite every phone call I made to them. I appreciate the quick communication from them and always keeping me updated throughout my claims process! ,0,False,False,2025-10-24T00:00:00.000Z,2025-11-05T03:13:41.000Z,https://www.trustpilot.com/review/embracepetinsurance.com?page=10
embrace,690a9bd2b773b2b06776a211,5,Had several claims quick response,"Had several claims quick response.  Embrace seems to care about Gunny, no argument about paying for needed care",0,False,False,2025-11-04T00:00:00.000Z,2025-11-05T02:35:30.000Z,https://www.trustpilot.com/review/embracepetinsurance.com?page=10
embrace,690a9851a24eb282e7a5d4a5,5,Easy to use every time for almost 11…,Easy to use every time for almost 11 years.  ,0,False,False,2025-11-04T00:00:00.000Z,2025-11-05T02:20:33.000Z,https://www.trustpilot.com/review/embracepetinsurance.com?page=10
embrace,690a43612b194a06a4d74b13,5,They’ve been reliable,"They’ve been reliable, fast, and compassionate every time I’ve needed them. Filing claims is simple, reimbursements come quickly, and their team truly cares about pets and owners. I feel completely supported and confident knowing my dog is protected with Embrace. Highly recommend! 🐾",0,False,False,2025-11-04T00:00:00.000Z,2025-11-04T20:18:09.000Z,https://www.trustpilot.com/review/embracepetinsurance.com?page=10
embrace,690a403dac33369417d9fe86,5,Easy claims process,"Easy claims process, good customer service.",0,False,False,2025-11-04T00:00:00.000Z,2025-11-04T20:04:45.000Z,https://www.trustpilot.com/review/embracepetinsurance.com?page=10
embrace,690a2b58f2f26f3f41c13c05,5,I love this insurance,I love this insurance.  It gives me a piece of mind that if anything happens to Dolly she's protected ,0,False,False,2025-11-03T00:00:00.000Z,2025-11-04T18:35:36.000Z,https://www.trustpilot.com/review/embracepetinsurance.com?page=10
