provider,review_id,rating,title,text,likes,filtered,pending,experienced_date,published_date,source_url
figo,695bcec8e655b714118833f5,1,"Claim Closed Without Explanation – Reopened Claim but Told It’s “Just Closed, Not Denied”","FPI30000114468 My claim was closed without a clear explanation. When I reopened it, FIGO said it cannot be appealed or processed because it is “just closed, not denied.”

They then asked my veterinarian to contact them to explain a credit shown on the receipt, even though the receipt already includes full vet information and FIGO has my vet on file.

This is unacceptable. I pay insurance premiums. It is FIGO’s adjuster’s responsibility to verify invoices directly with the vet, not to close claims and push the work onto the customer or the veterinary clinic.

Closing a claim without verification, refusing to reopen it, and then telling the customer to ask the vet to call you is irresponsible and lazy claim handling.

If you actually need reimbursement when your pet is sick, be very careful with FIGO.",0,False,False,2025-12-16T00:00:00.000Z,2026-01-05T16:46:32.000Z,https://www.trustpilot.com/review/figopetinsurance.com?page=1
figo,6957fed9f1300b7c7a5daa45,1,"Lied to trick us into signing up, denied coverage","We asked very specific questions when deciding whether to sign up or not (will this cover exam fees? Dental?). After two separate claims were denied, I'm done. They found 7 different categories to make sure they denied EVERY penny, and after talking to customer service about how their policies are structured, and reviewing the paperwork, the business model is clear - lie to get you to sign up, because there are no consequences to lying. Then collect your money until you file a claim, which they will deny because basically nothing is covered. Then move on. ",1,False,False,2025-12-17T00:00:00.000Z,2026-01-02T19:22:33.000Z,https://www.trustpilot.com/review/figopetinsurance.com?page=1
figo,6941407a3be882fbb7ca96ae,5,It's useful and I like it too much,It's useful and I like it too much,0,False,False,2025-12-16T00:00:00.000Z,2025-12-16T13:20:26.000Z,https://www.trustpilot.com/review/figopetinsurance.com?page=1
figo,6940d58f5cc53c67aa1b5dbf,5,I’ve had an excellent experience with Figo Pet Insurance ,"I’ve had an excellent experience with FIGO Pet Insurance. The service has been outstanding — I submitted my reimbursement request and received my payment back much faster than I expected. The process was easy and smooth, and the pricing is very reasonable for the coverage you get. I highly recommend FIGO for anyone looking for reliable and efficient pet insurance.",0,False,False,2025-12-09T00:00:00.000Z,2025-12-16T05:44:15.000Z,https://www.trustpilot.com/review/figopetinsurance.com?page=1
figo,693af8dd52e6a337ac282720,1,Be cautious of Figo's policies ,"If you’re thinking about getting pet insurance through Figo, I’m begging you to hear my story first. I took out a policy with them in September for both of our miniature schnauzers. One of them had been dealing with allergies, and I wanted to make sure we were doing everything we could to keep him healthy and protected.

Then, out of nowhere, our sweet dog was diagnosed in November with a rare and devastating form of cancer—something we never could have prepared for. It was a shock, and all we wanted was to get him the care he needed. But when we filed our claims with Figo, hoping the insurance we’d been faithfully paying for would help, they denied every single one. They labeled everything as “pre-existing,” even though the cancer was diagnosed months after our policy began and confirmed by our veterinarian. It felt like they were looking for any excuse to say no.

Because of those denials, the costs piled up quickly. We did everything we could for him, and thankfully we were able to cover the bills—but I kept thinking about families who couldn’t. No one should ever have to choose between paying their bills and saving their pet’s life.

The hardest part came when our beloved dog lost his battle with cancer. In the middle of grieving, I submitted a claim for his final expenses, hoping at the very least they would honor that. They denied it too. That last denial was like a final blow.

Figo has been the most disappointing and heartbreaking insurance experience I’ve ever had. My hope in sharing this is simple: to spare someone else from going through what we did. If your pet is sick or suddenly faces something serious, you need an insurance company that will stand by you—not one that turns away when you need them most.",1,False,False,2025-12-11T00:00:00.000Z,2025-12-11T19:01:17.000Z,https://www.trustpilot.com/review/figopetinsurance.com?page=1
figo,69389853d25ca448ba5a00a2,2,Customer service is terrible,Their claim processing is fine but their customer service is terrible. Twice I have reached out to them inquiring about very specific coverages on my policy and all we received were boiler plate answers to refer to our policy coverage paperwork. Duh! That’s why I reached out to them to explain what is covered and what isn’t. I’m not a lawyer and only asked for specifics before procedures were to be done. They answered both times to have the procedures done and then submit a claim to see if they provide coverage. Not professional is any way. ,0,False,False,2025-12-08T00:00:00.000Z,2025-12-09T23:44:51.000Z,https://www.trustpilot.com/review/figopetinsurance.com?page=1
figo,69387380c0c344a0758d7f24,5,Very easy to deal with FIGO,"Very easy to deal with FIGO.  The app is user friendly and the reimbursement is true to the contract.  I've been with them for over a year, and I still love them!",0,False,False,2025-12-09T00:00:00.000Z,2025-12-09T21:07:44.000Z,https://www.trustpilot.com/review/figopetinsurance.com?page=1
figo,6935ccf83ace6d9702e3aa79,5,I couldn’t be happier with this pet…,"I couldn’t be happier with this pet insurance. I’ve had several others and had to wait forever for claims to be paid, but Fego is great! We’ve had issues with our daschund for the last six months and it has saved us so much money. Very happy to recommend this to everyone I talked to!",0,False,False,2025-12-02T00:00:00.000Z,2025-12-07T20:52:40.000Z,https://www.trustpilot.com/review/figopetinsurance.com?page=1
figo,69305d5a44867af0a0385f5d,1,DO NOT GET,DO NOT GET. A waste of money INSANITY. My wife and I got a new kitten and purchased the insurance. We waiting for it to be active before his very FIRST visit. He had what seemed like a hairball and we brought him ; the vet say may be respiratory. Now without ever bringing him anywhere a brand new pet how do you know any previous history he’s a baby too??? Yet they said it’s preexisting when JUST diagnosed. I appealed the denial of coverage and it has been MONTHS back and forth saying still under review in process but I will have an answer December 1st definitely. I call them December 3rd to be told there has never been an appeal… I was on the phone with them for So long they could’ve told me that all the other times instead of giving me a LIE it’s been in the process.. multiple times put on hold to be hung up on or sent to a voicemail. If you ask to speak to any other department about your case they say there is no one they speak on your behalf. You request a supervisor you’re put on hold and hung up on. They send you in circles lie to you don’t cover anything you pay for just take your money. THE WORST. Better off paying the expensive bills out of pocket cause you’re giving away money to them to do nothing anyway. We paid for premium plan too and nothing has been covered. Everything you bring your pet in for too you must always send a claim and await if it’s covered. ,1,False,False,2025-12-03T00:00:00.000Z,2025-12-03T17:55:06.000Z,https://www.trustpilot.com/review/figopetinsurance.com?page=1
figo,692af3493ff5039285c859d4,5,Good service and coverage.,Good service and coverage.,0,False,False,2025-11-25T00:00:00.000Z,2025-11-29T15:21:13.000Z,https://www.trustpilot.com/review/figopetinsurance.com?page=1
figo,692a0095bbe70f5adc3c1c47,5,I never had pet insurance before and…,"I never had pet insurance before and never thought it would be necessary! As my dog was healthy and started aging a bit, I checked some different pet insurances and Figo review was outstanding compared to other insurances. Also when Costco is working with you, that means you are the best. Anyway, my dog started being sick months after I enroll and I started claiming medical expenses. All Figo asked was to provide documentation that this is not pre-existing and the medical summary for each visit. I always got my reimbursement paid directly to my account within 2 weeks. Never any issue! Figo is not about money you pay which is nothing, but it is about the support they provide. If Figo wasn’t there for me, I had to spend $20k in 2 years out of pocket!! Figo is the best, get it and cover your Pet insurances case of any illness or accident (I hope it never happens to you).",0,False,False,2025-11-25T00:00:00.000Z,2025-11-28T22:05:41.000Z,https://www.trustpilot.com/review/figopetinsurance.com?page=1
figo,6929d9883e8369c095a69962,5,I had 2 recent experiences with your…,"I had 2 recent experiences with your customer service staff , they were very professional and helpful , I’m very happy to have Figo as my pet insurance . ",0,False,False,2025-11-25T00:00:00.000Z,2025-11-28T19:19:05.000Z,https://www.trustpilot.com/review/figopetinsurance.com?page=1
figo,69267f37a28ca25a88dd2204,5,Knowledgable team,"Knowledgable people, efficient service",0,False,False,2025-11-25T00:00:00.000Z,2025-11-26T06:16:55.000Z,https://www.trustpilot.com/review/figopetinsurance.com?page=1
figo,692646f1d513a9962f619781,5,It's expensive but it's worth it,"Website is easy to navigate they are quick  on paying your claims no hassle
You get what you paid for especially if you have a small dog",0,False,False,2025-11-25T00:00:00.000Z,2025-11-26T02:16:49.000Z,https://www.trustpilot.com/review/figopetinsurance.com?page=1
figo,69260750438c38fa3672d582,5,Helpful customer service,Helpful customer service ,0,False,False,2025-11-25T00:00:00.000Z,2025-11-25T21:45:20.000Z,https://www.trustpilot.com/review/figopetinsurance.com?page=1
figo,6925e93e00bc81fdd131d30a,5,Excellent claims process,"Claims are processed quickly when the requisite backup documents are submitted. Post injury and intermittent therapy covered without any issues. Service ,when there are questions, has been excellent.  ",0,False,False,2025-11-25T00:00:00.000Z,2025-11-25T19:37:02.000Z,https://www.trustpilot.com/review/figopetinsurance.com?page=1
figo,6924c5f583dc5dd18d4bb422,1,Terrible pet insurance,"Terrible pet insurance. Didn't cover anything. I asked my rep on the phone if an X ray and blood test was covered before getting the procedures for my cat because it was $1000+ and she assured me they were. In the end nothing was covered, I cancelled my insurance immediately afterwards. ",2,False,False,2025-11-24T00:00:00.000Z,2025-11-24T22:54:13.000Z,https://www.trustpilot.com/review/figopetinsurance.com?page=1
figo,6920c64f812e9c4f6fd0dd2e,5,Figo pet insurance is truly the best…,Figo pet insurance is truly the best insurance for my fur baby! The reimbursement process is incredibly quick and easy! Highly recommend! ,0,False,False,2025-10-17T00:00:00.000Z,2025-11-21T22:06:39.000Z,https://www.trustpilot.com/review/figopetinsurance.com?page=1
figo,691b2271b2075c9b8666dbc2,5,I could not be happier with the…,I could not be happier with the simplicity of the process and responsiveness to new claims.  No hassle and seamless!,0,False,False,2025-11-11T00:00:00.000Z,2025-11-17T15:26:09.000Z,https://www.trustpilot.com/review/figopetinsurance.com?page=1
figo,6919f9d4f76d9214e0cafe0c,4,Great rates,"Great rates, great coverage. Filing a claim is easy and payment is usually quick. 
It does lag when they need dr notes-and when I've checked with various providers, they say Figo has not reached out for the needed info to handle the claim. 
Grateful to have insurance for my dogs. ",0,False,False,2025-11-11T00:00:00.000Z,2025-11-16T18:20:36.000Z,https://www.trustpilot.com/review/figopetinsurance.com?page=1
figo,6918f2e7c453533d84041534,1,Extremely disappointed with Figo Pet…,"Extremely disappointed with Figo Pet Insurance.

I filed a claim for a simple visit, which is clearly covered by my plan. Instead of processing it, Figo ignored my documentation and denied the claim without any explanation.
The veterinary clinic confirmed that the issue happened only because of a name mismatch (my dog’s legal name vs the name I use daily), but after receiving the corrected invoices Figo still refused to reimburse anything.

Customer service kept ignoring follow-ups, and instead of helping, they tried to upsell me on staying as a customer.
Because of this experience, I decided to cancel my policy.

Very poor communication and zero accountability. I do not recommend this company.
",1,False,False,2025-11-03T00:00:00.000Z,2025-11-15T23:38:47.000Z,https://www.trustpilot.com/review/figopetinsurance.com?page=2
figo,6914b758b78b86fe964637cc,1,What a joke,"I spoke to someone this morning about my claim for an accident that happened on Halloween. The claim isn’t even under review yet! The lady told me that their claims typically take 2-4 weeks to process. I asked her if my credit card charges me in interest for the bill that’s almost $7k, if they pay my late fees and she said no, maybe I can call the hospital my pet was seen at and they could pay my fees. ?? What a joke. Don’t waste your time with Figo",2,False,False,2025-11-12T00:00:00.000Z,2025-11-12T18:35:36.000Z,https://www.trustpilot.com/review/figopetinsurance.com?page=2
figo,6913e853d87682838857d64c,2,I paid the max food this insurance and…,"I paid the max amount for figo insurance and they make every excuse not to pay back. If it’s illness, they say it’s for wellness visit. If it’s wellness, they say it’s illness visit and don’t cover it. They will go along everything. I spent thousands for my cats and have only received like 30% back when I paid for 100% reimbursement but they say that certain things aren’t covered. It’s really frustrating.",0,False,False,2025-11-10T00:00:00.000Z,2025-11-12T03:52:19.000Z,https://www.trustpilot.com/review/figopetinsurance.com?page=2
figo,691376f00b2b6c585ce9e62d,4,quick response time,quick response time.  Friendly customer service reps.,0,False,False,2025-11-11T00:00:00.000Z,2025-11-11T19:48:33.000Z,https://www.trustpilot.com/review/figopetinsurance.com?page=2
figo,6912a925e10c9f0010b9a8dd,1,Unfortunately I trusted Costco when I…,"Unfortunately I trusted Costco when I signed up for this health insurance for my dog. Each time I send a claim, it comes back denied. When I call them they never know why is denied. They want notes from the Vet which is on the invoice and discharge paperwork. They still insist that they need more paperwork. They also charged us more for deductible because I went on my own to look for the a policy from them online and it was half deductible than the one they offered when I got it through Costco. Very awful customer service, everything is denied. They barely answer emails. I cannot believe this company hasn't gone out of business yet. ",2,False,False,2025-11-10T00:00:00.000Z,2025-11-11T05:10:29.000Z,https://www.trustpilot.com/review/figopetinsurance.com?page=2
figo,690b8eb5bdbe8be2c0c1727c,5,They’re quick on claims no hassle make…,They’re quick on claims no hassle make it very easy to file a claim and then find out how the claim goes through its process. Figo is a good insurance for all of our pets.,0,False,False,2025-11-04T00:00:00.000Z,2025-11-05T19:51:49.000Z,https://www.trustpilot.com/review/figopetinsurance.com?page=2
figo,6908e1d84762b31ba5470309,5,We did not expect to have to use Figo,We did not expect to have to use the insurance as we did. Our puppy ate rocks and needed emergency surgery. The bill was close to 10K. Thankfully we had Figo insurance and the process was easy. We submitted online and within two weeks the money was in our account. I highly recommend them. ,0,False,False,2025-10-28T00:00:00.000Z,2025-11-03T19:09:44.000Z,https://www.trustpilot.com/review/figopetinsurance.com?page=2
figo,69078c5681998b639429256e,1,Avoid Figo. Terrible experience with them. ,"Scam. They'll come up with any reason not to pay a claim.  Simple straightforward dog bite and 2 months later still nothing.  They'll just close the claim and not bother to contact you. They lie about not receiving emails or documents.  They'll try anything to avoid paying just to wear you down. We've had them for 5 years with zero claims, I can't imagine if it were a more serious health issue. Do yourself a favor and avoid Figo. ",2,False,False,2025-09-29T00:00:00.000Z,2025-11-02T18:52:38.000Z,https://www.trustpilot.com/review/figopetinsurance.com?page=2
figo,6900ec70570d8fa8fc2cc8ae,5,Good value & helpful support,Good value. Very helpful and professional. Easy to understand and navigate website and submit claims. ,0,False,False,2025-10-28T00:00:00.000Z,2025-10-28T18:16:48.000Z,https://www.trustpilot.com/review/figopetinsurance.com?page=2
figo,69003a111040ff13365eaf3a,2,loophole for everything. Just not worth it,"Intentionally vague and misleading when you sign up, so they can have a loophole for everything to get out of paying. I had a 80% reimbursement policy for accident and illbess as well as 2 add ons for pt and alternative medicine.
They paid me $50 for a $2000 er trip and are weasling out of every bill. Ex: apparently ""alternative medicine"" add on only covers NON-alternative medicines. So wtf am I paying extra for???
Literally cheaper to just pay the ER prices. ",0,False,False,2025-08-18T00:00:00.000Z,2025-10-28T05:35:45.000Z,https://www.trustpilot.com/review/figopetinsurance.com?page=2
figo,68ffb1b4427e1d36998fc767,1,This is a scam,This is a scam. I trusted them because he works whit Costco but they don't pay you for claims. They use the excuse of pre existing condition. I canceled my policy.  ,1,False,False,2025-10-27T00:00:00.000Z,2025-10-27T19:53:56.000Z,https://www.trustpilot.com/review/figopetinsurance.com?page=2
figo,68f926868a08ecde23e5b193,5,Quick and transparent review and…,Quick and transparent review and payment of claims based on my policy. Very pleased so far.,0,False,False,2025-10-22T00:00:00.000Z,2025-10-22T20:46:30.000Z,https://www.trustpilot.com/review/figopetinsurance.com?page=2
figo,68f91d7c476478d13381ea00,4,Very convenient app platform,Very convenient app platform to submit claims with quick turn around. Theres been a handful of times I have contacted their customer service and have gotten quick replies back. My dog got very sick earlier this year and I was so appreciative I had pet insurance and it was extremely easy to submit and get money back through Figo. ,0,False,False,2025-10-22T00:00:00.000Z,2025-10-22T20:07:56.000Z,https://www.trustpilot.com/review/figopetinsurance.com?page=2
figo,68f6327838c2c251c66ca27c,5,For the time I was with Figo Pet Ins.,"For the time I was with Figo Pet Ins., they made timely reimbursements and explanations, they were readily available to help by phone and in person. In the end, when my pet was sick, passed away and the bills were soaring, they made quick reimbursements. It was a big load off my mind. I have and always will recommend Figo Pet Ins. Thank you for making this tough time a little easier to handle.",1,False,False,2025-10-14T00:00:00.000Z,2025-10-20T15:00:40.000Z,https://www.trustpilot.com/review/figopetinsurance.com?page=2
figo,68f137aa84bf338c1987dd92,1,This insurance will find any excuse not…,This insurance will find any excuse not to pay you it’s a gimmick,2,False,False,2025-10-16T00:00:00.000Z,2025-10-16T20:21:30.000Z,https://www.trustpilot.com/review/figopetinsurance.com?page=2
figo,68eea74fa51c98a2803b91ef,5,Easy claims,Easy claims,0,False,False,2025-10-14T00:00:00.000Z,2025-10-14T21:41:04.000Z,https://www.trustpilot.com/review/figopetinsurance.com?page=2
figo,68ee961b41d08d2e61c01697,5,Excellent Pet Insurance ,Figo has always covered our Claims quickly.  Very thankful to have both our Dogs insured with them. Excellent customer service too.,0,False,False,2025-10-14T00:00:00.000Z,2025-10-14T20:27:39.000Z,https://www.trustpilot.com/review/figopetinsurance.com?page=2
figo,68dd4c59f0d04f51b0d968f4,1,Misguided Plans so you're left with the bill.,"Figo has a lot of language to make you think you're getting coverage where you're not. Their plans are designed to confuse you so you're left with the bill at the end of the day. When attempting to understand my coverage policies, I was hung up on, and then when I called back, I was rerouted multiple times.",1,False,False,2025-10-01T00:00:00.000Z,2025-10-01T17:44:25.000Z,https://www.trustpilot.com/review/figopetinsurance.com?page=2
figo,68dc24c5908fca9d0687b1ee,5,Very pleased with Figo,"Very pleased with Figo. So glad I purchased this insurance when my dog was just a puppy. The coverage is excellent with various options, online claims process is user-friendly with prompt claims payments, and customer service is outstanding with helpful people to answer questions.  I’ve had other insurance for my previous dogs, but Figo is by far the best!",0,False,False,2025-09-30T00:00:00.000Z,2025-09-30T20:43:17.000Z,https://www.trustpilot.com/review/figopetinsurance.com?page=2
figo,68dc0badb984ed79a4b9fe96,1,Misleading and expensive,"Misleading and expensive. I had signed up for my kitten's pet insurance. I have the wellness basic plan and have spent about $1,200 during 2 visits. I've received $105 back in total as that is the MAX I can get for vaccines and other procedures.  To make it worse, I have a $500 deductible. ZERO DOLLARS WENT TOWARDS MY DEDUCTIBLE. I will be cancelling ",2,False,False,2025-09-30T00:00:00.000Z,2025-09-30T18:56:13.000Z,https://www.trustpilot.com/review/figopetinsurance.com?page=2
figo,68d43e2d509225c019c6e54a,1,A waste of time and money ,"A waste of time, money and effort to signup and deal with this company.
The information you receive when signing up is misleading at best.
Regardless of how many riders you will add to the basic policy such as wellness plus, alternative, rehabilitation etc figo will find a way to reject your claim.",1,False,False,2025-09-24T00:00:00.000Z,2025-09-24T20:53:33.000Z,https://www.trustpilot.com/review/figopetinsurance.com?page=3
figo,68d2f11062c912293d3b75d1,5,Figo Pet Insurance,"I appreciate  the ease of submitting claims, the user-friendly app and also the quick reimbursement times.
So far it has worked exactly as the company said it would.  Signing up with Figo through Costco is also a savings.",0,False,False,2025-09-08T00:00:00.000Z,2025-09-23T21:12:16.000Z,https://www.trustpilot.com/review/figopetinsurance.com?page=3
figo,68c91a48015e4f9f700a8fa3,5,Peace of Mind for My Pup – I Love Figo!,"I have a dog and absolutely love Figo Pet Insurance! From the start, the experience has been smooth, transparent, and stress-free. The sign-up process was easy, and I really appreciated the customizable plans that allowed me to choose the coverage that fit my needs and budget.

Filing claims is incredibly simple through the app—just snap a photo of the vet bill and upload it. Reimbursements have been quick, and communication has always been clear and professional. It gives me peace of mind knowing I can focus on my dog’s health without worrying about unexpected costs.

Figo has truly exceeded my expectations, and I’ve recommended it to several fellow pet parents already. If you're on the fence about pet insurance, I highly recommend giving Figo a try!",0,False,False,2025-09-16T00:00:00.000Z,2025-09-16T10:05:28.000Z,https://www.trustpilot.com/review/figopetinsurance.com?page=3
figo,68c2b6f490bec36f6c68c725,1,I insured my pet through FIGO when it…,I insured my pet through FIGO when it came time for a claim FIGO did everything they could to discount the claim including asking for the same records over and over again. If you want the false feeling of doing the right thing throw your money away with FIGO! Remember this is an insurance company looking out for profits not you or your pets best interests. ,1,False,False,2025-09-10T00:00:00.000Z,2025-09-11T13:48:04.000Z,https://www.trustpilot.com/review/figopetinsurance.com?page=3
figo,68b97fa3d9f87e3c012e895a,5,Figo is very very and honest and…,Figo is very very and honest and extremely helpful during difficult times. I especially like the access 24 hours a day seven days a week to a vet through the app.,0,False,False,2025-09-02T00:00:00.000Z,2025-09-04T14:01:39.000Z,https://www.trustpilot.com/review/figopetinsurance.com?page=3
figo,68b4c86fdda3f2f4f6d07c18,1,When I am applying for Figo i was…,"When I am applying for Figo i was expecting my dog can have regular care. Now I am paying for 46€ per month to have a 75€ maximum preventive care per year such as vaccinations. The application is misleading and now even though I choose the monthly payment option they say i need to wait 1 year to cancel my contract. Now i stuck with them, definitely not suggest.
The text below is from their application form..

""Unlimited consultations
Standard preventive care such as vaccinations
Treatments and medications for digestive problems
Treatments and medications for ear, skin and eye infections
Treatments for joint complaints""",1,False,False,2025-08-29T00:00:00.000Z,2025-09-01T00:10:55.000Z,https://www.trustpilot.com/review/figopetinsurance.com?page=3
figo,68b49d18f2d6f194a029aadd,5,Weimaraner Figo Back Recovery Journey,"My dog  hurt her back and Figo was right there. We learned what they needed to process a claim. The detailed vet notes and invoice started our year long path through using Figo to help pay for her journey. Drugs, cold last therapy, canine physical therapy, I highly recommend Figo for your pet.",0,False,False,2024-08-31T00:00:00.000Z,2025-08-31T21:06:00.000Z,https://www.trustpilot.com/review/figopetinsurance.com?page=3
figo,68aeac60671973db3cf06bb7,1,Figo drops the Ball on the amount of…,Figo drops the Ball on the amount of time they take to get your Claim done. I submitted a Claim on 8/20/25 & here it is 8/27/25 & my claim is still in Review. I am seriously thinking about dumping Figo & finding another Pet Insurance Company! Figo has not met my expectations whatsoever! Figo needs to do a lot better at processing claims in a timely fashion! I so far am not happy with the Figo turn-around time!!!,1,False,False,2025-08-20T00:00:00.000Z,2025-08-27T08:57:36.000Z,https://www.trustpilot.com/review/figopetinsurance.com?page=3
figo,68ac89787a660ca59cde3bdb,1,Take your money and run because that’s…,"Take your money and run because that’s what this company will do to you. 

Every emergency claim I put in is denied. They make up excuses saying my deductible ($150) is higher. The bill comes out to over $200 I think I’ve met the deductible and should be covered at this time…. NOPE! I’ve paid more money out of my pocket with this insurance than ever. They will never help your pets or your wallet. Typical insurance company. ",1,False,False,2025-08-25T00:00:00.000Z,2025-08-25T18:04:08.000Z,https://www.trustpilot.com/review/figopetinsurance.com?page=3
figo,68aa19b57dd5f908be50c1be,4,The claims process is easy and my…,The claims process is easy and my claims were paid promptly.  My only beef is that the premiums have increased a lot from year to year.,0,False,False,2025-08-19T00:00:00.000Z,2025-08-23T21:42:46.000Z,https://www.trustpilot.com/review/figopetinsurance.com?page=3
figo,68a9bd388183ee93700c88a1,5,This was my first experience with a pet insurance ,"This was my first experience with a pet insurance, I was told that it will be difficult to file a claim, but Figo made everything easy and fast.",0,False,False,2025-08-18T00:00:00.000Z,2025-08-23T15:08:08.000Z,https://www.trustpilot.com/review/figopetinsurance.com?page=3
figo,68a8ce5e4b43ac9b1f77ce7b,1,Do NOT choose FIGO pet insurance ,"I am not a fan. I had Lemonade insurance before moving to a state that didn’t accept Lemonade and had to switch to FIGO. I never had any issues with Lemonade and only encountered issues with FIGO. They will not reimburse you for ANYTHING! They will find any small detail to make sure they don’t have to pay you anything or contribute to your deductible. My cat was diagnosed with asthma after already having insurance and since they was 1 exam note from two years ago that he had a cough it was considered a pre-existing condition. I even paid extra for the vet fees wellness package and they didn’t cover my vet exam fee. FIGO sucks, don’t pick them. ",1,False,False,2025-08-19T00:00:00.000Z,2025-08-22T22:09:02.000Z,https://www.trustpilot.com/review/figopetinsurance.com?page=3
figo,68a8af511a0861b305391d8e,5,Fast service,Fast service,0,False,False,2025-08-19T00:00:00.000Z,2025-08-22T19:56:34.000Z,https://www.trustpilot.com/review/figopetinsurance.com?page=3
figo,68a600f9d39b64f3f924d65f,1,This insurance is a joke,This insurance is a joke. I have illness/emergency insurance and nothing seems to be covered. I wouldn't recommend this company. You'd be better off saving the monthly bill amount into a pet account. You're paying these people to just deny claims.,1,False,False,2025-08-20T00:00:00.000Z,2025-08-20T19:08:09.000Z,https://www.trustpilot.com/review/figopetinsurance.com?page=3
figo,68a503bb455c831bca19c504,1,I recommend to stay away from Figo,"I purchased the policy with Figo for my healthy 3-months-old puppy; Included wellness benefits (preventative) in the coverage.

a)	 Figo only covered a very limited amount for the vaccinations and wellness exam that I specifically chose to pay the premium for ($165 out of $548.84).
 
b)	When I took Charlie to be examined for a few skin issues that I thought could've been problematic (after the waiting period was over!!!), Figo found a way to not cover it because I told the doctor that they appeared 4-5 days ago, and 5 days was apparently prior to the end of the waiting period.  The fact that I said 4-5 AND that I waited to take him to the vet AFTER the waiting period was over didn't matter, I guess.
 
c)	But the last drop was the denial of half of the charges for the diarrhea appointment.  To deny the coverage for the test for parasites while the puppy is having such severe diarrhea is absurd!
And the medication the vet prescribed was not ""medicated"" enough, it was too ""natural"" for Figo, so they didn’t cover it as well.
 
I refuse to give my business to the insurance company that has no care for animals and only cares for their bottom line.  
",1,False,False,2025-08-18T00:00:00.000Z,2025-08-20T01:07:39.000Z,https://www.trustpilot.com/review/figopetinsurance.com?page=3
figo,68a4bd1cba7457dcdbf236a1,5,Very easy to work with and submit a…,Very easy to work with and submit a claim.,0,False,False,2025-08-19T00:00:00.000Z,2025-08-19T20:06:20.000Z,https://www.trustpilot.com/review/figopetinsurance.com?page=3
figo,68a4bbd8c6abae2a5dfca701,5,Excellent experience with Figo ... ,Figo representatives are professional and handled our vet statements expediently. Website is easy to use and they respond immediately. So glad to opted to choose them as our insurance carrier for our Melody.,0,False,False,2025-08-19T00:00:00.000Z,2025-08-19T20:00:56.000Z,https://www.trustpilot.com/review/figopetinsurance.com?page=3
figo,68a36725e27b84968ee0b4fa,1,Zero stars if possible!!,"Zero stars if possible!!
Do NOT get this insurance!!

They give you a hard time to process your claim! They do not coordinate with each other’s department, sent the documents required (which
Was also sent via the pet cloud app) numerous emails both from me and the vet clinic and still want it to be resend, only to paid a very minute of what i have claimed! They will deny whatever they can deny! It’s better just saving a portion on your own money rather than paying their premiums! They will make you beg for your claim! What a joke!
Oh the prescription from costco, none of that they will pay! Don’t be fooled!",3,False,False,2025-08-17T00:00:00.000Z,2025-08-18T19:47:17.000Z,https://www.trustpilot.com/review/figopetinsurance.com?page=3
figo,68a040ff8a89e02a76c225d7,5,Figo has made my cat’s quality of life better ,"Without Figo, my cat wouldn’t be alive. She was diagnosed with a fairly rare chronic illness. It requires a lot of maintenance that adds up fast. I wouldn’t have been able to afford it, but thanks to Figo, and I truly can’t express my gratitude enough, she gets the treatment she needs for the quality of life she deserves. There were a couple of times things were erroneously denied, but Figo did a great job of taking information from the vet, and correcting those denials. I feel that says a lot about the company too. They fixed what needed to be fixed. Again, they have my eternal gratitude.",0,False,False,2025-06-17T00:00:00.000Z,2025-08-16T10:27:43.000Z,https://www.trustpilot.com/review/figopetinsurance.com?page=3
figo,689f5d172eb26be8518684d5,5,Cost effective pet insurance,Cost effective pet insurance.  Very responsive claims processing.,0,False,False,2025-08-12T00:00:00.000Z,2025-08-15T18:15:19.000Z,https://www.trustpilot.com/review/figopetinsurance.com?page=3
figo,689e535a1d64d96067fe2400,5,Quick payout,"Quick payout, great customer service",0,False,False,2025-08-05T00:00:00.000Z,2025-08-14T23:21:30.000Z,https://www.trustpilot.com/review/figopetinsurance.com?page=4
figo,689bdacfef357cc09ba46561,5,Definitely recommend ,I love the exclusive line Costco members have whenever I call and have questions about the policy. They answer quickly and the customer service is always friendly and very informative. I’ve had a few claims and have had no issues. They’ve paid me within a day or two. As long as there’s no pre existing conditions there should be no issues. It’s affordable and I like that I can customize my policy. I’m very happy overall and glad I found them through my membership with Costco. ,0,False,False,2025-08-11T00:00:00.000Z,2025-08-13T02:22:39.000Z,https://www.trustpilot.com/review/figopetinsurance.com?page=4
figo,689b7029e6a6b784b6d18615,1,It took 5 days and a supervisor request…,It took 5 days and a supervisor request to read an email.,1,False,False,2025-08-07T00:00:00.000Z,2025-08-12T18:47:37.000Z,https://www.trustpilot.com/review/figopetinsurance.com?page=4
figo,689b485c1d57d26987245740,1,It’s a scam.,"I had this policy for 3 years without filing a single claim, and then all of a sudden my premium doubled. When I contacted the company to cancel the policy, they refused to issue a full refund.

Go with the pet insurance that your vet recommends. Figo is just a scam.",2,False,False,2025-08-12T00:00:00.000Z,2025-08-12T15:57:48.000Z,https://www.trustpilot.com/review/figopetinsurance.com?page=4
figo,6893d316195253199640bb26,5,My dog had cancer- 2 years following…,"My dog had cancer- 2 years following multiple sedated x-rays, lots of tests and 3 surgeries+ the round of radiation and she is fine. lots of worrying,lots of no sleep but the one thing I never had to think about was insurance! They have been great. I am grateful that not too long ago I decided to insure the dogs and this one was older, so of course more expensive.  Yes there are deductibles and 90% coverage but this is exactly what I wanted- Catastrophic coverage.   Boy was this catastrophic.  At first , every time I filed a claim I was nervous.  I shouldn't have been.  My dog is good now and it is mostly due due to insurance from FIGO.",1,False,False,2025-08-05T00:00:00.000Z,2025-08-07T00:11:34.000Z,https://www.trustpilot.com/review/figopetinsurance.com?page=4
figo,6893c2ba2f2de5171715aa9e,5,Ease of contacting an agent to help…,Ease of contacting an agent to help with filing the claim,0,False,False,2025-08-05T00:00:00.000Z,2025-08-06T23:01:46.000Z,https://www.trustpilot.com/review/figopetinsurance.com?page=4
figo,689276054dad5dc36e575fed,1,Filing a claim is very easy,"Filing a claim is very easy! Which is great because it means I’ve wasted little time getting my claim denied. At this point I just file to see if I can get even $0.05 out of them. I don’t, but I’m locked in for another year. Seriously, don’t bother with the company. All the add-ons and things sound nice but they will delay, deny, defend. Your pet being alive is a pre-existing condition. If you are stuck in a contract, use that time to build up funds in an HSA or high yield savings account. At least that way you know you have a real backup plan.",1,False,False,2025-08-04T00:00:00.000Z,2025-08-05T23:22:13.000Z,https://www.trustpilot.com/review/figopetinsurance.com?page=4
figo,6890e58f8fa3f7e1c4e58e9b,2,Good luck getting them to pay a claim,"Good luck getting them to pay a claim! I've spent a lot of time on the phone with them, just to have them deny an $1100 claim the should be covered. They claim it was pre-existing. They started contacting vets that we haven't been to in 5 years to come up with a way to deny the claim. They even completely overlooked the enlarged heart and heart murmur. My best advise is to avoid the hassle and steer clear on them.",1,False,False,2025-06-21T00:00:00.000Z,2025-08-04T18:53:35.000Z,https://www.trustpilot.com/review/figopetinsurance.com?page=4
figo,6890d8d9195457ad144efa96,1,Claim Misclassification / non-payment,"""Feeling really let down by @FigoPet insurance. We chose them, especially as a Costco member, for peace of mind. But now, after my puppy Shadow's accident (ran into a wall on 7/18), they're denying coverage by labeling it an orthopedic injury (30 day wait) instead of a simple accident (1-day wait). I am appealing this misclassification, expecting it to be re-opened as an accident.  

Update: 8.18.25 - My appeal was denied.  Figo wont pay anything towards my $720 claim.  Apparently anything other than a broken bone doesn't qualify as an orthopedic accident and is subject to the 30 day waiting period.   

From their reply to my appeal:  ""Orthopedic conditions, with the exception of broken bones only, are considered Orthopedic Illnesses under this policy.""   

So, if your pup runs into a wall or falls, trips or has some other form of accident and is screaming and limping and you decide to take him/her to an emergency vet...  Unless it is a broken bone Figo won't pay for the vet visit, diagnostic x-rays or pain medication.  

I will be dropping my Figo policy immediately.   I suggest that you stay away from this poor quality & misleading insurance coverage.  ",0,False,False,2025-07-27T00:00:00.000Z,2025-08-04T17:59:21.000Z,https://www.trustpilot.com/review/figopetinsurance.com?page=4
figo,688b1b3d5441f08678bea396,1,Lousy Customer Service,"Insurance SUCKS And Is Only a Win For The Company! The Ultimate Plan Is Garbage! I Don’t Know If Any Of The Plans Cover Vet Visits. I Am Very Close To Dropping This Plan 5 Months Early. Just Submitted a Vet Visit Claim But Pretty Sure, Nothing Will Be Covered If Any. And My Monthly Payment Is $124. Time To Do Serious Homework For a Better Plan. I Just Paid $242.51 And If Nothing Gets Covered, I Will Drop Them. The Best Plans Are Those That Cover Vet Visits. BANFIELD Is a Good Supplement With This Plan But This Plan Is Expensive. However, They Will Cover Illness/Injury Up To $1,000,000 But After You Pay Out An Initial $500. If Your Pet Is Seeing a Vet Weekly Or Even Monthly, You Need Insurance That Covers The Vet Visits. Do Your Homework. I Might Keep This But Will Have To Add The BANFIELD Plan To It Till This Expires. They Do Have Added Vet Coverage For An Additional $30 Or So But You Have To Wait For Enrollment. I’m Just Mad That When I Purchased It, They Did Not Tell Me My Vet Visits Were Not Covered. My Main Concern Regarding This Plan Is Their Awful Lack Of Paying Claims! Obviously, They Don’t Care About The Pets Or The Customer. They Only Care About The Money. That’s Fine, Cause Like I Said, I’m Done If My Claim Is Not Covered In Some Way. I Just Wish I Had Searched Reviews On Trust Pilot. Their Reviews Are God Awful! When You See That, A Picture SPEAKS A THOUSAND WORDS! AVOID AT ALL COST! You Are Better Off Just Opening A High Yield Savings Account For Your Pets Vet Bills Rather Than These Crooks!",0,False,False,2025-01-04T00:00:00.000Z,2025-07-31T09:29:01.000Z,https://www.trustpilot.com/review/figopetinsurance.com?page=4
figo,687ea8846cc56bd8180e3d75,1,THEY ONLY PAID $5 for a submitted claim…,"THEY ONLY PAID $5 for a submitted claim for $1467. FIGO agreed $1293 was eligible. Policy for $10,000 max annually, $900 deductible, then 70% coverage.  $1293 - $900 deductible = $393. $393 remaining times 70% = $275 to be paid by FIGO. Insured pays $900 deductible and remaining balance $118. ONLY WAS PAID $5. WHAT A SCAM",1,False,False,2025-07-18T00:00:00.000Z,2025-07-21T22:52:20.000Z,https://www.trustpilot.com/review/figopetinsurance.com?page=4
figo,687a7eff9461a597263315b8,5,Last year only took a couple days to…,Last year only took a couple days to get approved and paid. This year was about a week and a half but once it got approved got paid right away. Other than that great service. ,0,False,False,2025-07-15T00:00:00.000Z,2025-07-18T19:06:07.000Z,https://www.trustpilot.com/review/figopetinsurance.com?page=4
figo,687982f068cc5cef05519cdc,4,"Great with reimbursement, gets expensive as you use it though","Figo is quick to review claims and provide reimbursements. The claim process is easy, especially with the app. My only complaint is that because we use our insurance for frequent issues, our premium has jumped significantly from year to year. I wish there was more transparency around this formula.",0,False,False,2025-07-15T00:00:00.000Z,2025-07-18T01:10:40.000Z,https://www.trustpilot.com/review/figopetinsurance.com?page=4
figo,68783f65341a760c3269e638,5,I’ve been with Figo for nine years,"I’ve been with Figo for nine years, they are the best. Very quick turnaround of claims. It only takes a couple of days or sometimes even same day.i have  no complaints at all. I’m highly satisfied with Figo.",0,False,False,2025-07-09T00:00:00.000Z,2025-07-17T02:10:13.000Z,https://www.trustpilot.com/review/figopetinsurance.com?page=4
figo,6877b4c7fad54bd94bee2e2e,5,Experience with FIGO! ,"Hi, this is Ricky, Theo's human, and I'm absolutely thrilled to share a 5-star review for FIGO Pet Insurance, especially regarding their incredibly smooth claim processing!
Theo, my wonderful Aussie Doodle, is a bundle of joyful energy. He's got that perfect mix of goofy charm and boundless enthusiasm, always ready for an adventure. And sometimes, those adventures lead to little bumps and scrapes. We've certainly had our share of unexpected vet visits!
That's precisely where FIGO has been an absolute lifesaver. What truly sets them apart is their claim processing. It’s not just easy; it’s genuinely stress-free.
Not long ago, Theo had an incident that required an urgent trip to the vet. My immediate concern, of course, was Theo's comfort, but a close second was the thought of the impending bill.
Submitting the claim through the FIGO app was incredibly straightforward. I just snapped a quick photo of the invoice and tapped a few buttons. I fully expected to wait days, maybe even longer, but to my delight, within just a couple of days, I received an email confirming the claim was being reviewed. And then, BAM! The reimbursement was in my bank account. There were no confusing forms, no endless phone calls, and no chasing down paperwork. It was fast, efficient, and wonderfully transparent.
The communication throughout the entire process was excellent. I got regular updates, so I always knew exactly what was happening. And when I had a quick question about a previous claim (just a minor clarification for my records), their customer service was incredibly helpful and friendly.
As Theo's human, he's not just a pet; he's a beloved member of our family. Knowing that if an unexpected accident or illness occurs, FIGO has our back – and that their claim processing is so seamless – gives me tremendous peace of mind. It allows me to focus on what matters most: getting my energetic Aussie Doodle back to his happy, healthy, tail-wagging self, without the added stress of financial worries.
If you're a pet parent looking for insurance that truly delivers when it counts, especially when it comes to quick and easy reimbursements, I honestly can't recommend FIGO enough. They've earned every single one of these five stars!
",0,False,False,2025-07-15T00:00:00.000Z,2025-07-16T16:18:47.000Z,https://www.trustpilot.com/review/figopetinsurance.com?page=4
figo,6876cd6158253f7a63f2f9c2,2,Not even close to human insurance,"The reason I want to cancel my pets insurance because I don’t think Figo is suitable and helpful for our pets at all. Compare to my monthly payment your reimbursement for our vet bill is ridiculously low. I have been paying $ 123.87 per month my pets insurance which is 90% reimbursement plan for many years. For Lucy $ 47.49/ month x 1 year = 569.88 For Sima $ 76.38/ month x 1 year = 916.56 It is $1486.44 per year. What has Figo been reimbursed me back for annual check up, vaccine, medications and also illness? For annual check up and vaccination, $ 40 for each pet while the bill was around $ 200 for each. Recently Lucy had an emergency vet visit for urinary infection, the bill was $410. I filed a claim. Figo agent asked for records to check if it was preexisting condition. Figo gave me back $ 67.38. Figo reimbursement is a joke, matter of fact it’s more like a scam to me. This is a waste of time and money. I could have saved the monthly payment and paid for my pets bills without frustrating. I have learned my lesson.",1,False,False,2025-01-06T00:00:00.000Z,2025-07-15T23:51:29.000Z,https://www.trustpilot.com/review/figopetinsurance.com?page=4
figo,68768e2c2e1181b075b71404,5,I have been with Figo for 7 years now…,I have been with Figo for 7 years now and it's been nothing but amazing! Super fast claim process and great customer service!,0,False,False,2025-07-15T00:00:00.000Z,2025-07-15T19:21:48.000Z,https://www.trustpilot.com/review/figopetinsurance.com?page=4
figo,68766b9a05c616a58b118684,1,I just signed up today,"I just signed up today. There was a monthly fee quoted, which I am fine with. However, when I submitted my first payment, there was an additional $15 ""enrollment fee"" added. I didn't see anything on the website that indicated that there was going to be an additional fee charged. If this fee had been clearly listed, I wouldn't have had an issue. But tacking on an additional fee is dishonest. FIGO refused to credit this fee back to me. I'm considering canceling my enrollment, since I no longer have confidence in FIGO's honesty.",0,False,False,2025-07-15T00:00:00.000Z,2025-07-15T16:54:18.000Z,https://www.trustpilot.com/review/figopetinsurance.com?page=4
figo,68742ef79fdc520c4d0f7a88,1,TERRIBLE COMPANY!!!!,They charge almost $40 a month and don’t cover a dime for any vet visit even though it should be covered. They are such a scam do not get them!,0,False,False,2025-07-01T00:00:00.000Z,2025-07-14T00:11:03.000Z,https://www.trustpilot.com/review/figopetinsurance.com?page=4
figo,6870645d8d2c060a7f15169f,5,Excellent insurance company,"Excellent insurance company. 
I highly recommend them.",0,False,False,2025-06-24T00:00:00.000Z,2025-07-11T03:09:49.000Z,https://www.trustpilot.com/review/figopetinsurance.com?page=4
figo,686ed3e1d1b3e12a1df24265,1,STAY AWAY FROM ALL PET INSURANCE,"First of all, DO NOT BUY PET INSURANCE. Pure waste of money. Open a savings account and put the premium in it to save up for the ""bad times"". Used 2 ins companies, first one quietly increased our premium due to ""age"" with very little communication, burying the notification in a routine annual renewal email. Second company, Figo, paid for little bills (applied to deductible, so almost nothing paid out) as our dog's  health declined, then denied an x-ray  related claim due to pre-existing condition, heart murmur. X-ray was NOT done to check on her heart, but to determine a NEW coughing issue. Because vet prescribed heart murmur meds, it was deemed pre-existing and denied. Appealed denial, they claim they did not get the email (it was sent, no error message received). Dog's health continued to decline, we sadly had her euthanized. Euthanasia claim denied due to pre-existing condition causing health decline, stating she had heart, tumor and cough issues in 2024. NONE of those were related to any of her 2025 issues. We'll appeal that as well, but I see how the process works now and have very little hope of any reversals.
Please, save yourself the hassle and headache and open a savings account, and avoid the pet ins scam.",0,False,False,2025-07-09T00:00:00.000Z,2025-07-09T22:41:05.000Z,https://www.trustpilot.com/review/figopetinsurance.com?page=5
figo,686d7e3bb89afd995f1eae06,5,Ten stars!,"Been a customer for years. Could not be more pleased with every aspect of this company and the service they provide. Without question, my 9 year old dog would not be alive these past four years without Figo because I could not have afforded her treatment alone. Very simple to use, very quick to respond. I would give 10 stars if I could!",0,False,False,2025-07-07T00:00:00.000Z,2025-07-08T22:23:23.000Z,https://www.trustpilot.com/review/figopetinsurance.com?page=5
figo,686d496488b84ba8c16943ab,5,Very fast responses to our claims. Promptly addressed and concerns or issues .,Very fast responses to our claims. ,0,False,False,2025-07-08T00:00:00.000Z,2025-07-08T18:37:56.000Z,https://www.trustpilot.com/review/figopetinsurance.com?page=5
figo,686d46600df05bdd40a8447a,5,Figo is the best support you can have.,Figo is the best support you can receive when you are in a bad situation with your pet. ,0,False,False,2025-07-08T00:00:00.000Z,2025-07-08T18:25:04.000Z,https://www.trustpilot.com/review/figopetinsurance.com?page=5
figo,68692d4954bce63668b8e67f,5,Very satisfied with FIGO ,FIGO offers a very straightforward process for filing claims. We had only two situations which required we file an appeal. They were both readily resolved in our favor with letters from our vet explaining the need for the medication. Have been very satisfied with FIGO ,0,False,False,2025-07-01T00:00:00.000Z,2025-07-05T15:48:57.000Z,https://www.trustpilot.com/review/figopetinsurance.com?page=5
figo,68682d55d68e509c86460fa7,5,I highly recommend Figo to all pet owner's!  ,Figo pet insurance has so many benefits and I feel their pricing is fair for what you get. They always respond immediately and whenever I have submitted claims. They are quick to process my claims and the money is in my bank account literally in a few days. I love that they offer online vet support should I have any questions. I am so happy I purchased this insurance and I highly recommend Figo to anyone who has a pet! ,0,False,False,2025-06-30T00:00:00.000Z,2025-07-04T21:36:53.000Z,https://www.trustpilot.com/review/figopetinsurance.com?page=5
figo,6866bec4377c73fb4ab71337,1,Not a trust worthy insurer of your furry friend,"I have been with Figo Pet Insurance 5 months. The dog was taken to an emergency vet center on a Sunday when vomiting started after 2 days of liquid diarrhea and refusal to eat. He was admitted to their ICU and was severely dehydrated. The staff was able to stabilize his condition but was not able to determine the cause of his problem. The bill was $7838.58.

The claim was submitted after supplying a very long list of accompanying documents including a copy of the complete file and doctor’s notes from the emergency center as well as the records and past history from his normal vet. Ten days later they rejected the claim as ""pre-existing conditions"". The ICU vet indicated in documents that they could not determine the cause with any degree of certainty or assurance.

The dog was put to sleep a week after leaving the ICU. It took Figo 10 days to come up with pre-existing conditions. My advice is to look harder and elsewhere if you are searching for a trust worthy pet insurer. Take a moment to read the insincere and duplicate Figo responses to the 1 star reviews if you need help deciding.
",0,False,False,2025-06-03T00:00:00.000Z,2025-07-03T19:32:53.000Z,https://www.trustpilot.com/review/figopetinsurance.com?page=5
figo,68643bb10eef2d060dc79035,1,Declaration not reimbursed - inadequate registration procedure,"My claim for the treatment of a bladder infection of our cat was not reimbursed by Figo, referring to a comment in his file that, according to me and our vet, has no causal link with bladder infection whatsoever. Our cat developed a bladder infection 5 weeks after taking out the insurance, so in essence Figo's suggestion is that I would purposefully have registered our cat while he already had a bladder infection, and then let him walk around with it for 1½ months, just to be able to declare the invoice? What an annoying and also disrespectful insinuation.....

It now appears that our cat is not insured for a whole series of conditions as a result. If I had known this in advance, I would never have insured my cat with Figo. I therefore believe that Figo's registration procedure is seriously inadequate and places a disproportionate amount of responsibility on the policyholder. I registered a 100% healthy animal in good faith, and Figo is looking for a reason in the file to avoid a claim. It would be fairer for Figo to give a person who applies the claim the option to have the file reviewed, so that any exclusions are clear in advance. Because of this omission, I am now paying a year's premium for a cat that is barely insured. 

Even after filing a formal complaint, Figo does not say a word about the inadequate registration procedure and does not move an inch towards a lenient treatment. Very disappointing! My advice is therefore to have Figo assess the file of an older animal with a file at the vet first, to avoid any nasty surprises later on.",0,False,False,2025-06-12T00:00:00.000Z,2025-07-01T21:49:05.000Z,https://www.trustpilot.com/review/figopetinsurance.com?page=5
figo,686408554356bd8a3b3c4373,5,9+ years of appreciation ,"I’ve had figo for approximately 9’years now. They have allowed for me to provide outstanding care in supporting my dog through his battles with irritable bowel disease, behavior issues and more. Because of figo, we’ve been able to work with a team of vet experts (nutrition, internal medicine, vet behaviorist) to provide him a quality of life that would not have otherwise been possible. While I wish I didn’t need to see the vet as much as we do, I am eternally grateful to figo for being there to support us every step of the way. ",0,False,False,2025-07-01T00:00:00.000Z,2025-07-01T18:09:57.000Z,https://www.trustpilot.com/review/figopetinsurance.com?page=5
figo,6860443c9044204e820c5fdc,5,Claim process was easy,"Claim process was easy, FIGO reviewed the claims promptly and payment was also very prompt.  ",0,False,False,2025-06-24T00:00:00.000Z,2025-06-28T21:36:28.000Z,https://www.trustpilot.com/review/figopetinsurance.com?page=5
figo,685d7986a5f04c403f3c52fa,1,TOTAL SCAM- USE A DIFFERENT COMPANY,"TOTAL SCAM! Horrible service- look elsewhere. They rarely pay out on claims, if they do its a very small amount and oftentimes find reasons to not count payments towards your deductible. My dog has IVDD and this insurance policy (Secured when he was a puppy long before any problems) has been next to useless. I have wasted thousands paying on this policy monthly that they have DOUBLED since he started having medical issues.

Also, I work in the field of online reputation and it's so blatantly obvious which reviews on this site are ""fed"" i.e, they specifically invite the few who have good experiences via email to write a review. Don't trust those, and notice how they only reply to /address positive reviews. 

",0,False,False,2025-06-23T00:00:00.000Z,2025-06-26T18:47:02.000Z,https://www.trustpilot.com/review/figopetinsurance.com?page=5
figo,685afe82e63aa8f70703cdf1,5,Figo has been an absolute life saver,"Figo has been an absolute life saver. My dog is my life. And I vowed that I would never be put in a situation that I couldn't save my dogs life due to money. Figo made that possible. Figo has made giving my dog the most excellent care possible. They are fast, efficient and most of all. Care. I have been with them going on 4 years. They gave me the ability to give my dog life saving care and not go into financial ruin. I can walk through life knowing Figo will save me/ my dog, need be. I refer them to everyone and always will. Stella and I couldn't be more thankful for Figo. I cannot say enough good things about this company. From coverage, to reimbursement, to freedom of choosing specialists ect. 10000/10. ",0,False,False,2025-06-23T00:00:00.000Z,2025-06-24T21:37:38.000Z,https://www.trustpilot.com/review/figopetinsurance.com?page=5
figo,685ad55d7bab4f8f6d889aa8,1,This company discourages claims,"This company discourages claims. Does not pay claims. They want six months of records from your veterinarian even when your pet is not yet six months old! How do you manage that? My veterinarians are busy enough without Figo bothering them, for goodness sake!",1,False,False,2025-06-24T00:00:00.000Z,2025-06-24T18:42:05.000Z,https://www.trustpilot.com/review/figopetinsurance.com?page=5
figo,685ace9dfc2819496c52c426,5,I’ve been paying for insurance for my…,"I’ve been paying for insurance for my animals for 17 years.
I’m so grateful that your company is really helping me out through this hard time.
With my dog Maverick and his condition it gives me hope that he will live a few more years.
The doctor gives him three months with his cancer.
Having your company gives me hope that he will live a lot longer.
Thank you",0,False,False,2025-06-24T00:00:00.000Z,2025-06-24T18:13:17.000Z,https://www.trustpilot.com/review/figopetinsurance.com?page=5
figo,68558571f06052a99f49b024,2,Terrible service by adjuster’s that…,"Terrible service by adjuster’s that don’t know what tgey are doing. My dogs get allergy shots every month one goes through and the other one by another adjusters needs more information (dumb) a shot. 
 Get better help and managers never call back.",1,False,False,2025-06-16T00:00:00.000Z,2025-06-20T17:59:45.000Z,https://www.trustpilot.com/review/figopetinsurance.com?page=5
figo,6851f86fc204fb2350ae60f3,5,Great coverage,"Great coverage. Fast settlement. Easy, clear website.",0,False,False,2025-06-17T00:00:00.000Z,2025-06-18T01:21:19.000Z,https://www.trustpilot.com/review/figopetinsurance.com?page=5
figo,6851ae71a44c8af27e3910d7,5,Figo is always prompt and courteous…,Figo is always prompt and courteous when responding to claims!,0,False,False,2025-06-17T00:00:00.000Z,2025-06-17T20:05:37.000Z,https://www.trustpilot.com/review/figopetinsurance.com?page=5
figo,685194884dae3fa56a5f873b,5,Great insurance,"I was with another pet insurance company for about two years. I'm so glad I made the switch to Figo. Within 3 months of switching to Figo, my poor dog was diagnosed with a health issue which came out of no where. Figo's claim process is convenient and effortless. They make process smooth and without any headaches. Their CSR's are also helpful in explaining coverage. I was overwhelmed and still in shock of my dog's diagnosis but the claim process helped ease my mind a bit. Thank you, Figo!",0,False,False,2025-06-17T00:00:00.000Z,2025-06-17T18:15:05.000Z,https://www.trustpilot.com/review/figopetinsurance.com?page=5
figo,68519375fd58d773a18e09da,5,Great experience all around,"Quick to Process Claims of low or high dollar amounts, Responsive Customer Service. Easy to work with overall.",0,False,False,2025-06-17T00:00:00.000Z,2025-06-17T18:10:29.000Z,https://www.trustpilot.com/review/figopetinsurance.com?page=5
figo,6851932e8ac55b9c54e5cdd3,5,I highly recommend Figo Pet Insurance,"I've used Figo pet insurance since we got both of our fur babies as puppies in the Spring of 2018.  They provide great coverage options, quick service, and quick turnaround times for claim payments.  Any time we've ever had a question, they have been prompt to respond and fully answered any questions or concerns.  They were very kind when we had to put one of our fur babies down in February of this year.  I highly recommend them to anyone considering pet insurance.",0,False,False,2025-06-17T00:00:00.000Z,2025-06-17T18:09:18.000Z,https://www.trustpilot.com/review/figopetinsurance.com?page=5
figo,684859ce9db3fbaab3831013,5,Zero stress ,"Figo has taken the stress portion away from all of our illness trips to the vet with our Sable. She’s had multiple issues with allergies, hurt paws, and infections so having the piece of mind that those appointments aren’t completely out of pocket makes it completely worth having. ",0,False,False,2025-06-10T00:00:00.000Z,2025-06-10T18:14:06.000Z,https://www.trustpilot.com/review/figopetinsurance.com?page=6
figo,684583dfe95c946c1f0a2f8c,5,Easy submission & quick reimbursement!,Easy submission & quick reimbursement! ,0,False,False,2025-05-05T00:00:00.000Z,2025-06-08T14:36:47.000Z,https://www.trustpilot.com/review/figopetinsurance.com?page=6
figo,68436bafbebda4808c13ea31,1,Claims denial is their policy,"Conditions like bacterial infection of cats can happen over time. Figo straight up denied claims for simple things as pre-existing conditions. Not worth keeping the insurance.

The good thing was that cancellation was easy. ",0,False,False,2025-06-05T00:00:00.000Z,2025-06-07T00:29:03.000Z,https://www.trustpilot.com/review/figopetinsurance.com?page=6
figo,68431b1a98bd2b0aa6b5b467,5,Great policy for our adopted pup!,Figo has been great with our adopted dog. It’s easy to file claims and they review them quickly and reimburse quickly. My dog had a major accident and I worried they wouldn’t cover her but they covered 90%! I have been recommending Figo to everyone! ,0,False,False,2025-06-03T00:00:00.000Z,2025-06-06T18:45:14.000Z,https://www.trustpilot.com/review/figopetinsurance.com?page=6
figo,683fb2e8bdfd1d8a2d0c0cde,5,No delay for reimbursement ,"Reviewed our insurance coverage and was sent reimbursement without delay. 
Make sure you send your information without delay as I waited too long and it was beyond the date of reimbursement. ",0,False,False,2025-06-03T00:00:00.000Z,2025-06-04T04:43:52.000Z,https://www.trustpilot.com/review/figopetinsurance.com?page=6
figo,683f2d8a99b0dd9c99071d66,5,Exceptional Service ,"Figo has been exceptional as my pet insurance. I’ve had Figo since I’ve had my dog and very happy that I did for peace of mind. We unfortunately had a several emergency room visits and the claims process with Figo was extremely easy and efficient. I was able to follow the status of the claims on the app and get answers to any questions very easily talking with customer service. I would recommend Figo to any pet parent.

",0,False,False,2025-06-03T00:00:00.000Z,2025-06-03T19:14:50.000Z,https://www.trustpilot.com/review/figopetinsurance.com?page=6
figo,683bc757ff65214d66772e57,2,High Premiums & Crazy Hike at Renewal,"High Premiums & Crazy Hike at Renewal

Figo increased my premiums by 40% and 31%. Now over $310/mo for two healthy dogs.

I have been with Figo since 2021. I renewed my policies for a new zip code in March 2025 for a 5yr 2mo old dog and a 7yr 3mo dog. The monthly premiums increased less than $10 per policy due to a new zipcode to $118/mo and $114/mo for each dog respectively ($232/mo total). That’s fine. However, upon autorenewal in May 2025 (only 2 months later) Figo is now increasing the premiums to $165 and $149 per month citing age, breed, and zip code. There was no change in zipcode since the March renewal, no change in breed (obviously), so the only cited reason by Figo that did actually change is age... By two months! How on earth do they justify a 40% and 31% increase in cost for a 2 month increase in age!?

These are two healthy dogs / breeds with no persistent health issues and who are not particularly old. I understand Figo has the right to increase premiums by whatever amount they desire, however their cited reason does not make sense to me.

Only reason they get two stars and not one is because they paid claims when I submitted and did not scam me. However, we will be cancelling because nearly $4,000 a year is absurd and I am afraid of how much they will jack up the price next time if we stay.

Honestly, the insurance is probably not worth it in my opinion. Even though I have filed claims I am probably still in the red given the premiums I have paid since 2021. In my opinion the only benefit is you can essentially spread the cost of a surprise / emergency vet bill over time but you are absolutely paying for that privilege. If you can afford an emergency vet bill once in a blue moon, I advise skipping the insurance. ",0,False,False,2025-05-30T00:00:00.000Z,2025-06-01T05:21:59.000Z,https://www.trustpilot.com/review/figopetinsurance.com?page=6
figo,6839e21c59aed1aab3e3f8dc,5,Thanks goodness for Figo Insurance in an emergency.,"Our dog, four years old, has always been healthy.  In December, he contracted a strange cough.  Took him to our vet twice.  He was diagnosed with allergies (it was most likely kennel cough).  This incorrect diagnosis and improper medication made it worse.  Long story short; due to a bad diagnosis, our dog ended up with pneumonia.  We contacted the 24 hour vet line and the Figo vet instructed us to rush him to the ER.  He was in the hospital for six days, on a ventilator for two.  We have never had to use our pet insurance before.  Thank goodness for it.  The bill was huge.  With two days of submitting all receipts, the money was deposited into our account.  I feel sorry for those who have to make the horrible decision to let their pet go because of how expensive emergency care can be.  He is now five years old, back to near 95% after his severe pneumonia, thanks to Figo insurance.",1,False,False,2025-01-28T00:00:00.000Z,2025-05-30T18:51:40.000Z,https://www.trustpilot.com/review/figopetinsurance.com?page=6
figo,6836052b75afc3f28ddbe964,5,Quick response and good information…,Quick response and good information exchange between Fido and the Vet,0,False,False,2025-05-27T00:00:00.000Z,2025-05-27T20:32:11.000Z,https://www.trustpilot.com/review/figopetinsurance.com?page=6
figo,6835e24959d5a7537e43e0a9,5,I switched over to a new insurance a…,"I switched over to a new insurance a few years ago and I am so glad I did! Figo has been great and with a pet that is has been having a lot of injuries the past year, the app as made is super easy to file a claim. ",0,False,False,2025-05-27T00:00:00.000Z,2025-05-27T18:03:21.000Z,https://www.trustpilot.com/review/figopetinsurance.com?page=6
figo,6830ebd5530250ef2a560ad9,1,Multiple issues with Figo,"Multiple issues with Figo.  My claim for one of my dogs was denied as Figo claimed it was an existing condition although my dog had never had a blood blister/scab on the middle of his back.  A cyst was found under the scab.  No where in his medical history did he have a blood blister/scab on the middle of his back with cyst.

Furthermore, Figo has made it very difficult to get my claims paid out.  Claims paid in the past were easier to get paid out than recent claims with the same and/or less documentation provided.  It appears Figo doesn't like to pay claims once they have paid a large amount of money associated with claims.",0,False,False,2025-05-20T00:00:00.000Z,2025-05-23T23:42:45.000Z,https://www.trustpilot.com/review/figopetinsurance.com?page=6
figo,6830a532e6623d051db82dde,5,Quality Pet Insurance,Both of my cats have had to have surgery in the past year. Figo makes filing claims easy and pays quickly so that I don't have to worry about being able to afford quality healthcare and procedures for my babies.,0,False,False,2025-05-20T00:00:00.000Z,2025-05-23T18:41:22.000Z,https://www.trustpilot.com/review/figopetinsurance.com?page=6
figo,682cac79e2e9619667dc9c24,5,Figo reviews claims and sends out…,Figo reviews claims and sends out reimbursements very fast. ,0,False,False,2025-05-20T00:00:00.000Z,2025-05-20T18:23:21.000Z,https://www.trustpilot.com/review/figopetinsurance.com?page=6
figo,6827bcfef4b4573a3f64d8e5,1,It’s a scam - stay away,"Stay away from this “service” it’s more of a scam than anything. They do everything in their power not to pay and even for the most obvious issues. Delay, delay, then deny, deny. Makes United Healthcare look like a good option. ",0,False,False,2025-05-16T00:00:00.000Z,2025-05-17T00:32:30.000Z,https://www.trustpilot.com/review/figopetinsurance.com?page=6
figo,68277dbbbd1c0a8a7f0f9188,5,GREAT app and experience ,"It is very easy to submit a claim using the Figo app.  When the claim is completed, you receive a full breakdown of cost and a detailed explanation of all adjustments. ",1,False,False,2025-05-13T00:00:00.000Z,2025-05-16T20:02:35.000Z,https://www.trustpilot.com/review/figopetinsurance.com?page=6
figo,682764635a15cb3d23771e7d,5,Great company,Great company! Has been timely in reimbursing.,0,False,False,2025-05-13T00:00:00.000Z,2025-05-16T18:14:27.000Z,https://www.trustpilot.com/review/figopetinsurance.com?page=6
figo,680fb29a27f66215cd87d88f,1,Disappointing Customer Service Experience During a Difficult Time,"I've been a loyal customer with your company since my dog Figo was a puppy—he’s now six years old. Until now, I’ve never had to file a claim, but during a recent emergency vet visit, I reached out to customer service to explain the situation and ask whether diagnostic services—such as consultations and further review of x-rays—are covered under my plan.

Unfortunately, my interaction with your support team left me feeling even more confused and unsupported during an already stressful time. Rather than addressing my actual question, the representative repeatedly emphasized that a claims adjuster would need to review medical records to determine coverage. I completely understand the need for a formal claims process, but I wasn’t asking for a guarantee—just general clarification about whether those services typically fall under my policy.

In a moment when I was overwhelmed and trying to make informed decisions for my dog’s care, I felt there was a real lack of empathy and basic guidance. It wasn’t until I asked for clarification a third time that the representative finally mentioned that our plan does not include office visit or exam fee coverage—which was part of the information I was looking for. However, they never addressed the other part of my question about diagnostic coverage for the radiologist review of x-rays.

I understand that you can’t guarantee coverage without a full claim review, but I expected a more informative and compassionate conversation—especially when all I was seeking was general clarification to guide my next steps for my pet’s care. Instead of helping me feel supported, the conversation made me feel like I was a nuisance for even asking, which was incredibly disheartening.

As someone who has been paying into this policy for years and trusted it would help me in a time of need, this experience has made me seriously reconsider the value of this coverage and the quality of customer support.",0,False,False,2025-04-28T00:00:00.000Z,2025-04-28T18:53:46.000Z,https://www.trustpilot.com/review/figopetinsurance.com?page=6
figo,68093070199196034c8cd5d6,2,I purchased pet insurance from Figo…,"I purchased pet insurance from Figo through my Costco executive membership in September 2024. When we opened the policy, I spent several hours of my time compiling vet records for both of our dogs to make sure any future claims would be processed smoothly. Despite this time and effort. Every single claim I've filed (4 in total between the two dogs) has been followed up with an email stating that Figo doesn't have appropriate documentation to move forward. They also send an email to our vet asking for any and all of records on our dogs. I have contacted customer service on multiple occasions regarding this issue, and each time I call I get a different explanation. Initially, I was told it's just something that happens with the first 2 claims and will resolve on its own. Unfortunately, that turned out to be false. My most recent phone call I was told ""that email gets sent out automatically because most people aren't on top of their pet records."" I asked, ""is any way to prevent this from happening in the future because all of our records are on file."" I was told, ""well I can put in a note in your file, so hopefully people will see it"". At the end of the phone call, it was evident that there's basically nothing she could do. Chances are that for every future claim we will likely receive an insufficient records notice. Additionally, we just moved to a new home, and I called on April 21st, 2025, to update the address on file. I spoke to Destini on the phone, and she updated our address, but failed to mention that there would be a cost increase in our premium. On the morning of April 23rd, 2025, I received an email from Figo that both of our policies would be cancelled effective May 22nd, 2025, ""after unsuccessful attempts to collect the premium"". Our plan is on auto pay, and I confirmed on my bank statement that the payment was withdrawn on April 14th, 2025, for both dogs. I called customer service this morning and spoke with Aisha (sp?) who informed me that there was a premium increase associated with our move and that the additional amount was never charged to the card on file. Figo never even tried to process the charges despite the cancellation email stating otherwise. Aisha offered to run the card on file and remove policy cancellation notice from our account. She also stated that she would send an email confirmation of both payments for my records since we've had so many issues. Both payments went through, but no confirmation emails from Aisha and the policy cancellation notice is still on our account. Overall, I am tired of having to contact customer service frequently for issues with our account, and despite my best efforts it doesn't feel like anything gets resolved. In my opinion, this plan is too expensive to have this many issues. I'm hoping to cancel soon and would not recommend this company to others.",0,False,False,2024-09-11T00:00:00.000Z,2025-04-23T20:24:48.000Z,https://www.trustpilot.com/review/figopetinsurance.com?page=6
figo,68005a6b2e9409160e9a0907,5,I can’t say enough good things about Figo Pet Insurance!,"I can’t say enough good things about Figo Pet Insurance. When I got my kitten, I honestly didn’t think I’d need insurance—she was only 8 months old, and friends even told me it would just be a waste of money. But life happens, and sure enough, my sweet kitten ended up injuring herself.

I was so relieved to have Pet Cloud. Not only did they come through when I needed them most, but the claims process was incredibly smooth and stress-free. Reimbursement was fast, communication was clear, and there were no frustrating delays or surprises.

What really sets Figo Pet Insurance apart is the peace of mind they give you. Vet bills can be overwhelming, especially in emergencies, but thanks to this insurance, I didn’t have to choose between my finances and my kitten’s well-being.

If you’re considering pet insurance—don’t hesitate, and definitely go with Figo Pet Insurance. I’m beyond grateful I did!",0,False,False,2025-04-16T00:00:00.000Z,2025-04-17T03:33:31.000Z,https://www.trustpilot.com/review/figopetinsurance.com?page=6
figo,67f9d493bab15d3322e2b67f,1,Scam Artists,"I have had Figo coverage on my dog since he was an 8-mo-old puppy, so anyone out there who thinks their claims won't be denied because they enrolled in puppyhood had better think twice. In August of last year, my dog suddenly displayed balance issues and a head tilt. I took him to the vet who swabbed his ears and looked in them and found nothing but prescribed ear drops due to symptoms, to see if it would clear.  The head tilt did not resolve, and after trying several rounds of medications (drops, oral antibiotics, month-long ear packs) without resolution, vet recommended we go to a neurologist or dermatologist to investigate further.

I never submitted any of the bills from my regular vet to them, but it became a lot to handle when visiting the dermatologist, which began in February of this year.  Figo denied the consult claim, saying it was pre-existing. This was the first time in this dog's life he has ever had any ear issues or head tilt.  I called and they said, ""He had an ear infection in August 2024."" (not a diagnosed ear infection but treated as one due to symptoms) I explained that we are still trying to treat the issue that first developed in August 2024 because nothing has resolved the head tilt. To this, she responded, ""He had an allergy shot in July 2023."" WTF??? This is not an allergy related issue we are having! She then said something about a waiting period of 14 days for illness, which has nothing to do with anything. This policy is almost 2 years old. Any waiting period is long over. I mean to say these people are plain CROOKS. She was just throwing out one bogus reason after another for them not to pay the claim.

I sent an appeal, to which they have yet to respond, and submitted claims for the CT scan and the video otoscopy that were done on my dog's ears.  Both were denied with reason of pre-existing condition. Here's where it gets very interesting.  During the video otoscopy, a culture was taken from each ear, separately, and neither grew ANYTHING. The dermatologist wrote in her note that the issue is completely anatomical and is not infection related, and thus not allergy related either (though if it was, any waiting period was long over). They have these notes as they were submitted with the claims.  What we have here is a den full of liars and thieves. I will be reporting them to the DCI and AG of my state and to the NAIC.  Stay away from Figo. They will take your money month after month and deny any claim you submit. ",0,False,False,2025-03-26T00:00:00.000Z,2025-04-12T04:48:51.000Z,https://www.trustpilot.com/review/figopetinsurance.com?page=6
figo,67dafeae9efa0dc361d7dbb2,1,The company considers everything a…,"The company considers everything a pre-existing condition, even if you take your pet to the veterinarian and the vet ""suspects"" it might be a certain condition. They deny every office visit even if you are taking your pet because you are not sure what the issue is. If you do not buy figo insurance at birth, you might as well not buy it at all. Very disappointed this is a Costco recommended company.",0,False,False,2025-03-19T00:00:00.000Z,2025-03-19T19:28:14.000Z,https://www.trustpilot.com/review/figopetinsurance.com?page=7
figo,67affc05d8f280e4d635de0e,5,Great service and coverage ,"Great service, good coverage,  and easy to submit claims! Had this insurance for around 7 years now, and very happy! ",0,False,False,2025-02-11T00:00:00.000Z,2025-02-15T04:29:25.000Z,https://www.trustpilot.com/review/figopetinsurance.com?page=7
figo,67ad485a14c9f36a1adb76b7,1,Absolutely a rip off,Absolutely a rip off.  They take your money and then deny all claims.  And deny all appeals too.,0,False,False,2025-02-10T00:00:00.000Z,2025-02-13T03:18:18.000Z,https://www.trustpilot.com/review/figopetinsurance.com?page=7
figo,67a3728bfa2debc172ef53fa,5,Very satisfied ,"Figo covered all new illnesses, great customer service ",0,False,False,2025-01-28T00:00:00.000Z,2025-02-05T16:15:39.000Z,https://www.trustpilot.com/review/figopetinsurance.com?page=7
figo,67a265d9a7f394c93de09780,5,Help with tag registration,I wrote an email requesting assistance with registering my Figo tag.  I got a quick and helpful reply.,0,False,False,2025-02-04T00:00:00.000Z,2025-02-04T21:09:13.000Z,https://www.trustpilot.com/review/figopetinsurance.com?page=7
figo,67a0e971ff2b71dbee68c29c,1,Basically a scam,"I work for a very large health insurance company (for humans) and I can tell you if we operated like this the OIC would make like a dog’s rectal thermometer and get right up our butts. I will be contacting Wisconsin’s to see if they handle pet insurance issues. Our dog had a visit for some symptoms that seemed like allergy symptoms, but their persistence led the vet and us to believe there was something else going on, leading to a soft palette resection (in short, the soft palette had overgrown and was causing an esophageal blockage and sinus cavity blockage). Figo denied everything flat out stating that the allergies were a pre-existing condition…despite the fact that this ended up having nothing to do with allergies. I’ve filed an appeal and was told I’ll hear back within 90 days. He’s back today for more diagnostics because he continues to have underlying issues and I fully expect them to deny even though the underlying issues are clearly not allergy related. I should note that our other, older dog is also insured with them and has never had a claim. Obviously I’ll be cancelling these worthless policies. ",0,False,False,2024-12-26T00:00:00.000Z,2025-02-03T18:06:09.000Z,https://www.trustpilot.com/review/figopetinsurance.com?page=7
figo,677ff4d6554ac6bc92df9f27,1,Really Bad Experience. Site Designed to Defeat You,"The worst experience we've had with a service provider of any kind. The web site is set up to mislead you on your insurance choices and is not clear. Regular vet exams should not be the same as an emergency visit, but both are declined as being the same thing. The site is clunky and hard to navigate and don't expect claims to be settled in your favor. Save yourself our incredibly frustrating experience and don't waste your money here.",0,False,False,2025-01-06T00:00:00.000Z,2025-01-09T18:09:58.000Z,https://www.trustpilot.com/review/figopetinsurance.com?page=7
figo,677fec0a1260318355a68930,1,Ridiculous Price Increases,"I have had this pet insurance for about 5 years.  I understand that prices increase year over year, but I did not expect it to jump 60% or more for my pet.  I had 2 pets enrolled and each of them increased over 60%.  I did place a pretty price claim in this past year, so I bet they are trying to recuperate their expenses.  I think this is AWFUL customer experience and therefor cancelled immediately.  

DO NOT TRUST INSURANCE COMPANIES!

It is crazy to think that paying for my 2 dogs would be ""almost"" more expensive than having health insurance for my family of 5!  Cheaper to pay out of pocket at this point ""IF"" something were to happen.

With the insurance monthly cost, deductible + only 80% coverage, THIS IS NOT WORTH your money!  Save it, invest it and you will win out in the long run.

SCAM!",0,False,False,2025-01-02T00:00:00.000Z,2025-01-09T17:32:26.000Z,https://www.trustpilot.com/review/figopetinsurance.com?page=7
figo,67787a3b31b18084f0fc7a49,5,GREAT CUSTOMER SERVICE.  We have had Figo for our two dogs for…,"We have had Figo for our two dogs for almost 6 years. They are very quick to review and reimburse claims. Pet Cloud makes filling claims easy and quick. 
Customer phone support was helpful when I had questions about a cancer treatment that was recommended for one of our dogs. When they didn’t know the answer right away they investigated and called me back with the correct information. ",0,False,False,2024-12-31T00:00:00.000Z,2025-01-04T02:00:59.000Z,https://www.trustpilot.com/review/figopetinsurance.com?page=7
figo,67780cbb7df0d76f9b3b4f4c,5,Decent insurance that covers what you need,Decent insurance that covers what you want - you get to build your own plan. Figo links to your checking account and they pay you back in a timely manner with easy to read EOB's. This is my third year with Figo and I highly recommend them for all your pet insurance needs!! Five stars!!!!,0,False,False,2024-12-31T00:00:00.000Z,2025-01-03T18:13:47.000Z,https://www.trustpilot.com/review/figopetinsurance.com?page=7
figo,6775886a83e2fc41d1354145,1,I am deeply disappointed with this…,"I am deeply disappointed with this insurance, which I chose to avoid unexpected veterinary bills for my dog. I recently submitted a claim for a significant procedure my Yorkshire Terrier underwent, only to have it rejected twice. The rejection was based on the claim that the full medical history was not provided, despite it being included in the submission. This policy was meant to provide support and peace of mind, ensuring my pet was covered, but instead, it has added unnecessary stress and anxiety to my life. At this point, I am seriously considering canceling the policy, as it appears to be entirely ineffective.",0,False,False,2025-01-01T00:00:00.000Z,2025-01-01T20:24:42.000Z,https://www.trustpilot.com/review/figopetinsurance.com?page=7
figo,6758e5f59dd3141a885a6379,5,Prompt review and payment,Prompt review and payment ,0,False,False,2024-11-19T00:00:00.000Z,2024-12-11T03:08:05.000Z,https://www.trustpilot.com/review/figopetinsurance.com?page=7
figo,6750c183e5f0662d1c3dd989,5,Quick claim reimbursement,Quick claim reimbursement,0,False,False,2024-12-01T00:00:00.000Z,2024-12-04T22:54:27.000Z,https://www.trustpilot.com/review/figopetinsurance.com?page=7
figo,6741d32dfc9f3e3cc8be16d1,1,terrible experience ,This company does not take customer service seriously and will take over a month on average age to process your claim. They don’t respond to emails and claim to loose your pet’s medical records. ,0,False,False,2024-04-12T00:00:00.000Z,2024-11-23T15:05:49.000Z,https://www.trustpilot.com/review/figopetinsurance.com?page=7
figo,673cf4e990da5f0d042b0679,5,Easy to file,"Easy to file,  pleased with our coverage and choices.",0,False,False,2024-11-19T00:00:00.000Z,2024-11-19T22:28:25.000Z,https://www.trustpilot.com/review/figopetinsurance.com?page=7
figo,673033249d3d9d45bdf5d0ee,4,Easy to submit online and quick respond…,Easy to submit online and quick respond for claim submittion ,0,False,False,2024-11-05T00:00:00.000Z,2024-11-10T06:14:28.000Z,https://www.trustpilot.com/review/figopetinsurance.com?page=7
figo,672f3bcb8119c6192a1dce07,1,Not helpful,Not helpful,0,False,False,2024-03-19T00:00:00.000Z,2024-11-09T12:39:07.000Z,https://www.trustpilot.com/review/figopetinsurance.com?page=7
figo,672a5033d92c2c20d32a0953,5,First claim/first time with insurance experience-   ,I am new to having pet insurance . The claims were super easy to do . I was worried it would be hard to do since drop down boxes for your claim. The process was so easy… they were so fast with reviewing the claim and the money was in my account in a few days. I did have questions about my policy and a claim for surgery I was going to have to make. I called the customer service line. I didn’t have to wait and the woman helping me was so helpful and kind (and patient ) bc I had soooo many questions .  I was alittle skeptical starting my first claim but the experience I had was amazing .  ( I don’t normally do reviews but always look at them but wanted to write one so I can help someone who is reading this) During a super stressful time with my dog needing surgery this part of the process was so easy and no stress . 10/10 recommend,0,False,False,2024-10-31T00:00:00.000Z,2024-11-05T19:04:52.000Z,https://www.trustpilot.com/review/figopetinsurance.com?page=7
figo,672538e3ab1dfe65ad046b58,5,Invoice Submission Assist,First time user needed help filing veterinary invoice and  received cordial professional help from agent.,0,False,False,2024-11-01T00:00:00.000Z,2024-11-01T22:24:03.000Z,https://www.trustpilot.com/review/figopetinsurance.com?page=7
figo,671bf900b35879796f8b20ea,5,I thought this was BS at First BUT ITS NOT!!!,"The price for this insurance sounds super fake but it wasn’t. I’m paying $60 for unlimited annual benefit, $750 deductible and 90% reimbursement. Plus it covers the Vet Exams, Rehabilitation, and the Wellness Plus Package.
For Example I just went to the Vet 2 days ago for some shots heath certificate and much more. It was $113 and I ended up paying $21 of my own money. If it’s always going to be like this I’m staying with FIGO Pet insurance for a very long time.",0,False,False,2024-10-25T00:00:00.000Z,2024-10-25T22:01:04.000Z,https://www.trustpilot.com/review/figopetinsurance.com?page=7
figo,6718c14c2e17b909227ef6be,1,Poor communication for reimbursement,Poor communication for reimbursement on multiple occasions. The nail in the coffin was when they stated that an ACUTE otitis media infection wouldn’t be covered because of a pre existing condition within the past 12 months of allergic dermatitis that occurred 10 months earlier. Let me just say this is hogwash … no offense to the hogs out there,0,False,False,2024-05-15T00:00:00.000Z,2024-10-23T11:26:36.000Z,https://www.trustpilot.com/review/figopetinsurance.com?page=8
figo,6712d4937eb95afe3371eae6,5,It was super easy to file the claim…,It was super easy to file the claim online through the Pet Cloud app. Within 24 hours I not only had a response but my claim was paid. Great service,0,False,False,2024-10-17T00:00:00.000Z,2024-10-18T23:35:15.000Z,https://www.trustpilot.com/review/figopetinsurance.com?page=8
figo,67113aec04f69f765f2449fc,2,Don’t bother,"They don’t listen, they don’t care if you’ve had a bad experience; I would not recommend them. I filed a claim after my pet passed away last year and it took 2 1/2 weeks for Figo to decide that my claim was not covered. After asking them why it had taken so long for them to figure this out, I got no response. During that 2 1/2 weeks, they were constantly emailing me and calling me to ask me for more information (meaning I had to talk about the death of my pet over and over and over) and they were calling my vet’s office to ask for more information. None of us could figure out what they needed. In the end, it wasn’t covered (why didn’t they just tell me that in the first place?) and I was out that money anyway. Total waste of time and money.",0,False,False,2024-10-17T00:00:00.000Z,2024-10-17T18:27:24.000Z,https://www.trustpilot.com/review/figopetinsurance.com?page=8
figo,670eb1325526f80a5bd12479,5,Very glad we went with FIGO !!,"The customer service has been amazing!! This is the first time we have had pet insurance , it has been a great experience and I wont go without it again!",0,False,False,2024-10-12T00:00:00.000Z,2024-10-15T20:15:14.000Z,https://www.trustpilot.com/review/figopetinsurance.com?page=8
figo,670c920f781872385c807c41,5,Very easy to get the claim approved,Very easy to get the claim approved,0,False,False,2024-10-08T00:00:00.000Z,2024-10-14T05:37:51.000Z,https://www.trustpilot.com/review/figopetinsurance.com?page=8
figo,670a500bdeeaeb42fb8a738d,1,They get 0/10 ,Poor customer service along with lack of complete explanations for claims process. They will dismiss as they see fit regardless of your pets need. Totally pointless policy thus taking money from clients with no benefits provided. They get 0/10 with the total allowance of 5% towards deductible after more than 1K out of pocket. Updated 10/22/24 Auto response shows continued lack of customer care/support. ,0,False,False,2024-08-17T00:00:00.000Z,2024-10-12T12:31:39.000Z,https://www.trustpilot.com/review/figopetinsurance.com?page=8
figo,67083a1ee0a648ae4a43b226,5,The experience was great number one…,The experience was great number one because it was very simple directions were straightforward it was easy to understand instead of having complicated paperwork,0,False,False,2024-10-07T00:00:00.000Z,2024-10-10T22:33:34.000Z,https://www.trustpilot.com/review/figopetinsurance.com?page=8
figo,67062e90ad7fe699ef07f540,5,Speedy service.They make filing a claim…,Speedy service.They make filing a claim so easy.  ,0,False,False,2024-10-08T00:00:00.000Z,2024-10-09T09:19:44.000Z,https://www.trustpilot.com/review/figopetinsurance.com?page=8
figo,670466b2247e410fe41be44d,5,Easy peasy process ,Just filled my first claim and it was test and easy! My little lady got vaccines and they reimbursed me right away! Highly recommend!,0,False,False,2024-10-04T00:00:00.000Z,2024-10-08T00:54:42.000Z,https://www.trustpilot.com/review/figopetinsurance.com?page=8
figo,67029d010479b5d4428a626e,5,Great customer experience,"The customer service is great. Everybody is friendly, knowledgeable, and takes care of claims in a timely manner.",0,False,False,2024-10-03T00:00:00.000Z,2024-10-06T16:21:53.000Z,https://www.trustpilot.com/review/figopetinsurance.com?page=8
figo,670053bc791654b208dfa82c,5,I am very happy with quick responses…,I am very happy with quick responses and friendly staff,0,False,False,2024-10-04T00:00:00.000Z,2024-10-04T22:44:44.000Z,https://www.trustpilot.com/review/figopetinsurance.com?page=8
figo,670034274dba43ad4d9da194,5,Thank you for the clear and friendly…,"Thank you for the clear and friendly explanation regarding my pet policies. I appreciate the professionalism in how it was communicated.

Thank you again.",0,False,False,2024-10-04T00:00:00.000Z,2024-10-04T20:29:59.000Z,https://www.trustpilot.com/review/figopetinsurance.com?page=8
figo,66ff27e11da7a5446122f744,5,I kept making mistakes and the woman…,I kept making mistakes and the woman was so helpful.,0,False,False,2024-10-03T00:00:00.000Z,2024-10-04T01:25:21.000Z,https://www.trustpilot.com/review/figopetinsurance.com?page=8
figo,66fedbc494522929d3e2b3eb,5,Submitting my claim was super easy,"Submitting my claim was super easy. Once I received my reimbursement, I was able to easily view the explanation of benefits to see where I was able to reclaimed some of the funds from my bill. ",0,False,False,2024-10-03T00:00:00.000Z,2024-10-03T20:00:36.000Z,https://www.trustpilot.com/review/figopetinsurance.com?page=8
figo,66f6ee6012b6f2198bf2ffae,5,Quick reimbursement ,Straightforward benefits. Variety of insurance choices and pricing. Quick reimbursement.,0,False,False,2024-09-27T00:00:00.000Z,2024-09-27T19:41:52.000Z,https://www.trustpilot.com/review/figopetinsurance.com?page=8
figo,66f36c61960c60ae81af9f04,5,Fast and easy claim,Turning in a claim is so easy. Money was deposited into my account within 2 business days! ,0,False,False,2024-09-21T00:00:00.000Z,2024-09-25T03:50:25.000Z,https://www.trustpilot.com/review/figopetinsurance.com?page=8
figo,66f2fcf1268106bc429b057d,5,Reimbursement for Wellness Examination,"I put in a claim for a wellness examination and inoculations for my dog, which was very easily done on the computer.
Within 12 hours my claim was accepted and I was honestly reimbursed.
It is such a pleasure to deal with such an honest and reliable company.
",0,False,False,2024-09-24T00:00:00.000Z,2024-09-24T19:54:57.000Z,https://www.trustpilot.com/review/figopetinsurance.com?page=8
figo,66f1a297f74c4bc87ce5c880,5,We love Figo!!!,We love Figo!!!! In the past we have used other pet insurance and Figo by far out performs with claim filing timeliness and reimbursement. Customer service is spectacular!!,0,False,False,2024-09-22T00:00:00.000Z,2024-09-23T19:17:11.000Z,https://www.trustpilot.com/review/figopetinsurance.com?page=8
figo,66e9eef513dc0c52b7ec0d6b,5,Great experience,"Great experience, quick answers. ",0,False,False,2024-09-17T00:00:00.000Z,2024-09-17T23:04:53.000Z,https://www.trustpilot.com/review/figopetinsurance.com?page=8
figo,66e9bda1400e4543c2e8a1b4,5,How fast and easy was to file a claim…,How fast and easy was to file a claim and also how fast it was to hear back from a claim I just had filed.,0,False,False,2024-09-17T00:00:00.000Z,2024-09-17T19:34:25.000Z,https://www.trustpilot.com/review/figopetinsurance.com?page=8
figo,66e8a5e94837d1940d0ddf2f,4,Debatable ,The experience is a plus and a minus. It did great for one dog but not for the other. I'm thinking twice about leaving one of the dogs on or not.,0,False,False,2024-09-13T00:00:00.000Z,2024-09-16T23:40:57.000Z,https://www.trustpilot.com/review/figopetinsurance.com?page=9
figo,66e795cda7955c665b428816,5,Super fast reimbursement ,My dog unexpectedly injured her knee and needed surgery.  They paid us back so fast after we submitted the claim!  We are sticking with them in the future as well!,1,False,False,2024-03-15T00:00:00.000Z,2024-09-16T04:19:57.000Z,https://www.trustpilot.com/review/figopetinsurance.com?page=9
figo,66e760aa196ed7d2564046a6,1,I put in a claim about 2 months ago and…,I put in a claim about 2 months ago and have heard nothing.  Wrote another note about it last week and got an automated message saying they were having technical difficulties.  I think I chose the wrong pet insurance even though my Vet recommended them.,1,False,False,2024-09-06T00:00:00.000Z,2024-09-16T00:33:14.000Z,https://www.trustpilot.com/review/figopetinsurance.com?page=9
figo,66e743da89c9e45a173850e1,4,I cannot access my files in the app and…,"I cannot access my files in the app and I cannot upload receipts from there. It times out when my inbox is loading. So it is useless. 

I send email to Figo to submit my claims. It might be helpful to put a consolidated lists of email in the app 
where to send claims, send prior records, request EOBs, statement. ",0,False,False,2024-09-12T00:00:00.000Z,2024-09-15T22:30:18.000Z,https://www.trustpilot.com/review/figopetinsurance.com?page=9
figo,66e05ca641e1d7dae2375a10,4,They did respond me back quickly and…,They did respond me back quickly and explained how to use the billing.,0,False,False,2024-09-05T00:00:00.000Z,2024-09-10T16:50:14.000Z,https://www.trustpilot.com/review/figopetinsurance.com?page=9
figo,66dcdff1bef8a71a24a8da35,5,I really like their customer service,"I really like their customer service. They are quick to answer my call and always I have the answers I’m looking for. I called because I can’t see my EOBs online in the app, still need to fix that! ",0,False,False,2024-09-04T00:00:00.000Z,2024-09-08T01:21:21.000Z,https://www.trustpilot.com/review/figopetinsurance.com?page=9
figo,66dbb52ca3a12bbc7c568d67,5,Mauma,I liked being paid right away.,0,False,False,2024-09-06T00:00:00.000Z,2024-09-07T04:06:36.000Z,https://www.trustpilot.com/review/figopetinsurance.com?page=9
figo,66d75280e7798e403288ffaf,5,Easy to use makes this a no-brainer for…,Easy to use makes this a no-brainer for anyone worried about the hassle of getting pet insurance.,0,False,False,2024-09-03T00:00:00.000Z,2024-09-03T20:16:32.000Z,https://www.trustpilot.com/review/figopetinsurance.com?page=9
figo,66d216895fe6b8d3f5509537,5,Amazing,Amazing! I get refunded the next day. Very quick and responsive.,0,False,False,2024-08-27T00:00:00.000Z,2024-08-30T20:59:21.000Z,https://www.trustpilot.com/review/figopetinsurance.com?page=9
figo,66d1bbb4b44aeccc8ca7dd98,3,Okay,"I like that I have something for emergencies and the flexible plans. I wish it was more transparent and up front with the Power Ups, I probably will not be renewing my wellness power up after this year. I also wish we were given a date for when we would be reimbursed so I could budget better. ",0,False,False,2024-08-29T00:00:00.000Z,2024-08-30T14:31:48.000Z,https://www.trustpilot.com/review/figopetinsurance.com?page=9
figo,66cf69c1bb6dbdfb910373a9,5,Great service ,Checked around at other insurance companies for pets and contacted my veterinarian who recommended three different ones. We picked Figo.,0,False,False,2024-08-28T00:00:00.000Z,2024-08-28T20:17:37.000Z,https://www.trustpilot.com/review/figopetinsurance.com?page=9
figo,66ce7e1b5bb862f3106da085,1,DONT BUY FIGO PET INSURANCE,I got Figo pet Insurance for my 4 dogs. After almost getting through their waiting period my dog got a lump on her leg...it was not there prior to getting the insurance. Sure enough cancer..not sure what kind cuz it cost 500 to get it checked out. I was 14 days from it being covered and they denied it. I ended up after 3-4 mos having to put her down. In the meantime I decided to cancel all policies for my 4 dogs. It is now 31 BUSINESS days and still no refund. I have called several times to check on it and always told it is being refunded...I have asked to talk to supervisor a few times...always NO ONE is available...and always told someone will call back but NO ONE calls back...and NO REFUND AND NO HEALTH CARE when my dog really needed it. Don't waste your money. Set it aside in an account and if something happens you'll have it. I found other reviews --- too late--- on reddit and other places saying this company will take your money but not give you the health care you pets deserve. Find someone else!,1,False,False,2024-08-27T00:00:00.000Z,2024-08-28T03:32:11.000Z,https://www.trustpilot.com/review/figopetinsurance.com?page=9
figo,66ce06f1e3e99ff966455584,1,Not Worth The Cost,I’m very disappointed in how little they actually cover especially given that I upgraded with add ons like wellness—I’ve spent well over 600 dollars (just to keep in mind that I did sign her up as a 12 week old very healthy puppy) and did all the standard vaccinations / exams and Figo only reimbursed me 45 dollars. That’s it. I work in insurance and employer/ee benefits and I’ll never recommend this to my groups. The app is easy to use.,1,False,False,2024-08-27T00:00:00.000Z,2024-08-27T19:03:45.000Z,https://www.trustpilot.com/review/figopetinsurance.com?page=9
figo,66cb76fdcbe73b71334636f1,5,I'm very impressed with Figo,"I'm very impressed with Figo. They have been responsive and no issues with submitting claims for our French Bulldog for our first year. We are very pleased with their customer service and hope to keep them for years to come.  We have it place mainly for major issues, in case they pop up (not for wellness items like shots or exams, although they did offer that as an option, which we opted out of). So far it's been very great experience. We plan to renew and keep it in place. They did offer a bit of a discount with our Costco membership (something for others to look into).  It is worth the money for our peace of mind and overall wellness of our pup :) ",0,False,False,2024-08-24T00:00:00.000Z,2024-08-25T20:25:01.000Z,https://www.trustpilot.com/review/figopetinsurance.com?page=9
figo,66cb3d02612ca021f7ed525e,5,Very nice customer service,Very nice customer service. Very helpful. Got my claims submitted Very easily and one was paid within 24 hours. ,0,False,False,2024-08-23T00:00:00.000Z,2024-08-25T16:17:39.000Z,https://www.trustpilot.com/review/figopetinsurance.com?page=9
figo,66c8c2b385d058c7f3630b52,4,Thought it would cover more of the…,Thought it would cover more of the wellness but super fast claim processing!!!,0,False,False,2024-08-23T00:00:00.000Z,2024-08-23T19:11:15.000Z,https://www.trustpilot.com/review/figopetinsurance.com?page=9
figo,66c1432a5ad4aee030aeef3d,5,First impression - A+,"This is the first time I've gotten pet insurance. So far, I'm extremely impressed with the customer service I'm getting from Figo. ",1,False,False,2024-08-17T00:00:00.000Z,2024-08-18T02:41:14.000Z,https://www.trustpilot.com/review/figopetinsurance.com?page=9
figo,66bca5b002e30f5d8c86b8ef,4,Quick and easy,Quick and easy; reimbursement fast,0,False,False,2024-08-08T00:00:00.000Z,2024-08-14T14:40:16.000Z,https://www.trustpilot.com/review/figopetinsurance.com?page=9
figo,66b6aafbca46815da0618c22,1,I cannot get on your crazy website,I cannot get on your crazy website!    😡,0,False,False,2024-04-01T00:00:00.000Z,2024-08-10T01:49:15.000Z,https://www.trustpilot.com/review/figopetinsurance.com?page=9
figo,66b3a6ad39b4db6ab9edfe52,1,"It sucks  -  You’ll pull your hair out, trying to contact them",It sucks - I think this company is a scam. They have no consistent way to login online or on the phone total crap,0,False,False,2024-03-27T00:00:00.000Z,2024-08-07T18:54:05.000Z,https://www.trustpilot.com/review/figopetinsurance.com?page=9
figo,66b108d7731f6eda73a2ba69,1,Rates went up over 100% in just 2…,"Rates went up over 100% in just 2 years, and barely covered anything! What a scam.",0,False,False,2024-01-05T00:00:00.000Z,2024-08-05T19:16:07.000Z,https://www.trustpilot.com/review/figopetinsurance.com?page=10
figo,66aff52665673c8234675569,5,Fantastic!,Customer service is absolutely fantastic and helpful. I like the choices for benefits for my pets as well.,0,False,False,2024-08-01T00:00:00.000Z,2024-08-04T23:39:50.000Z,https://www.trustpilot.com/review/figopetinsurance.com?page=10
figo,66af856852ccd36a0ef32fb7,4,The people at Figo are great; Pet Cloud needs work ,"The people at Figo are great!  They have been very helpful in helping me get my Pet Cloud working. They have also been great about helping me to file my first claim.

The reason I didn't give the 5 stars is that the Pet Cloud app which you are instructed to use for filing claims doesn't work when I try to file my claims.  I can use it to upload my documents and manage my account, but when it comes to filing a claim, I get the ""spinning wheel of death"". Hopefully that issue will get fixed soon so that I can get my claims filed and processed quicker.",1,False,False,2024-07-29T00:00:00.000Z,2024-08-04T15:43:04.000Z,https://www.trustpilot.com/review/figopetinsurance.com?page=10
figo,66aa7f8d4acbd0de3154b7fa,5,Customer service is very helpful,"Customer service is very helpful. With the wellness exam plan I was reimbursed very quickly for vaccinations, so far I love the plan. ",0,False,False,2024-07-28T00:00:00.000Z,2024-07-31T20:16:45.000Z,https://www.trustpilot.com/review/figopetinsurance.com?page=10
figo,66a7ff266724e73720027a70,5,claims process is an absolute breeze...,"The claims process is an absolute breeze!  The AI operater is great, making the experience smooth and enjoyable.",0,False,False,2024-07-26T00:00:00.000Z,2024-07-29T22:44:22.000Z,https://www.trustpilot.com/review/figopetinsurance.com?page=10
figo,66a685a9e4d2f0b47d56c7b6,1,hardly anything was covered,hardly anything was covered. Less than 1/3 out of a necessary test and prescription. I'll be looking for different insurance. Why pay a premium if they don't even cover 1/2 of one month's worth.,2,False,False,2024-07-25T00:00:00.000Z,2024-07-28T19:53:45.000Z,https://www.trustpilot.com/review/figopetinsurance.com?page=10
figo,66a539878d699da364331f87,5,The service has been excellent so far,The service has been excellent so far! Very kind and knowledgeable people and the claim filing process has been so easy!,0,False,False,2024-07-24T00:00:00.000Z,2024-07-27T20:16:39.000Z,https://www.trustpilot.com/review/figopetinsurance.com?page=10
figo,66a47970776dc0c117cb9aa1,2,Denies everything ,All around bad experience. The app is convenient but has many glitches. However customer service was very responsive which is why they’re getting 2 stars instead of 1. But overall bad insurance experience clearly out for a profit instead of actually providing ease of mind. So much work obtaining and uploading records only to get minimal reimbursement or complete denial. When I had an actual problem visit to use the insurance with it was denied because my vet’s documentation “wasn’t sufficient”?! Like any vet would go and re-write an entire visit and add unnecessary details to hopefully get a few bucks back…,1,False,False,2024-07-01T00:00:00.000Z,2024-07-27T06:37:04.000Z,https://www.trustpilot.com/review/figopetinsurance.com?page=10
figo,669c8f750d95fe7c8d724557,5,Harley ,They responded promptly ,0,False,False,2024-07-16T00:00:00.000Z,2024-07-21T06:32:53.000Z,https://www.trustpilot.com/review/figopetinsurance.com?page=10
figo,669ab10556da7290aee0ff47,5,I love it so far,I love it so far,0,False,False,2024-07-16T00:00:00.000Z,2024-07-19T20:31:33.000Z,https://www.trustpilot.com/review/figopetinsurance.com?page=10
figo,669a8aa561c41a31e98bb85b,5,First claim ,The process was easy and reimbursement was faster than I expected. ,0,False,False,2024-07-02T00:00:00.000Z,2024-07-19T17:47:49.000Z,https://www.trustpilot.com/review/figopetinsurance.com?page=10
figo,66995f4aedc3c43a01a5f339,5,Submission of Multiple Claims,"First off, I want to say thank you Figo for the speedy turnaround with our submitted claims.  We had an emergency issue, a routine vaccinations/tests and a need for a vet visit for tummy issues.  All toll, we had a good amount of fees.  Our payment from Figo was more than half, always a fee or two not covered, but we are pleased with what we got back. I chose to have coverage for our pup because they can easily get into so many things, the outcome could be over the top for us.  At this time it is worth the monthly fee.",0,False,False,2024-07-18T00:00:00.000Z,2024-07-18T20:30:35.000Z,https://www.trustpilot.com/review/figopetinsurance.com?page=10
figo,669958e534ce9e324f95a9f9,3,Didnt cover the whole bill wondering…,Didnt cover the whole bill wondering why I have this now,0,False,False,2024-07-15T00:00:00.000Z,2024-07-18T20:03:17.000Z,https://www.trustpilot.com/review/figopetinsurance.com?page=10
figo,66972f78413174d0f1571209,5,Uploaded our files,Uploaded our files.  I was so surprised about the quick turnaround ,0,False,False,2024-07-13T00:00:00.000Z,2024-07-17T04:42:00.000Z,https://www.trustpilot.com/review/figopetinsurance.com?page=10
figo,66958232abc9abf382235b11,5,It was so easy and extremely quick…,It was so easy and extremely quick turnaround.,0,False,False,2024-07-11T00:00:00.000Z,2024-07-15T22:10:26.000Z,https://www.trustpilot.com/review/figopetinsurance.com?page=10
figo,66956f635629712a85fecdf5,5,Punctual reimbursement,Reimbursement process is very quick,0,False,False,2024-07-10T00:00:00.000Z,2024-07-15T20:50:11.000Z,https://www.trustpilot.com/review/figopetinsurance.com?page=10
figo,6695211b75239ee63f109b20,5,Claim was quick and easy!,Claim was quick and easy!,0,False,False,2024-07-11T00:00:00.000Z,2024-07-15T15:16:11.000Z,https://www.trustpilot.com/review/figopetinsurance.com?page=10
figo,66951ce28ab71dca61fd8797,5,Customer Service is great,"Customer Service is great. When signing up initially the gal was very nice, informative and answered all my questions. In a second phone call regarding signing up the gal was very nice, informative and when there was a question she wasn’t positive about she said she would email me as soon as she had the answer. Within minutes I had an email with the answer.  When I submitted the first claim, the gal on the phone walked me through and gave me additional information for any future claim situations I may have and how to address it.  Overall customer service and the online site has been great. ",0,False,False,2024-07-11T00:00:00.000Z,2024-07-15T14:58:10.000Z,https://www.trustpilot.com/review/figopetinsurance.com?page=10
figo,669510f21be1e6ab28640f2f,5,Efficient and fast response.,Efficient and fast response.,0,False,False,2024-07-11T00:00:00.000Z,2024-07-15T14:07:14.000Z,https://www.trustpilot.com/review/figopetinsurance.com?page=10
figo,669182323ee7ec5ce99b82f5,1,does not pay your claims,"I was filing my claims later than the 180 days and there were no opportunity to get reimbursed. Also they are super strict to what they reimburse, and for every month I paid policy premium it was a waist because at the end after 2 years I got no reimbursement of any of the services at the vet ",1,False,False,2024-07-12T00:00:00.000Z,2024-07-12T21:21:22.000Z,https://www.trustpilot.com/review/figopetinsurance.com?page=10
