provider,review_id,rating,title,text,likes,filtered,pending,experienced_date,published_date,source_url
lemonade,695bce05d6dd07a697da1895,1,Bait and switch- 50% rate increase ,"Bait and switch. Pure and simple. Insurance has gone up nearly 50% in the last year—I drive less, no lifestyle behaviors have changed in a “negative” way, etc. Wife and I are on our game. Lemonade flat out jacking our rates up every single quarter. I’ve never seen rate increases like this in my 30 years of driving. Over it. On a positive note- their app is easy to use. ",0,False,False,2026-01-05T00:00:00.000Z,2026-01-05T16:43:17.000Z,https://www.trustpilot.com/review/lemonade.com?page=1
lemonade,695af59101e35792ac063beb,1,Buyer beware. Robotic horrible service.,"I tried Lemonade but the first and only time I needed a tow we were left out in the cold for hours even after fighting thru their impossibly inane robotic nonhuman so-called customer service center and being promised by a human a call back. Nothing. Just standing in the cold. We finally called our own town truck and, as usual, we have zero customer services assurance we will be reimbursed. Stay away from Lemonade....unless it's a liquid squeezed juice in a ice-filled drinking glass.
Update: even their response is insane and proves my point: days before this review I already emailed to this address they are now talking about.....uggh",1,False,False,2025-12-28T00:00:00.000Z,2026-01-05T01:19:45.000Z,https://www.trustpilot.com/review/lemonade.com?page=1
lemonade,69580319aa353aae9715176b,1,My  glasses were broken and I made a…,"My  glasses were broken and I made a claim, which required me to send in a short video of the broken glasses.  I heard nothing back.I have tried to cancel my policy but there is no simple way to do so, now they are telling me the policy is due to renew.  I have writtten twice making it clear I wish to cancel.  I would not touch these people. ",3,False,False,2025-08-02T00:00:00.000Z,2026-01-02T19:40:41.000Z,https://www.trustpilot.com/review/lemonade.com?page=1
lemonade,69565d94c9089ca029d13e90,5,Super simply and easy…,Super simply and easy to file a claim with a speedy response.,0,False,False,2025-12-31T00:00:00.000Z,2026-01-01T13:42:12.000Z,https://www.trustpilot.com/review/lemonade.com?page=1
lemonade,69559e133f08aee9b02f2675,1,Worst company,"Worst company. You get a different person each time that just gives a generic scripted response but doesn’t resolve one single thing 

They were supposed to charge me 22.50 per month 
They not only charged me a full year and gave some bogus response. They then double charged me almost 500 dollars and make it seem like “oh ya, we’ll take care of it”

Nothings been taken care of and guessing nothing will. 

They give me no choice but to take the legal route. Would much rather spend my time doing other things being a single mother of 3 but I guess they get off on this. 
Stay away from them. They are HORRIBLE ",0,False,False,2025-12-31T00:00:00.000Z,2026-01-01T00:05:07.000Z,https://www.trustpilot.com/review/lemonade.com?page=1
lemonade,69559049cf7057dc35005d96,5,Absolutely fantastic service ,Absolutely fantastic service from lemonade. After my child hit our tele purely by accident due to playing on his VR headset. I filed a claim and within 3 days it was settled bearing in mind this was over Christmas.Honestly can’t fault this company at all and Tania who dealt with it was brilliant. If you’re looking for building & contents insurance which is what I have with these I can’t recommend them enough and have already told family members for when their policy is up for renewal. I know some reviews mention having to do a video of what’s happened but honestly it’s nothing to worry about at all it’s literally just to explain what has happened and how it happened. ,0,False,False,2025-12-31T00:00:00.000Z,2025-12-31T23:06:17.000Z,https://www.trustpilot.com/review/lemonade.com?page=1
lemonade,6953a9a5d3d6b2e11fcddc61,1,"Terrible service, unhelpful customer service.  Avoid!","I have had this policy for 12 months, asked not to renew and they did it anyway.  I have tried to cancel the policy as well as ask questions about the current policy, very ambiguous answers from CS (when they bother to get back to you).  Terrible layout user interface, difficult to navigate, no live chat, no phone number...the list goes on.  I am relatively young but if you are of a mature age I would avoid at all costs.  I need to file a complaint with the ombudsman as these guys need their licence taken away.  ",1,False,False,2025-12-30T00:00:00.000Z,2025-12-30T12:29:57.000Z,https://www.trustpilot.com/review/lemonade.com?page=1
lemonade,6952d4d3c6de1531f60f2493,5,A+++ insurance Excellent service,A+++ insurance Excellent service ,0,False,False,2025-07-14T00:00:00.000Z,2025-12-29T21:21:55.000Z,https://www.trustpilot.com/review/lemonade.com?page=1
lemonade,6951d849e026474743639875,1,They refused to refund me for three…,They refused to refund me for three years of continuous charges on an apartment I didn’t live in. Terrible experience and terrible customer service.,0,False,False,2025-12-11T00:00:00.000Z,2025-12-29T03:24:26.000Z,https://www.trustpilot.com/review/lemonade.com?page=1
lemonade,694d9e2b9e5a7d0060535810,1,Buyer beware,"Lemonade bought out Metromile for mileage-based auto insurance. I have no comp or collision, just the minimum required, I use 100-150 miles/month and my rates have still doubled in a low-accident county of CA, they have horrible roadside assistance and customer service is barebones. On Xmas, I needed a jumpstart for my battery and no one would come b/c Lemonade wouldn't pay the holiday rate. I WAS LEFT HIGH AND DRY and could go nowhere. Thanks, Lemonade. They are an Israeli-based outfit that cares only about the bottom line. Customer service is mostly out of the country and though some try, their hands are tied. I am cancelling. I despise the way Schreiber, the founder and CEO along with his partner Wininger, bask in their incredible profits after discovering the AI model of doing business, regale investors with stories of a 3-second claim approval using chatbots. Try this, Mr.Screiber: be there for customers when they need you based on a contract of service. Read your reviews from service providers who will no longer do business with you. Neither will I. I know a come-on when I see one...bait and switch.",1,False,False,2025-12-23T00:00:00.000Z,2025-12-25T22:27:23.000Z,https://www.trustpilot.com/review/lemonade.com?page=1
lemonade,694d1a928878ab2ab281aa93,2,Great until you have to make a claim like a Tiktoker,"Prices are low-ish with Lemonade, particularly for contents insurance, but I can't get used to their insistence when you make a claim that you record a mobile phone video of yourself explaining all of the circumstances. Obviously some people aren't the most comfortable in that format and it seems mental to make that a requirement. If you're not prepared to do that than it renders their insurance pretty much useless.",2,False,False,2025-08-01T00:00:00.000Z,2025-12-25T13:05:54.000Z,https://www.trustpilot.com/review/lemonade.com?page=1
lemonade,694b3b894433807f2d3dcce0,1,Claim Delayed by False Policy Records,"I had an active Lemonade Pet Insurance policy for my dog,  since September 2024 and never had an issue until this year.

My monthly premium unexpectedly jumped from $89 to $114, and when I filed a very simple claim, everything unraveled.

First, I was told Lemonade “did not have my dog’s medical history,” despite the fact that nothing had changed and coverage had been active for over a year and we had previous claims. After I provided documentation again, I was then told that Storm allegedly had a previous insurance policy with a company called “GAP.”

I have never had pet insurance with any other provider in the United States, and I moved to America in 2024. I don’t even know what GAP is. There is no prior or secondary policy, yet Lemonade repeatedly insisted on this and requested proof of cancellation for a policy that never existed.

This has caused unnecessary delays, confusion, and stress over what should have been a straightforward claim. The experience revealed serious internal record-keeping or file-matching issues, and customer service continued to push the same incorrect information instead of resolving the error.

Between the sudden premium increase and the repeated administrative mishaps, I’ve lost confidence in this provider and will be cancelling my policy and finding coverage elsewhere.",3,False,False,2025-12-23T00:00:00.000Z,2025-12-24T03:02:01.000Z,https://www.trustpilot.com/review/lemonade.com?page=1
lemonade,694b1e3f16a7c48e88b1e55a,1,Do not get their pet insurance!!,"Do not get their pet insurance, the rates increase substantial (40%+) YoY.  Its a bait and switch with low cost upfront for the first year, then they screw you.",4,False,False,2025-12-23T00:00:00.000Z,2025-12-24T00:57:03.000Z,https://www.trustpilot.com/review/lemonade.com?page=1
lemonade,694a550bafb898a60418c7b7,1,Wrongfully Denied Claim,I submitted my claim for a new illness my cat was diagnosed with in August of this year. They denied the claim and gave me zero support saying it was preexisting. My cat had never been diagnosed or treated for this illness at all at any vet at any time. I’ve been a steady customer for over a year and paying them for coverage they denied me after waiting weeks for their response. I canceled my insurance with them. Scam company. ,3,False,False,2025-12-23T00:00:00.000Z,2025-12-23T10:38:35.000Z,https://www.trustpilot.com/review/lemonade.com?page=1
lemonade,694a2271dced2ed2e118dbc2,2,They look to not pay out even when your within your policy cover.,"I paid for a full year and higher level of cover for my contents insurance policy. And with that I would expect to actually be covered. However when I list exclusively my TV as a premium, high cost item and yes bad luck it got damaged. Trying to make a claim has just been impossible. To the point I have given up trying. I will never use this company again they are not worth it and do not honour the policy you purchased. ",1,False,False,2025-12-01T00:00:00.000Z,2025-12-23T07:02:41.000Z,https://www.trustpilot.com/review/lemonade.com?page=1
lemonade,694972f27ebb20f70e5547b0,1,I have used Lemonade Pet Insurance 3…,"I have used Lemonade Pet Insurance 3 times with my 8 month old puppy. The last visit was a sick visit. It was not complicated, all he needed was an injection. Today marks 4 business days of getting the run around from Lemonade. They continue to say the same thing, that they need information from the vet. As of today, they still have yet to contact the vet. When I called, there was no supervisor available - they take your information and “escalate” this. It can take another 24-48 hours to hear back from them. This has been very frustrating. I won’t be staying with them ",0,False,False,2025-12-22T00:00:00.000Z,2025-12-22T18:33:54.000Z,https://www.trustpilot.com/review/lemonade.com?page=1
lemonade,6948537e535d33df7cdb2c3a,5,Great support and quick response!,"I accidentally damaged the induction hob in the house where I live as a tenant. I submitted a claim through the app and they contacted me right away. Shortly after sending the purchase invoice for the induction hob, they confirmed that it was covered by the insurance and reimbursed me. I was assisted by Wandhana, who was very quick and attentive throughout the process.",0,False,False,2025-12-18T00:00:00.000Z,2025-12-21T22:07:26.000Z,https://www.trustpilot.com/review/lemonade.com?page=1
lemonade,6946379986d32682d322cbe5,5,Very easy and user-friendly claims…,"Very easy and user-friendly claims process! Our claim went through super fast—we’re really impressed, especially compared to other pet insurance companies we've tried. Highly recommend!",0,False,False,2025-11-08T00:00:00.000Z,2025-12-20T07:43:53.000Z,https://www.trustpilot.com/review/lemonade.com?page=1
lemonade,6945b90e8c91a55c6181544e,1,It takes an incredibly long time to…,"It takes an incredibly long time to process a claim, even when all the necessary documents are submitted. Unfortunately, they often associate your pet’s illness with pre-existing conditions and deny the claim. For instance, I rescued a dog with a history of kennel cough. When I took him to the vet for his stomach issue, my claim was denied because it was considered a pre-existing condition associated with kennel cough. ",0,False,False,2025-12-08T00:00:00.000Z,2025-12-19T22:43:58.000Z,https://www.trustpilot.com/review/lemonade.com?page=1
lemonade,69446dbb98c356331079bce8,1,Many hidden fees charge installments…,Many hidden fees charge installments outside of policy prices don’t send you receipts charge cards instantly before policy is even in full affect. I canceled Right away I don’t want a plan that isn’t honesty and up front .,0,False,False,2025-12-18T00:00:00.000Z,2025-12-18T23:10:19.000Z,https://www.trustpilot.com/review/lemonade.com?page=1
lemonade,69434f25550d613cec69968f,1,This company will not correct my home…,This company will not correct my home owners insurance address. Been going on 8 days this is unacceptable. Thanks for screwing my refinance. You would think you should have the correct information so it can be legal.,0,False,False,2025-12-10T00:00:00.000Z,2025-12-18T02:47:33.000Z,https://www.trustpilot.com/review/lemonade.com?page=2
lemonade,69434653b72330d24964e1e6,1,Its a horrible experience,Its a horrible experience. Im giving money to a company I can’t reach on the phone. And when i email no one emails me back quickly or at all. I have also tried to put a claim in for over a year and a half and you all have managed to change the policy from my original agreement. So i dont even think you would give me my money back to fix the niagara falls damage that happened to my apt. I have still jot been able to fix my home since that life changing  event that happened making my world spiral into a terrible depression and a damaged apt. Yet I continue to pay Lemonade. You even raised my yearly cost and i haven’t even put in a claim.  You are not in a good standing with me at all. The only reason why I hadn’t switched companies is because I have been busy and because I have put so much money already into lemonade I feel so swindled. I should probably put a public review at this point . ,0,False,False,2025-06-01T00:00:00.000Z,2025-12-18T02:09:55.000Z,https://www.trustpilot.com/review/lemonade.com?page=2
lemonade,6942be7a045a92697bbc7707,1,Take your money elsewhere,They fight tooth and nail to not pay out on the policy and take an extremely long time to communicate their decision. ,0,False,False,2025-10-01T00:00:00.000Z,2025-12-17T16:30:18.000Z,https://www.trustpilot.com/review/lemonade.com?page=2
lemonade,69414426292c0f61d22543d9,1,I was locked out of my home with no…,"I was not able to complete my claim as I apparently had a foreign bank account. Asked for your contact and left requests to call me. It took Lemonade a week to respond, not wanting to understand the situation, there was just a blunt no. Lemonade showed that they do not care about the safety of their customers - I was locked out of my home with no keys nor phone. Lemonade insisted that I should have called the emergency number - with no phone?? instead of having a friend call a locksmith and let me in? Then a 75 € refund was too much for Lemonade. Lemonade had a really strong start but didn’t manage to deliver, when you actually needed their help the most, they clinged to ridiculous policies that made no sence. Therefore, your slogan insurance that works, faster is not true. As it didn’t work nor was it fast. ",0,False,False,2025-12-09T00:00:00.000Z,2025-12-16T13:36:06.000Z,https://www.trustpilot.com/review/lemonade.com?page=2
lemonade,69405ee7a82dc18000ab95dd,1,Claim denied without reason,We made an initial claim about 5 months after having the policy. Our dog developed a skin allergy and needed medication. They denied the claim citing two previous vet visits. One was for an ear infection two years prior and the other was for an insect but over a year prior. Neither of which were remotely related to the allergy they had developed in the last few months. Don’t waste your money with these people. They won’t cover your pet. ,0,False,False,2025-12-15T00:00:00.000Z,2025-12-15T21:17:59.000Z,https://www.trustpilot.com/review/lemonade.com?page=2
lemonade,693c783ebf5c1e08ca229cc2,1,By far worst pet insurance company I…,"By far worst pet insurance company I have ever dealt with. My dog went to the pet er earlier this year and I had to jump through hoops to get everything they needed for claim processing. They said they contacted the animal hospital they did not and I supplied  everything . A month after I was told nothing else was needed I was informed something else was missing. 
2nd instance my dog  had an infection and he had to go the vet and they claimed he could not be covered because of a pre existing visit for allergies. I will be looking for another company and would not recommend them to anyone looking. ",0,False,False,2025-12-12T00:00:00.000Z,2025-12-12T22:17:02.000Z,https://www.trustpilot.com/review/lemonade.com?page=2
lemonade,693c77e150539a172d010767,1,No customer service/shady practices,"I switched to Lemonade for auto insurance since I already had my renters insurance through them. However, my second automatic withdrawal was $250 higher than the quoted rate. I contacted the company to discuss the discrepancy and requested to cancel the policy. I was told the cancellation would be processed and that I would receive a partial refund, which I did.

Later, I discovered that the policy had not actually been canceled, and Lemonade continued to deduct payments from my account. When I called again, I was informed that my policy had never been canceled. After multiple discussions and considerable frustration, I finally succeeded in having the policy terminated.

I then asked for a refund of the last two months of payments, but was told I would need to provide proof of coverage from my new insurer. Only after reviewing that documentation, they said, would they consider issuing a refund for those charges.",0,False,False,2025-12-12T00:00:00.000Z,2025-12-12T22:15:29.000Z,https://www.trustpilot.com/review/lemonade.com?page=2
lemonade,693c638b9f88875bc8f294fb,5,Put an accidental damage claim in on…,Put an accidental damage claim in on the 10th dec . Replied to all correspondence from Matt . Matt dealt with my claim and everything was sorted and settled today the 12th of dec. I would recommend lemonade to anyone a very understanding company and everything went smoothly and sorted super quick . Thankyou Matt for being so helpful ,1,False,False,2025-12-12T00:00:00.000Z,2025-12-12T20:48:43.000Z,https://www.trustpilot.com/review/lemonade.com?page=2
lemonade,693b7109bd8979a5155d27a0,5,Lemonade insurance saved my cat,"I have had Lemonade insurance for my two cats for a year and a half now and it has been excellent. They are super affordable and it is very easy to file claims. Recently one of my cats needed emergency surgery which resulted in a very large bill ($10k+), lemonade covered it with no issues which saved my cat. I will be a lifelong customer. ",0,False,False,2025-11-03T00:00:00.000Z,2025-12-12T03:34:01.000Z,https://www.trustpilot.com/review/lemonade.com?page=2
lemonade,693b01bb188f075f8502bcd2,1,If I could give this company negative…,"If I could give this company negative stars I would. They mishandled our claim, emailed that our claim was ""sent"" to God knows where as we received nothing. I tried to reach someone SEVERAL times by responding to their emails SEVERAL times over the last 3 months because heaven forbid you should be able to get a resolution over the phone with a REAL person. Their coverage doesn't compare to many of the other companies, and customer service is non-existent.
",0,False,False,2025-08-28T00:00:00.000Z,2025-12-11T19:39:07.000Z,https://www.trustpilot.com/review/lemonade.com?page=2
lemonade,693ad8c4da0fae7d033d2da5,1,Fred was eating my roblox game,"Fred was eating my roblox game, I was abused in intergalictical space time continumes. Fred ate my toenails and i started crying like crazy. My roblox account got hacked by Fred who lives on 123 main street north in germany. Also YAN who i thought lived in Japan, actually lived in sesime street which if i'm correct is from elmo. Lemonade fire Fred and YAN immediatly.",0,False,False,2025-12-10T00:00:00.000Z,2025-12-11T16:44:20.000Z,https://www.trustpilot.com/review/lemonade.com?page=2
lemonade,693ab85bcdcfb46668ab6df9,1,Lemonade is horrendous,"Lemonade is horrendous. They take your money even after you cancel and do not pay and then refuse to refund it. Even if your state, by Law, does not require renters insurance, they still say they need a new lease or a new insurance policy to fully refund your insurance premium that they took. 

Customer service is a joke. They hang up on you the moment you stop being walked over and being interrupted by them. 

The supervisor still refuses to refund even after the employee stated that their app sometimes glitches to stop a person from successfully cancelling. 

Horrible company. Do no recommend. ",0,False,False,2025-12-09T00:00:00.000Z,2025-12-11T14:26:03.000Z,https://www.trustpilot.com/review/lemonade.com?page=2
lemonade,693a85bee73759cec989cf02,1,Awful insurer that does not cover your claims,"I had two claims this year after many years of paying my premium and both times they explain it's outside of their coverage, although water leaks are specifically included in the policy (""damages are covered but not the cost of repair""). It is truly a worthless cheap insurance company built on chatbot nonsense. Stay away from them and get a real insurance company. Lemonade ain't.",0,False,False,2025-12-10T00:00:00.000Z,2025-12-11T10:50:06.000Z,https://www.trustpilot.com/review/lemonade.com?page=2
lemonade,693a3f828f09477e6d9088ef,1,AI LOOP.  No human interaction at all,"The only (I think) human interaction was through email after I cancelled insurance.  They consistently posted a wrong address.  I went with Progressive for less money and better coverage.  I have never spoken to a real person with Lemonade.  
With Progressive, I was always able to speak with a real person anytime I wanted.  
I was with Metro Mile who sold to Lemonade.  After that, it was terrible.  I never had an accident or anything.  Trying to speak to a human being was impossible.",0,False,False,2025-12-10T00:00:00.000Z,2025-12-11T05:50:26.000Z,https://www.trustpilot.com/review/lemonade.com?page=2
lemonade,6939f1b03b2d49089fd7ca17,1,Policy cancelled due to system error despite providing proof. Support ghosted me for 3 months,"Three months ago, Lemonade flagged my roof. I contacted support, and they explicitly told me my policy would be safe if I provided an inspection report.
I provided documents to prove my roof is in perfect condition and sent it immediately. No one replied.

Instead of reviewing the document as promised, their system automatically cancelled my policy 3 months later without any explanation.

This is negligence and a broken process. You wasted my time, disrupted my life, and left me uninsured despite me following your instructions perfectly. I am filing a complaint with the California Department of Insurance for Improper Cancellation.",1,False,False,2025-12-10T00:00:00.000Z,2025-12-11T00:18:24.000Z,https://www.trustpilot.com/review/lemonade.com?page=2
lemonade,69391b5c39425b8cd6fd3f79,1,This company is a SCAM!!! Stay away!!! ,"I don't know how to describe this company other than a SCAM! I signed up because when shopping they were the cheapest option.

It requires a device plugged into your car to monitor millage. I never got the device. I emailed them to let them know I never got it.

They responded saying they were sending a new one and would waive the ""offline"" charges until the new one arrived.

Weeks later still no device and a bill that was $200 more than expected because they did in fact not waive any offline charges.

So then I signed up with another company and same day emailed them to cancel. They delayed the cancelation by 3 days tacking up more charges. 

EDIT: The response of we need documentation to correct the cancelation is a joke. Look at your email you got the exact date and time you were told to cancel the policy. And even if you fix the cancelation that does NOTHING for the $200 in ""offline fees"" that I should not have been charged for the time the policy was in effect. ",0,False,False,2025-12-04T00:00:00.000Z,2025-12-10T09:03:56.000Z,https://www.trustpilot.com/review/lemonade.com?page=2
lemonade,693864247aa4606bfbc09660,3,Lemonade is easy but basic,"Lemonade’s technology simplifies and reduces stress for insurance purchasing, but its reliance on AI chatbots may hinder personal insurance needs. The lack of human interaction can be problematic when encountering complex issues that the AI cannot resolve. Additionally, the user interface’s simplicity may be limiting, particularly for more specialized insurance policies such as homeowners or vehicle insurance. Our experience with homeowners insurance was unsatisfactory, prompting us to switch to another carrier for both our vehicle and homeowners policies. ",0,False,False,2025-09-01T00:00:00.000Z,2025-12-09T20:02:12.000Z,https://www.trustpilot.com/review/lemonade.com?page=2
lemonade,69381a3a23a367ad9616143b,5,Great insurance company,"A stressful situation made much less so by Tesh at Lemonade. We had to claim on both buildings and contents insurance due to water ingress. Tesh was very helpful right from the beginning, can't fault the service.",1,False,False,2025-12-09T00:00:00.000Z,2025-12-09T14:46:50.000Z,https://www.trustpilot.com/review/lemonade.com?page=2
lemonade,69357666ad74a3d37a87590d,1,Worst insurance ever ,Worst case scenario insurance company ,0,False,False,2025-11-30T00:00:00.000Z,2025-12-07T14:43:18.000Z,https://www.trustpilot.com/review/lemonade.com?page=2
lemonade,6934da06eb916d899d1fbd6e,2,Fred denied my claim before the…,"Fred denied my claim before the deadline, ignored my messages, and used requirements not in the policy. I’ve already escalated this to management and will involve the California Department of Insurance if this isn’t corrected immediately.",0,False,False,2025-11-25T00:00:00.000Z,2025-12-07T03:36:06.000Z,https://www.trustpilot.com/review/lemonade.com?page=2
lemonade,69346a2546d6f6c83667ff1c,1,No integrity?,Looks like Daniel and Shai’s parents didn’t teach them well regarding character and integrity - I’ve been waiting 3 weeks for a simple reimbursement for my dog’s brief illness; so it’s starting to smell like any other insurance company - very disappointing - I had high hopes for Lemonade,0,False,False,2025-12-06T00:00:00.000Z,2025-12-06T19:38:45.000Z,https://www.trustpilot.com/review/lemonade.com?page=3
lemonade,693339ce73e650b4201d4f27,5,Flood Claim Quick and Efficient,Carla was my claims handler. She followed up and provided information promptly within 1 to 2 business days. Upstairs neighbor's kid busted a pipe which flooded our apartment. Took less than 2 weeks to be reimbursed. ,0,False,False,2025-11-08T00:00:00.000Z,2025-12-05T22:00:14.000Z,https://www.trustpilot.com/review/lemonade.com?page=3
lemonade,6933291406d5cccb3714b115,2,Automatic renewals and no refund if you miss it! Watch out,"Lemonade does automatic renewals of your policy, so make sure to remember this if you switch insurances! They won't cancel your policy if you don't renew.  You have to remember to manually go to the app and cancel your policy.  This is a big deal, because they won't refund any money if you miss doing this!  This means that you could end up paying for a year or more with no hope of a refund!  I missed renewing my policy, and did not notice the charge on my credit card statement because I was going through some stressful things at work.  The following year, I noticed it and addressed it right away.  I was able to recoup my funds for the current year, but they refused to refund me the $193 for the prior year, even though I was able to produce evidence that I had other insurance during that time!  The practice of automatic renewals without refunds once the cusotmer catches it is unethical.",0,False,False,2025-12-05T00:00:00.000Z,2025-12-05T20:48:52.000Z,https://www.trustpilot.com/review/lemonade.com?page=3
lemonade,6932f0bf1c2d2e830273e38b,5,Great service ,"My first time claiming on house insurance. I've heard nightmare stories all my life but this was really straight forward. I had damaged my vinyl flooring after moving my sofa. I put in the claim, provided evidence and a quote from a local flooring company to replace and my claim was approved. Thanks Tania for making it such an easy stress free experience. ",0,False,False,2025-12-05T00:00:00.000Z,2025-12-05T16:48:31.000Z,https://www.trustpilot.com/review/lemonade.com?page=3
lemonade,69320587aedc965cc478ee0d,1,If I could I would give them no stars,"If I could I would give them no stars. First of all there claims are auto process by AI. So if there is anything that is not auto filled in for your claim it will not even be looked at, so therefore your claim will not be processed fully. Next there is no number for customer service, everything is either AI reply or email. Making it impossible to talker to a person. Worser customer service ever. I have been trying to get my claim paid since 11/10/25 with one excuse after another as to why they won't process it. The main reason is I had past cover for my dog. I sent them emails snapshots, and even a declaration page saying my coverageed ended and they still will not accept it, but of course  there is no way I can talk to a person. I would never recommend this company to anyone, more so if you had past coverage, you'll be screwed.",0,False,False,2025-12-04T00:00:00.000Z,2025-12-05T00:04:55.000Z,https://www.trustpilot.com/review/lemonade.com?page=3
lemonade,6931f0f9f40d225fb141e11a,1,Mostly run by AIs - We're not in any disaster area,"Mostly run by AIs. They even had the wrong info about our house in some cases because they just farm out that info. And, they often give conflicting info about your policy. Cancelled our property insurance through email without giving us a chance to replace our roof even though there were months and months until renewal. We got a new roof and attended to all their new questions after several years of coverage. Then they decided they would offer us a policy for 150% cost of the current policy. ",0,False,False,2025-06-04T00:00:00.000Z,2025-12-04T22:37:13.000Z,https://www.trustpilot.com/review/lemonade.com?page=3
lemonade,6931d8911a2bf239be330182,1,Will do anything not to cover a claim,Will do anything not to cover a claim. me and my partner got pet and rent insurance (under her name) and it’s been impossible to get any claims approved. Absolutely would not recommend ,0,False,False,2025-12-01T00:00:00.000Z,2025-12-04T20:53:05.000Z,https://www.trustpilot.com/review/lemonade.com?page=3
lemonade,6930bd9ecea059ca74b8c94d,1,Software errors like this are unacceptable in 2025,"Lemonade is recommended for renters insurance by Forbes, so you'd think that would be a good thing. Unfortunately the Lemonade.com website has some significant software errors. When you're satisfied with your quote the checkout system offers you payment by credit care or by checking account. Gone are the days when you could manually enter your bank routing number and checking account number. Lemonade uses the Plaid service, prompting you to share your online banking login and password. If you do so, Plaid will reset and bring  you back to the start to provide your login and password again. And again, And again. Then Lemonade logs you out of their site. If you choose to pay by card, many card types will be rejected (for example Visa debit gift cards) but Lemonade won't tell you why it rejected the card nor what cards are acceptable. I spent a lot of time trying to give Lemonade my business but they kept failing a simple online purchase transaction that I could accomplish in 1995. I phoned Lemonade and gamed the phone system menu to reach an actual human. He told me that the only way Lemonade sells insurance policies is through the website, no human assistance is available. Then he recommended I clear my browser's cache and disabled pop-up blockers, which I have been doing since 1995. So, Lemonade has excellent prices for a range of insurance policies, but you'll need a lot of luck to complete the purchase. NOT RECOMMENDED.",0,False,False,2025-12-02T00:00:00.000Z,2025-12-04T00:45:50.000Z,https://www.trustpilot.com/review/lemonade.com?page=3
lemonade,69308b2d63215dc7ef365678,1,Extremely Disappointing Emergency Cover & No Real Support,"I’m really disappointed with Lemonade’s handling of my recent home emergency. My boiler thermostat failed during near-freezing temperatures, leaving my family (including young children and pets) with no heating. I contacted Lemonade expecting urgent help, but the engineer arranged through their partner couldn’t come for two days — which is not acceptable for something sold as emergency cover.

Lemonade keep giving me generic, copy-and-paste responses and haven’t provided any practical support. They keep directing me to their partners (HomeServe/Aviva), but neither of those companies has responded to my complaint or to the request for reimbursement after I had to arrange my own urgent repair to keep my family safe.

It feels like I’m being passed around with no one taking responsibility, even though the policy was sold to me by Lemonade. I expected far better communication, accountability, and actual assistance during an emergency situation.

At this point, I regret choosing Lemonade for home emergency cover and would strongly caution others to reconsider before signing up. When you need help the most, you should not be left alone.",0,False,False,2025-12-03T00:00:00.000Z,2025-12-03T21:10:37.000Z,https://www.trustpilot.com/review/lemonade.com?page=3
lemonade,692f4689b2f0c05058905066,1,Literally the worst experience I’ve…,"Literally the worst experience I’ve ever had in my life. I got in a car accident a year ago TODAY and my license was a suspended over month ago because nobody can verify the insurance a that the claim was paid and it’s over $10,000. Currently trying to get my license reinstated and cannot ever get a hold of my adjustor to get the paperwork I need in order to get my license fixed and show them it’s been paid. It’s absolutely HORRIBLE dealing with them ",0,False,False,2025-12-02T00:00:00.000Z,2025-12-02T22:05:29.000Z,https://www.trustpilot.com/review/lemonade.com?page=3
lemonade,692e3234d77863e467f9ea24,5,Lemonade didn’t give me a hard time on…,Lemonade didn’t give me a hard time on anything when I submitted my claims for an emergency surgery for my dog. They were great and fast! Gave me something less to worry about so I could focus on my dog and his recovery. ,1,False,False,2025-11-24T00:00:00.000Z,2025-12-02T02:26:28.000Z,https://www.trustpilot.com/review/lemonade.com?page=3
lemonade,692d68e1d560c4e1e68fb822,1,Can I not put minus this is a terrible…,"Can I not put minus this is a terrible company 3 months to be asked for evidence that I went on holiday and what I did ok holiday , if that doesn't prove how bad they are then you would be daft to sign up , avoid avoid avoid what does me being on holiday got to do with someone robbing me ",0,False,False,2025-09-13T00:00:00.000Z,2025-12-01T12:07:29.000Z,https://www.trustpilot.com/review/lemonade.com?page=3
lemonade,692c795aaaf39990ce9f6fa3,1,Lemonade is a scam,"Lemonade is a scam.  Do not purchase this pet insurance. My dog was diagnosed with an acute case of diarrhea and the DENIED the claim. I don’t think they know the difference between acute and chronic.  Don’t waste your money, go elsewhere. ",0,False,False,2025-08-29T00:00:00.000Z,2025-11-30T19:05:30.000Z,https://www.trustpilot.com/review/lemonade.com?page=3
lemonade,692c4784386f0c544ba74dc7,5,updated,"Edit: although this review was an honest one, I have since learned more about Trustpilot's business practices, and do not wish to participate in them.

Thank you to Lemonade for your level-headed response to my feedback, despite my grumpiness.

I will probably delete this review entirely after a few days.",0,False,False,2025-11-25T00:00:00.000Z,2025-11-30T15:32:52.000Z,https://www.trustpilot.com/review/lemonade.com?page=3
lemonade,692b3f16595dadf060531c9a,1,Don’t buy any insurance from these…,Don’t buy any insurance from these scammers I keep hearing people say there’s no recourse but the bbb is already aware and lodging complaints. Thieves and liars they are.,0,False,False,2025-11-25T00:00:00.000Z,2025-11-29T20:44:38.000Z,https://www.trustpilot.com/review/lemonade.com?page=3
lemonade,692b217ca2223a1fb0ecaa39,1,Kept being hustled while I was overseas…,Kept being hustled while I was overseas about location setting in my phone…which were all correct but it seems they didn’t understand that their app has limitations when people are travelling. Very frustrating as a frequent traveler. ,0,False,False,2025-11-29T00:00:00.000Z,2025-11-29T18:38:20.000Z,https://www.trustpilot.com/review/lemonade.com?page=3
lemonade,692b1d4a9cadb1aa023f211e,3,Being cheeper doesn’t make it easy ,"The terms and conditions to have heating on constant at 15c is ridiculous and an electrical check every 3 years when that’s not the regs, they are every 5. Now I’m being asked to provided evidence of items above 2k which should take a few minutes. This is not a two min job if you have to take your items for an appraisal which is another expense. This is the worst insurance experience I’ve had for last 20 years! 
Edited 17th December:- I cannot fault the customer support, whom were great at resolving my complaint. ",0,False,False,2025-11-29T00:00:00.000Z,2025-11-29T18:20:26.000Z,https://www.trustpilot.com/review/lemonade.com?page=3
lemonade,692b0403f8baa43688149418,1,Lemonade is jacking up insurance costs drastically,"Lemonade is jacking up insurance costs for my 4 year old dog by over 20% after the first year of having insurance with them and my dog only having one annual checkup this year for standard heartwurm meds. Trick you with a low rate to get you to join or switch by a competitor, then jack it up in following year. Super shady.",0,False,False,2025-11-28T00:00:00.000Z,2025-11-29T16:32:35.000Z,https://www.trustpilot.com/review/lemonade.com?page=3
lemonade,69295ba166ea866175ad3a88,5,Great helping me with my claim for the…,Great helping me with my claim for the couple of weeks with the questions and only downfall is my lost bracelet was worth more and I didn’t really understand the value of single item insurance but I will get that changed so I’m actually covered for more going forward thanks again ,1,False,False,2025-11-05T00:00:00.000Z,2025-11-28T10:21:53.000Z,https://www.trustpilot.com/review/lemonade.com?page=3
lemonade,692840a33000aba6704f407b,5,5-Star Review for Lemonade Pet Insurance,"I’ve used Lemonade for my pet insurance for a while now, and after filing multiple claims with them, I can honestly say they’ve been nothing but professional, transparent, and easy to work with. Every claim has been handled quickly and clearly, with no runaround, no changing requirements, and no scammy behavior like I’ve experienced with some other insurance companies.

Lemonade actually makes the process simple — they tell you exactly what they need, respond fast, and treat you like a real customer instead of trying to avoid paying out. It’s refreshing to deal with a company that does what it says it will do.

Highly recommend Lemonade if you’re looking for reliable and trustworthy pet insurance.",1,False,False,2025-11-27T00:00:00.000Z,2025-11-27T14:14:27.000Z,https://www.trustpilot.com/review/lemonade.com?page=3
lemonade,6927294c01fa402c0922b521,5,Very happy with the service provided by…,"Very happy with the service provided by lemonade and matt who handled my claim worked very fast to get it solved! 

",1,False,False,2025-11-22T00:00:00.000Z,2025-11-26T18:22:36.000Z,https://www.trustpilot.com/review/lemonade.com?page=4
lemonade,6926fcb450262d5e38afbf08,5,"They help a lot, and reply quick.","This was the first time when i needed to cover something, and i was a little bit scared, because i thought this a difficult process. But they helped me a lot and reply for my email as soon as possible.
So i recommend Lemonade for everyone.",0,False,False,2025-11-26T00:00:00.000Z,2025-11-26T15:12:20.000Z,https://www.trustpilot.com/review/lemonade.com?page=4
lemonade,6926f8d24d829faba445931c,1,Just do not bother with this company,"Just do not bother with this company. Lucky for us it was only a small leak that damaged our utility flooring. If it had been storm damage it would have been much worse. You submit the evidence required. Video clips of the damage, proof of flooring receipt and a video clip of yourself giving details but they discard it all. They then requested a plumbers report to find out what caused the leak of the washing machine. No one calls to see the damage. We are cancelling the insurance to purchase from a reputable company.",0,False,False,2025-10-01T00:00:00.000Z,2025-11-26T14:55:46.000Z,https://www.trustpilot.com/review/lemonade.com?page=4
lemonade,692610d5f1d55248cc346360,5,Rene handled my claim with impressive…,"Rene handled my claim with impressive efficiency. Only a few short answers were needed from my side, and the claim was approved within two days. It gave me real peace of mind during a stressful moment when my apartment handover was right around the corner. Highly recommend this insurance and especially Rene for professionalism and support.",0,False,False,2025-11-25T00:00:00.000Z,2025-11-25T22:25:57.000Z,https://www.trustpilot.com/review/lemonade.com?page=4
lemonade,6924d9237a53be3d12ec1948,5,I’ve told so many of my friends with…,"I’ve told so many of my friends with dogs about this insurance. You guys do a great job communicating with me and everything is so fast, easy, and efficient! I really appreciate what you all do!",0,False,False,2025-11-17T00:00:00.000Z,2025-11-25T00:16:03.000Z,https://www.trustpilot.com/review/lemonade.com?page=4
lemonade,69224f378d99038b8518296e,1,Their roadside assistance is dangerous!!.,"I would give their roadside assistance and the overall company negative stars if I could. My car overheated this evening on a major highway and they left me stuck out there for 3 hours in the pitch black with diesel trucks flying by me. I informed them that I was in a dangerous spot which made absolutely no difference to them whatsoever. The young lady answering the phone said she had to hang up on me because she was the only one in the office answering the phones. They canceled my request three times in error. Long story short, no one ever showed up and I called AAA!! Do not do business with 
Lemonade. They're horrific! I'm extremely lucky somebody didn't side swipe my car and kill me. Take your money to AAA! ",0,False,False,2025-11-22T00:00:00.000Z,2025-11-23T02:03:03.000Z,https://www.trustpilot.com/review/lemonade.com?page=4
lemonade,69224f1c4111ccd0e64ffcdd,1,They are far from transparent,"They are far from transparent. Good luck finding anything to do with the policy, the only thing on website is sell you more policies. im not sure what they have to hide?",1,False,False,2025-11-22T00:00:00.000Z,2025-11-23T02:02:36.000Z,https://www.trustpilot.com/review/lemonade.com?page=4
lemonade,6920bd7e7aba380d5a320795,5,Easy fast kind,Easy fast kind ,1,False,False,2025-11-14T00:00:00.000Z,2025-11-21T21:29:02.000Z,https://www.trustpilot.com/review/lemonade.com?page=4
lemonade,6920a1bee0b8b59b5be90f21,5,I love this company so far,"I love this company so far! I’ve filed 1 claims and got a decent amount back and it was an easy process. I have a different insurance for my oldest animal and Lemonade has made things more simple and accessible in comparison.
",0,False,False,2025-11-21T00:00:00.000Z,2025-11-21T19:30:38.000Z,https://www.trustpilot.com/review/lemonade.com?page=4
lemonade,69208ec6dd52a705b7146fa1,1,"Pet insurance, terrible experience","I have pet insurance with them. They raise my rates 40% every single year for both dogs, they don’t warn you in advance of these rate changes, they don’t explain them and they have no customer service to speak of. After days of complaining to their online chatbot I got one email saying my rates were raised because my dog was 1 year older so now they were allowed to raise rates, and said “that is just how insurance works, have a great day!” And refused to respond to any further communication demanding an explanation and more. They cover the bare minimum and can only exist because the alternative is having no coverage when your family gets really sick. ",0,False,False,2025-10-04T00:00:00.000Z,2025-11-21T18:09:42.000Z,https://www.trustpilot.com/review/lemonade.com?page=4
lemonade,691ff7b67a1d34424530402d,5,Making a claim is extremely easy and…,Making a claim is extremely easy and the response is fast,1,False,False,2025-11-20T00:00:00.000Z,2025-11-21T07:25:10.000Z,https://www.trustpilot.com/review/lemonade.com?page=4
lemonade,691f36c9b221affb22a14c69,1,Lemonade is canceling home policies for…,"Lemonade is canceling home policies for made up reasons. For example, the desert communities have tile roofs that have lifetimes of 75-100 years. Lemonade is insisting to keep your insurance that all roofs over 25 years will not be insured. Also direct to fire and police alarm systems, low temperature monitors (in the desert??) and entire home water leak monitoring systems. And if they don’t cancel you for above than they’ll make shit up to leave you stranded. DO NOT believe anything they say. They are deceitful, unreliable, and untrustworthy.  Buyer beware with these snakes. ",0,False,False,2025-11-18T00:00:00.000Z,2025-11-20T17:42:01.000Z,https://www.trustpilot.com/review/lemonade.com?page=4
lemonade,691ec35867a0924b7ba8bd3c,5,Reliable and affordable ,Having Lemonade insurance for my pet gives me peace of mind knowing that she is covered from getting her anual shots to emergencies. It is affordable and I don’t have to worry about unexpected vet bills. ,1,False,False,2025-11-19T00:00:00.000Z,2025-11-20T09:29:28.000Z,https://www.trustpilot.com/review/lemonade.com?page=4
lemonade,691e0168055ab7638bc411cb,5,Simple and time saving,The app is incredible simple and time saving. It takes only a few minutes and the information is all there for an easy claim input. ,0,False,False,2025-11-19T00:00:00.000Z,2025-11-19T19:42:00.000Z,https://www.trustpilot.com/review/lemonade.com?page=4
lemonade,691dfcdcaff92c2d54ee42e1,5,Engaging team,"Engaging team, helped me throughout the process and closed the claim in timely manner",0,False,False,2025-11-18T00:00:00.000Z,2025-11-19T19:22:36.000Z,https://www.trustpilot.com/review/lemonade.com?page=4
lemonade,691dd284724c1021f6676454,1,Absolutely horrible for car insurance,Absolutely horrible for car insurance. Might be ok for other types of insurance. My app for the insurance kept disconnecting my login status and if you aren’t logged in and they can’t track you they deactivate your policy. So essentially you have to continuously “check in” on the app to ensure your policy is still active and if you don’t they will deactivate you but continue to take your money every month. You will be not insured and not even know it.,0,False,False,2025-11-19T00:00:00.000Z,2025-11-19T16:21:56.000Z,https://www.trustpilot.com/review/lemonade.com?page=4
lemonade,691cb8b3f9a2ea0d8c52fee5,5,The experience was so seamless ,The experience was so seamless . And the customer service even though it’s all through text and chat is awesome.  ,1,False,False,2025-11-17T00:00:00.000Z,2025-11-18T20:19:31.000Z,https://www.trustpilot.com/review/lemonade.com?page=4
lemonade,691beac7b16149664c4cb5a2,5,100% Satisfied,Quick and excellent customer service!,0,False,False,2025-11-07T00:00:00.000Z,2025-11-18T05:40:55.000Z,https://www.trustpilot.com/review/lemonade.com?page=4
lemonade,691be02aca8be464ed9ce1db,1,Worst Customer Service,One of the worst companies on customer service. I filed a claim online and they recommended a garage my car can be repaired in and I went to the exact same garage. When I went to pick up my car after 4 days the garage told me that the already approved claim was put on hold by Lemonade. After another week I still don’t have my car and the garage refuses to even give it back un-repaired as they are waiting for Lemoade to give them further instructions. I have been calling and emailing their customer service but no resolution.,1,False,False,2025-11-03T00:00:00.000Z,2025-11-18T04:55:38.000Z,https://www.trustpilot.com/review/lemonade.com?page=4
lemonade,691bb16e549332da555811b6,5,Easy,"Easy, quick &user friendly ",0,False,False,2025-11-17T00:00:00.000Z,2025-11-18T01:36:14.000Z,https://www.trustpilot.com/review/lemonade.com?page=4
lemonade,691b91bebeecd333aacea6ef,5,Very fast reimbursement,Very fast reimbursement ,0,False,False,2025-11-10T00:00:00.000Z,2025-11-17T23:21:02.000Z,https://www.trustpilot.com/review/lemonade.com?page=5
lemonade,691b719b7d9ba890b3ec2487,4,The claim process was very easy...my claim was expedited quickly,The claim process was very easy...my only suggestion would be a section where the insured can add some comments to the claim that may not be covered by your claim process,0,False,False,2025-11-17T00:00:00.000Z,2025-11-17T21:03:55.000Z,https://www.trustpilot.com/review/lemonade.com?page=5
lemonade,691b70ff7409043136bb5e11,5,Easy to file a claim,It was super easy to file a claim.  The response time to receive the reimbursement for the claim was quick!,0,False,False,2025-11-10T00:00:00.000Z,2025-11-17T21:01:19.000Z,https://www.trustpilot.com/review/lemonade.com?page=5
lemonade,691b221ca3ea813c98b15216,5,"Smooth process, fair settlement, and great support","I had a very good experience with Lemonade. The claim process was straightforward from start to finish, and the settlement I received was fair. Communication was clear and fast, and everything moved along smoothly.

The only aspect I’d improve is the way documents are uploaded. When adding something like a PDF receipt, I had to email it and then wait for the app to confirm it was received. An in-chat upload option would make the process feel more seamless.

Aside from that, everything worked well, and I’d happily recommend Lemonade based on this experience.",0,False,False,2025-11-14T00:00:00.000Z,2025-11-17T15:24:44.000Z,https://www.trustpilot.com/review/lemonade.com?page=5
lemonade,691a9938638da233c16e0eb1,1,It's easy to set up a policy but…,"It's easy to set up a policy but impossible to process a valid claim with Lemonade. My claim was a low $ value but Lemonade asked for documentation that I could not reasonably have - pictures of my damaged items before a sewage flood? Who takes pictures of their shoes, luggage, and toiletries? The money out of their pocket would have been minimal but their demands for pre-event evidence were so outlandish that I finally moved on. I need renters insurance again but will never buy from them again.",1,False,False,2025-11-03T00:00:00.000Z,2025-11-17T05:40:40.000Z,https://www.trustpilot.com/review/lemonade.com?page=5
lemonade,6919909b75c23b79d79eb963,1,Took out the policy in the sunshine the…,"Took out the policy in the sunshine the moment it rains and your roof leaks that are near on impossible to speak to and the ai bot they use is useless 

Finally got hold of someone while trying to stop water flooding in through a hole in the roof and going though bedroom ceiling to be told we will get in contact with someone that was two days ago and I have had to pay a local company to sort instead 

Worst company I have ever dealt with ",1,False,False,2025-11-14T00:00:00.000Z,2025-11-16T10:51:39.000Z,https://www.trustpilot.com/review/lemonade.com?page=5
lemonade,6917640aa073f83ecb85c801,5,Super fast process,"Super fast process, overall really loved how easy it was and I’d definitely recommend it to everyone!",0,False,False,2025-11-14T00:00:00.000Z,2025-11-14T19:16:58.000Z,https://www.trustpilot.com/review/lemonade.com?page=5
lemonade,69161d9f0c47cca99f60560c,1,When in need - no one to contact,"When in need, I went to their website and there was no contact us page. Could not find a number to call when I had a leak so I had to call a local plumber - what else was I supposed to do. Cannot claim and the complaint I raised found no issue. 
Went to cancel as my policy is due up in 3 weeks and the bot says it cancels immediately - why not at the end of my policy?!",1,False,False,2025-09-05T00:00:00.000Z,2025-11-13T20:04:15.000Z,https://www.trustpilot.com/review/lemonade.com?page=5
lemonade,6915d6cf458fe439a63d5754,1,Report to state legislatures for consumer fraud.,"I filed a claim for significant water damage that destroyed my property and resulted in microbial growth. Instead of contacting me, the paying policyholder, my assigned adjuster, Sasha, chose to contact my landlord first. She claimed this was “protocol,” yet proceeded to send my landlord a series of irrelevant, intrusive, and entirely inappropriate questions—including inquiries about what type of tenant I am and whether I pay my bills on time. These questions had absolutely nothing to do with the cause or extent of the water damage.
It is clear she wanted to gather biased information before ever speaking to me, the customer whose premiums fund this company.
When I reached out after discovering this, she was openly hostile, rude, dismissive, and behaved as though handling my claim was some sort of charity instead of a service I am paying for. She denied my claim without conducting any legitimate investigation, refused to let me explain the damages, and incorrectly stated that microbial growth is not covered—despite the fact that the water damage itself, which caused the microbial growth, is covered under the policy.
I requested escalation to her manager, Chad, who was equally unhelpful. He made no effort to meaningfully engage, sent a random email with no scheduled follow-up, and provided no resolution whatsoever.
At this point, it appears Lemonade is more committed to denying valid claims than honoring the coverage their customers pay for. The treatment I received was dismissive, disrespectful, and entirely unacceptable. If this is how claims are handled, it raises serious concerns about their business practices and compliance.
I am now forced to escalate further, including exploring legal action. I strongly encourage consumers to contact their state insurance regulator and legislators to report these practices. Insurance companies cannot continue taking customers’ money while arbitrarily denying coverage and mistreating the very people they claim to protect.",3,False,False,2025-11-13T00:00:00.000Z,2025-11-13T15:02:07.000Z,https://www.trustpilot.com/review/lemonade.com?page=5
lemonade,6915bbd270515edd2f772631,5,I had an accident with my bike which…,"I had an accident with my bike which caused a damage for my electric bike. They were very responsive with my claim and I believe everything took around 2 weeks to check my claim, process it and compensating.  ",0,False,False,2025-09-10T00:00:00.000Z,2025-11-13T13:06:58.000Z,https://www.trustpilot.com/review/lemonade.com?page=5
lemonade,691516060ad1e858da66ac5b,5,The claims process was really easy and…,The claims process was really easy and I'm glad that my baby is covered by Lemonade.,0,False,False,2025-10-23T00:00:00.000Z,2025-11-13T01:19:34.000Z,https://www.trustpilot.com/review/lemonade.com?page=5
lemonade,6914fb965b647680bc717eb7,1,Meaningless insurance,"Meaningless insurance.  Without detailed receipts you will not be reimbursed a single penny. 
End of story.

Who has receipts of everything they buy ?",1,False,False,2025-11-12T00:00:00.000Z,2025-11-12T23:26:46.000Z,https://www.trustpilot.com/review/lemonade.com?page=5
lemonade,6914e9e23d0f144b1ea768bb,5,Easy to process claims in the app,"Easy to process claims in the app, quick turnaround time for processing ",0,False,False,2025-11-12T00:00:00.000Z,2025-11-12T22:11:14.000Z,https://www.trustpilot.com/review/lemonade.com?page=5
lemonade,6914c52869792f9216ab29a7,5,I am extremely happy with our…,"I am extremely happy with our experience here so far. The app is efficient and easy to use and customer service has responded super fast in instances where I have had questions. The claims process is also efficient and clear and they return funds near immediately. Not only that, but we find our monthly premium to be very fair considering the coverage that we get and it has helped immensely in vet fees. Would recommend!",1,False,False,2025-11-12T00:00:00.000Z,2025-11-12T19:34:32.000Z,https://www.trustpilot.com/review/lemonade.com?page=5
lemonade,69148a148ce8842dbb0ffa9a,4,I would say that the responses could…,"I would say that the responses could have been faster. If I hadn’t followed up, I don’t think my claim would have been resolved by now. They were helpful in the end, but the process was quite slow.",0,False,False,2025-11-12T00:00:00.000Z,2025-11-12T15:22:28.000Z,https://www.trustpilot.com/review/lemonade.com?page=5
lemonade,6913f1a386968e0db8d2def5,5,You’ve got a subscriber for life…,"I will never not have pet insurance ever again and have been completely satisfied with lemonade , and plan on being a lifelong customer ! My sweet kitty Luna unfortunately got very sick and it took many vet visits , tests , and trials of medications before ultimately finding out she has lymphoma . I would never have been able to afford the extensive testing to try and figure out what was wrong with her without this insurance and I’m so grateful for the support and alleviation of financial stress during this difficult time. The app is so easy to use and the claim specialists are responsive. I was hesitant and even doubtful that my claims would be reimbursed because she had been sick before but to my surprise lemonade came through and covered all of my claims. Although my sweet cat is now on palliative care I am still so thankful to this company and the employees working for them for their support and care throughout this process. ",0,False,False,2025-11-11T00:00:00.000Z,2025-11-12T04:32:03.000Z,https://www.trustpilot.com/review/lemonade.com?page=5
lemonade,69137e4d6f989930e31b2d5b,2,Poor Value; Worse Service.,"1) Estimated Preventative Procedure Costs: totally unrealistic for cats. Feels like they copy-pasted from dogs? And that they're not actually comparing local vet costs like they say they are? I went to far from the most expensive local vet, and the Preventative caps offset maybe 30% of my vet bill.
2) Effectively No Customer Service. I asked them to review a claim six months ago. I checked back in - ""so sorry, we're a bit behind, answer in a week"". Two weeks later, no answer. It's pretty clear that being an ""AI first"" company means they have plenty of chatbots to take your money and no human customer service to actually respond to your needs.
3) That annoying chatbot interface:  To look fancy (I guess) they make you interact with a fake chatbot to do anything, like filling out a simple webform. It takes three times as long, at least, and doesn't offer the same ability to review and edit that a form would. To sustain this illusion you have to do basically everything through the mobile app instead of the website. The app currently isn't loading.",0,False,False,2025-11-11T00:00:00.000Z,2025-11-11T20:19:57.000Z,https://www.trustpilot.com/review/lemonade.com?page=5
lemonade,6912fa8990ae594a4cb41e41,1,Slow and unresponsive ,I've been waiting nearly 10 days for an update on aclaim I made. They are unresponsive to emails too.,2,False,False,2025-11-02T00:00:00.000Z,2025-11-11T10:57:45.000Z,https://www.trustpilot.com/review/lemonade.com?page=5
lemonade,6912274293a61096ad91774c,5,The app makes the claims processed so…,The app makes the claims processed so quickly and so easily. ,0,False,False,2025-10-29T00:00:00.000Z,2025-11-10T19:56:18.000Z,https://www.trustpilot.com/review/lemonade.com?page=5
lemonade,6911a8ca926112762ea10b80,1,Beware of Auto Renewal. ,"Great prices and easy to buy insurance, so what's the catch?

Here it is...

The BIG issue with Lemonade insurance is the inability to cancel the renewal the following year!  

Lemonade's policy is that you can't cancel a renewal; you can only cancel an active policy. Meaning you either cancel your policy before renewal, leaving you with an insurance gap, or you cancel the renewal after it has become active, you pay a fee for the used part of the policy, plus the renewal fee will be charged to your card. 

You can also not remove your card details from their site unless you have an active policy.   

Emails are sent via an AI bot, so any correspondence from an account named Maya will be automated; so don't expect any correspondence to be checked. 

What was a good price came at a cost. 

",1,False,False,2025-11-03T00:00:00.000Z,2025-11-10T10:56:43.000Z,https://www.trustpilot.com/review/lemonade.com?page=5
lemonade,69109e255a60a5f26b5d3564,5,Excellent service and excellent…,Excellent service and excellent communication. My problem was solved and was solved fast! ,0,False,False,2025-11-03T00:00:00.000Z,2025-11-09T15:59:01.000Z,https://www.trustpilot.com/review/lemonade.com?page=6
lemonade,690f9ef67dc21739d37f1ec4,5,Having Lemonade insurance  for my fur…s,Having Lemonade insurance  for my fur babies has made anything medical that comes up financially less worrisome. My claims are handled with ease and the reimbursement comes within seconds. The representatives are so knowledgeable and friendly. ,0,False,False,2025-11-03T00:00:00.000Z,2025-11-08T21:50:14.000Z,https://www.trustpilot.com/review/lemonade.com?page=6
lemonade,690f408293aaca0c42006e33,1,Beware: Non-Renewal Is Much Harder Than It Should Be,"Within a month of renewal, Lemonade refused to accept my notice not to renew. They also declined to remove my payment card details while the policy was still active. This effectively forces customers to contact them at the exact moment the policy expires, which is unreasonable. Some time later, after initially restating their position, another agent eventually agreed not to renew the policy. It remains to be seen whether they follow through.",1,False,False,2025-11-04T00:00:00.000Z,2025-11-08T15:07:14.000Z,https://www.trustpilot.com/review/lemonade.com?page=6
lemonade,690e55eba1af5921c18cb543,1,Would Not Recommend – Slow Replies and Excessive Hoops,"After a major water leak in my home, many of my personal items were damaged. I provided clear photo and video evidence showing the damage and some items no longer working, and I expected prompt support. Instead, the process has been slow, repetitive, and dismissive.

Lemonade took days to reply to emails at every stage, and even after I spent time filming evidence of damaged electronics, I was told I’d also need to pay for a professional PAT test — something they never mentioned at the start of the process. At no point did I feel they were working with me, just asking for more and more proof instead of addressing the clear issue.

They also recommended sending shrunken clothes and misshapen shoes for professional dry cleaning, which makes no sense, the items are clearly beyond repair due to water damage. It felt like they were putting up barriers instead of supporting a genuine claim.I wouldn’t recommend Lemonade based on this experience.",1,False,False,2025-11-07T00:00:00.000Z,2025-11-07T22:26:19.000Z,https://www.trustpilot.com/review/lemonade.com?page=6
lemonade,690e177332de8f48aa958dca,1,Complete Waste of Money,"Complete waste of money. In relation to pet insurance, they consider every ailment a pre-existing condition and don’t cover anything for pet insurance. ",1,False,False,2025-11-07T00:00:00.000Z,2025-11-07T17:59:47.000Z,https://www.trustpilot.com/review/lemonade.com?page=6
lemonade,690e163712d7fd2691dedd40,1,No response.,"I emailed lemonade to ask a question regarding a policy that I was looking to purchase, I got no response and then recieved an email asking for feedback on the response that I didn't recieve.
I've checked all my spam and junk folders but can't find any reply to my original email.

Thats the email I originally used but got no response.
Your answer on this site is a generic response so not done by a real person.
",1,False,False,2025-11-06T00:00:00.000Z,2025-11-07T17:54:31.000Z,https://www.trustpilot.com/review/lemonade.com?page=6
lemonade,690d1cafb7fd60eaf4285444,1,Terrible insurance ,Explain to me how I paid for insurance for my cat took her to the vet and just because my cats symptoms started before I paid for the insurance they can't pay me back for the vet visit this is ridiculous when her symptoms started has nothing to do with me taking her to the vet after I've already paid for they're insurence if I would have known that I could have spent twenty dollars on  something worth spending I can't believe this some help you are lemonade 🙄,1,False,False,2025-11-06T00:00:00.000Z,2025-11-07T00:09:51.000Z,https://www.trustpilot.com/review/lemonade.com?page=6
lemonade,690ce01174e57c82fc6fa1b6,5,Lemonade made our experience so easy,Lemonade made our experience so easy! Submitting a claim is fast and painless. We will continue using Lemonade!,0,False,False,2025-11-05T00:00:00.000Z,2025-11-06T19:51:13.000Z,https://www.trustpilot.com/review/lemonade.com?page=6
lemonade,690cb4886ae90b1e6f13c84c,4,Fast and efficient claims processing.,"Fast and efficient claims processing.
Thank you!",0,False,False,2025-11-05T00:00:00.000Z,2025-11-06T16:45:28.000Z,https://www.trustpilot.com/review/lemonade.com?page=6
lemonade,690c4d18c503f837f5b77f12,5,would seriously consider lemonade medical insurance,"Although the initial steps are through an app / chatbot interface, they still employ real humans to communicate with you and verify the actual claim... actual customer service that is increasingly rare these days. Hate to have to use it, but glad to have had it both times I've needed it.",0,False,False,2025-10-25T00:00:00.000Z,2025-11-06T09:24:08.000Z,https://www.trustpilot.com/review/lemonade.com?page=6
lemonade,690c244e543761e2fafe572f,5,Highly recommend Lemonade,"Lemonade service is very user friendly,  fast, efficient and reliable. I never have to worry about small print, or hidden costs, the details of what is covered is clear and explained well. The app is very well made. I fully trust ensuring all my pets with them! ",0,False,False,2025-10-29T00:00:00.000Z,2025-11-06T06:30:06.000Z,https://www.trustpilot.com/review/lemonade.com?page=6
lemonade,690c151ddba3f162df6c8544,5,easy and fast,Easy to file a claim and get it resolved!,0,False,False,2025-11-05T00:00:00.000Z,2025-11-06T05:25:17.000Z,https://www.trustpilot.com/review/lemonade.com?page=6
lemonade,690be2d149daa783b0b47635,5,Amazing!,Easy and quick claim process,0,False,False,2025-11-05T00:00:00.000Z,2025-11-06T01:50:41.000Z,https://www.trustpilot.com/review/lemonade.com?page=6
lemonade,690bdf6e85a47f98575599b8,5,"Quick, Convenient, & Respectable","I have Lemonade insurance as my pet insurance. Every time that something goes wrong with my dog, I can reliably depend on Lemonade to help support me through an already difficult process. Lemonade is always the easiest part after a situation occurs. I love how smooth the app makes submitting a claim. ",0,False,False,2025-11-05T00:00:00.000Z,2025-11-06T01:36:14.000Z,https://www.trustpilot.com/review/lemonade.com?page=6
lemonade,690bcc792cdc5bea5d9d0fe5,5,Great service,"Great service.  Claim issued, flagged for inspection and paid out 21 days later. Regular communication received via email.  The service i had from Lawrence was fantastic from start to finish.",0,False,False,2025-11-05T00:00:00.000Z,2025-11-06T00:15:21.000Z,https://www.trustpilot.com/review/lemonade.com?page=6
lemonade,690ba55f4049c4789b8d5ecc,5,Esau was EXCELLENT!!!,"Esau was extremely informative and very quickly to respond, putting my mind at ease with the many concerns and questions that I had during this very confusing and frustrating time.",0,False,False,2025-11-05T00:00:00.000Z,2025-11-05T21:28:31.000Z,https://www.trustpilot.com/review/lemonade.com?page=6
lemonade,690b96d7afdc5e41af80a780,5,Great communication ,Lemonade has fantastic communication and wonderful coverage! ,0,False,False,2025-11-05T00:00:00.000Z,2025-11-05T20:26:31.000Z,https://www.trustpilot.com/review/lemonade.com?page=6
lemonade,690a51e38d3bebcdf8ee1d81,5,My 1st claim was settled in second…,My 1st claim was settled in second literally 2 seconds definitely would recommend ,0,False,False,2025-11-04T00:00:00.000Z,2025-11-04T21:20:03.000Z,https://www.trustpilot.com/review/lemonade.com?page=6
lemonade,690a17b55fde429beffda7f5,5,First time I've ever filed a claim,First time I've ever filed a claim it was easy website to use fast and person was amazing as was easy to go through ,0,False,False,2025-11-04T00:00:00.000Z,2025-11-04T17:11:49.000Z,https://www.trustpilot.com/review/lemonade.com?page=6
lemonade,6909c2285f9613ecb8ef4a18,5,Fantastic cover at low premiums,I joined Lemonade a year ago because of their friendly approach and competitive premium! I have just received my renewal for next year and Lemonade have reduced the premium by 10%! The first time in my life have I had a premium reduced! Fantastic and I highly recommend Lemonade for your insurances!,0,False,False,2025-11-04T00:00:00.000Z,2025-11-04T11:06:48.000Z,https://www.trustpilot.com/review/lemonade.com?page=6
lemonade,690941f29370d00e32d21c67,1,Very Disappointing Experience — Avoid,"I purchased Lemonade Pet Insurance for peace of mind and support in case my cat ever needed urgent care. Unfortunately, when my cat, Mercy, recently developed an upper respiratory infection (URI), my claim was denied.

Lemonade classified the condition as pre-existing because Mercy had similar symptoms about 10 months ago. Even though upper respiratory infections in cats are typically acute, not chronic, and can occur multiple times in their lifetime (similar to the flu in humans), Lemonade decided that any recurrence within 12 months is not covered.

They denied coverage for this common, treatable condition by labeling it “pre-existing.” Their reasoning? Mercy had a URI more than ten months before the policy start date, and they require a full 12 months without any symptoms to consider a condition “cured.”

This interpretation makes routine illnesses practically uninsurable. By their logic, if a cat gets a cold once, they can refuse coverage for any similar illness unless 12 months pass with zero related symptoms. That is simply not realistic for pets — and they know it.

When I requested clarification, I received generic policy language instead of genuine review or support. The policy clearly prioritizes the company’s benefit over the animal’s wellbeing and the paying customer.

I will not be renewing and do not recommend Lemonade Pet Insurance. Be cautious — their definition of “pre-existing condition” is extremely broad and can easily be used to deny legitimate claims for common, unrelated illnesses. Pets deserve better, and so do responsible pet owners.",2,False,False,2025-11-03T00:00:00.000Z,2025-11-04T01:59:46.000Z,https://www.trustpilot.com/review/lemonade.com?page=7
lemonade,690926a15d903d0d455fffc5,1,This company is a scam with Pet Insurance. ,"This company is a scam when it comes to pet insurance. According to your policy, if your dog has ever been to the vet for anything than just a checkup, they use it as proof pre-existing condition and won't cover anything. My dog had been to the vet before for a leg issue. A year later, with their pet insurance, he was diagnosed with a tick disease. They wouldn't carry it because they argued, him falling and hurting his leg could have indicated a pre-existing condition for the tick disease. They spent 4 weeks combing through my vet documents building a case not to pay a dime. When I contacted customer service asking for them to review my situation, they told me ""I request that you speak with respect towards my team and I."" in response to me saying ""If you cannot help, then please escalate."" After this situation and continued snarky responses, I told them to please cancel and refund. They followed with an email saying do it yourself, but I can cancel for you if you confirm. I said ""yes, please cancel""... and then marked their email as junk. Little did I know, the person I was working with Deja Bell, pushed me off to another associate without canceling my account. I recieved ANOTHER email requesting that I confirm I would like to cancel, but this went to junk. I now have racked up over $100 in continued bills from them not canceling. This site is a scam. 

Update: The fact that they responded to my review telling me to email them, while having still not replied to the email I sent prior to this review, is exactly how this company opperates. Avoid at all costs. ",1,False,False,2025-11-02T00:00:00.000Z,2025-11-04T00:03:13.000Z,https://www.trustpilot.com/review/lemonade.com?page=7
lemonade,6909040ebfaaf0b8b46fb3c6,5,Easy and seamless process in filing a…,Easy and seamless process in filing a claim. Thanks! ,0,False,False,2025-11-03T00:00:00.000Z,2025-11-03T21:35:43.000Z,https://www.trustpilot.com/review/lemonade.com?page=7
lemonade,6905246cc8ca9fd32a127ed8,1,Worst experience with an insurance company.,"Let me start by saying the way they handle possible new homeowner insurance policy holders is really bad. I spent many hours and days doing everything that was asked, I even did the second quote that Brenea Webber an underwriter asked me to do and then I answered the same questions in an email ? I took many pictures to make sure everything can be seen on the property. I sent in pictures several times and cleared the first declination and then was declined again for a reason that is covered by my full coverage fire Insurance. That was cleared by the local fire department here in Frazier Park in making sure all dead debris is cleared away from the home - 30 feet and the two trees were trimmed. They were just going to cover me for minimum homeowners insurance because I have a mortgage. I have never gone through such a run around so unprofessional as this. I see why existing policy holders are so unhappy with this company and people like myself that are trying to get a policy through them with no logical reason given for being declined. They declined my homeowner insurance based on four pictures I posted on my Google review. Unfortunately I cannot post them on this website.
Their reply means nothing to me, I will never waste my time with them again. ",2,False,False,2025-10-29T00:00:00.000Z,2025-10-31T23:04:44.000Z,https://www.trustpilot.com/review/lemonade.com?page=7
lemonade,69051631fc5f9a1294bbddc1,1,Bad Experience ,"Had renters insurance with Lemonade initially. We chose them because they had some of the best rates. We had no issues until we purchased a house and attempted to get home owners insurance. Communications were all AI generated. When we called for clarification, the AI generated info conflicted with the info from the human agents. When I  tried to get clarity on the discrepancies, they couldn’t give me an answer & just kept reading from their scripts. I asked to speak with someone more knowledgeable but was told that wasn’t possible. Lemonade then denied coverage for our new home a few days before we were closing supposedly because of the home inspection report indicated too much disrepair. This was non-sensical because our home inspector found only minor issues & stated it was one of the best conditioned houses he had seen all year. Fortunately, our lender hooked up with a new insurance company which had better rates & approved us within a couple of hours allowing us to close on our house on time. I do not recommend this company. ",1,False,False,2025-10-31T00:00:00.000Z,2025-10-31T22:04:01.000Z,https://www.trustpilot.com/review/lemonade.com?page=7
lemonade,6904efd40a1d30879032f09d,5,Excellent excellent service,Excellent excellent service. Pays Claims very fast.,0,False,False,2025-10-31T00:00:00.000Z,2025-10-31T19:20:20.000Z,https://www.trustpilot.com/review/lemonade.com?page=7
lemonade,690426fc2fba32034b623a8b,1,Is this a legit company????,Had building insurance but never received a policy. No information on their app. Tried contacting them through chat but no response to my questions. Would not use again,1,False,False,2025-10-27T00:00:00.000Z,2025-10-31T05:03:24.000Z,https://www.trustpilot.com/review/lemonade.com?page=7
lemonade,69025c8da09b4a9b6cf427df,5,I love using Lemonade,"I love using Lemonade. They have been super helpful, responsive, and for most claims the money is wired to me instantly. I recommend Lemonade to all of my friends!",0,False,False,2025-10-29T00:00:00.000Z,2025-10-29T20:27:25.000Z,https://www.trustpilot.com/review/lemonade.com?page=7
lemonade,690238205662e9ca8b2fe010,5,It was quick,"It was quick, easy and painless. I loved my first experience in providing a claim and being reimbursed promptly. ",0,False,False,2025-10-27T00:00:00.000Z,2025-10-29T17:52:00.000Z,https://www.trustpilot.com/review/lemonade.com?page=7
lemonade,68ffabfeff8e2ce90c6138ef,5,Fast payment!!,Fast payment after uploading supporting documentation.  No issues at all!  Great and easy service!,0,False,False,2025-10-20T00:00:00.000Z,2025-10-27T19:29:34.000Z,https://www.trustpilot.com/review/lemonade.com?page=7
lemonade,68ff8061e312ffc3ca4fc0ca,1,"Avoid at all costs, scammers","Scam company, takes money can terminates policy. Updated payment info as requested, their crap app doesnt function correctly so now cancelled the policy. Never again will i use a backstreet cowboy insurance company.",1,False,False,2025-10-27T00:00:00.000Z,2025-10-27T16:23:29.000Z,https://www.trustpilot.com/review/lemonade.com?page=7
lemonade,68fd694485d473a3e4ebb614,1,Doubled homeowners insurance cost from…,"Doubled homeowners insurance cost from last year.
I have 2 policys with these guys, thats going to change asap.
Im very very unhappy with lemonade Insurance at this time.",1,False,False,2025-10-24T00:00:00.000Z,2025-10-26T02:20:20.000Z,https://www.trustpilot.com/review/lemonade.com?page=7
lemonade,68fba905329590150788c43a,5,Great service ,Very helpful with quick response time. ,0,False,False,2025-10-24T00:00:00.000Z,2025-10-24T18:27:49.000Z,https://www.trustpilot.com/review/lemonade.com?page=7
lemonade,68fabcfaccd3529fd0ee4752,5,Great coverage for fair pricing! ,So far my experience with lemonade has been great! I have researched a lot of pet insurance companies and lemonade offers wonderful coverage. It also lets you tailor your insurance to meet your financial needs! I also appreciate their add on packages I LOVE that it covers the exams and offers vaccines and annual bloodwork too.  I am very happy to know my pets are covered and it’s not unbearably expensive.,0,False,False,2025-10-23T00:00:00.000Z,2025-10-24T01:40:42.000Z,https://www.trustpilot.com/review/lemonade.com?page=7
lemonade,68f766e130ec2307db5aac4a,5,"Professional, transparent and smooth","I recently had to file a theft claim with Lemonade in The Netherlands. I’m really happy with how it was handled. Everything started digitally through the app, which made submitting documents and updates super easy. After that, I was connected with a claims adjuster who personally guided me through the process and kept in touch the whole way. 

While the process took some time,  understandable given the type of items and value of the claim,  they were very thorough, which made me feel like I was in good hands.

A special mention to Paul, who handled everything with patience, professionalism, and empathy - he was always quick to respond and genuinely helpful.

The claim was eventually approved and paid out in full, and I’m very satisfied with the outcome. Overall, a trustworthy company that stands by its customers.

One suggestion for company policy: it would be helpful if customers could directly confirm or update their preferred bank account before payment is released, to avoid potential issues with outdated details.
",0,False,False,2025-10-20T00:00:00.000Z,2025-10-23T07:19:07.000Z,https://www.trustpilot.com/review/lemonade.com?page=7
lemonade,68f9a2b905fc9c5d99cab02c,1,Over a year of policy just to not be covered for a claim,I had Lemonade for over a year and the one time I filed a claim for a break in and theft to mine and my wife’s car they took literally months to get back to me on top of the fact that they kept requesting more and more proof and information when I had already given them receipts and statements for everything that we had stolen. Waste of money just to not be covered in my opinion.,2,False,False,2025-10-20T00:00:00.000Z,2025-10-23T05:36:25.000Z,https://www.trustpilot.com/review/lemonade.com?page=7
lemonade,68f8cc53e9c06384fdf4e568,1,Typical filthy insurance co tricks,"Lemonade engages in deceptive and potentially illegal practices to deny coverage rightfully owed. They advertise coverage for a benefit, then use technicalities to ensure that there is no instance in which that ""covered"" benefit would ever actually be covered",2,False,False,2025-10-22T00:00:00.000Z,2025-10-22T14:21:39.000Z,https://www.trustpilot.com/review/lemonade.com?page=7
lemonade,68f876a357cf7d26a6cb0878,1,Lousy policies ,I had a stroke and was in the hospital for a month then rehab facility.  My vehicle was parked and not used.  The battery must have died because I get a charge on my bank account for $360 from Lemonade.  The monitor had turned off due to dead battery and I got penalized for it.  Even after explaining situation they said they would refund but never did and I assume never will.  I cancelled policy due to lousy customer policy and service.  ,2,False,False,2025-09-30T00:00:00.000Z,2025-10-22T08:16:03.000Z,https://www.trustpilot.com/review/lemonade.com?page=7
lemonade,68f83fdd427130a39799e823,1,Expect your home insurance claim to go no where…,"I want to like Lemonade but they are making it extremely hard. I use them for auto, pet, and home insurance. No issues with auto and most of my pet claims went ok. However my home claim has been a nightmare. I have called and emailed Lemonade every day do almost 3 months now for a home claim where 13 of my windows were damaged by hail. Lemonade’s adjuster quoted the repairs at 30% of the cost of the lowest of 6 bids I’ve received so far to fix the windows. They are now refusing to respond to me and have yet to release depreciation funds for the work I have had completed. I was supposed to receive these funds in July and it is now late October. I’ve been promised no less than 9 manager call backs and never have I received one. It is beyond frustrating as I just want to get my house fixed but I’m stuck in limbo with these guys.

***Update 12/8/2025***
After emailing them as instructed in the reply to my review I did receive a call 2 days later for reinspection. Although evidence was provided to show my windows are nail fin installations and not block frame, Lemonade said they will give an $100 to help with the repair cost. Keep in mind not only would this not cover the a block frame installation but using block frame, in Colorado where we have high elevation and snow seasons, would degrade the value of my home. We are also still $10,000 apart from what the estimated cost of actual like/same repairs would be. Which I am entitled to via my policy. This is very disappointing. I have tried reaching them every day since November 17, via email and phone call, to correct this and have yet to receive a response. Ironically I did get an email from Lemonade during this period saying my rates will go up next year. I hope someone from Lemonade will reach out to correct this because this is beyond concerning. ",0,False,False,2025-10-20T00:00:00.000Z,2025-10-22T04:22:22.000Z,https://www.trustpilot.com/review/lemonade.com?page=7
lemonade,68f7d38c4acae7e48b06bba7,5,Dog accident bill can be claimed in an…,Dog accident bill can be claimed in an easy and convenient way. Instant compensation is amazing,0,False,False,2025-10-20T00:00:00.000Z,2025-10-21T20:40:12.000Z,https://www.trustpilot.com/review/lemonade.com?page=7
lemonade,68f7c1a36db2e637ac9f0e73,5,Its always fast and simple,Its always fast and simple. Probably doesnt take longer than 8 minutes to get stuff done. ,0,False,False,2025-10-20T00:00:00.000Z,2025-10-21T19:23:47.000Z,https://www.trustpilot.com/review/lemonade.com?page=8
lemonade,68f667701d16acb63b10dcf4,1,As in a previous review I posted,"As in a previous review I posted, they asked me to handle customer service, which I did. Honestly, for anyone reading this, never get your insurance here. In all the years, I've never experienced an insurance company rejecting you on various unrelated points, simply to avoid paying you what you're entitled to. The same people work there, and I know all the names by heart. For anyone looking for something, go to reputable and reputable insurers, not these scammers. I'll keep you updated on how it goes, as this is going to become a case. I've never been scammed by an agency before. I'd rather pay a fortune than be ripped off by an agency.",1,False,False,2025-10-20T00:00:00.000Z,2025-10-20T18:46:40.000Z,https://www.trustpilot.com/review/lemonade.com?page=8
lemonade,68f623bf4bc80ece543aada9,1,They seek to deny every claim based on…,"They seek to deny every claim based on pre-existing conditions. I have been with Lemonade for over 2 years and they request full medical history records for every claim. Decisions are delayed for weeks. Switching to Lemonade was a huge mistake. If you haven’t switch yet to Lemonade, DON’T DO IT! ",2,False,False,2025-10-20T00:00:00.000Z,2025-10-20T13:57:51.000Z,https://www.trustpilot.com/review/lemonade.com?page=8
lemonade,68f4132c3efddd4b9ccf5b8a,1,Lemonade denied my claim after they…,"Lemonade denied my claim after they told me my cat was covered for an echocardiogram. I couldn't get someone on the phone after trying for 30 minutes, but spoke to someone via text. They said I have full coverage and the echocardiogram is covered with my plan. They mentioned as long as it is not a pre-existing condition. I got my cat as a kitten, he has never had a vet visit, therefore there are no pre-existing conditions. 

This is how to story goes, I bought the top tier Lemonade insurance and brought him to the vet that week for his first check up. The vet said ""if you want him neutered get a Cardiologist to check him before having the procedure, I can hear a heart murmur."" A month later I took him to the Cardiologist and they wanted to do an echocardiogram that would cost $800. After verifying with Lemonade that I am covered, about 2 weeks later they denied my claim saying its a pre-existing condition.

I appealed the claim 2 times baffled on how its a pre-existing condition and being told I was covered. They claimed when I took my cat to the vet the first time it was before my 2 week waiting period so anything reported is a pre-existing condition. I was unaware of a 2 week waiting period and that wasn't disclosed to me. I could have easily waited after the 2 weeks to have his first vet visit. I told them I wasn't aware of this and if they could prorate my coverage for 2 weeks before the first visit. I also mentioned that they should have told me this before I got the echocardiogram when I texted in. They declined both my pleas and weren't willing to help me in any way.

Therefore I do not recommend Lemonade Pet Insurance. They weren't clear about the coverage and were not willing to make things right with the customer.",4,False,False,2025-05-01T00:00:00.000Z,2025-10-19T00:22:36.000Z,https://www.trustpilot.com/review/lemonade.com?page=8
lemonade,68f3871357d0da7493b8aa7a,1,Auto renew even when you've cancelled ,"Auto renewed my policy and took a payment even though I asked not to auto renew. Only contacted me on the day of renewal to tell me. I contacted the company via email and they made it very difficult to cancel and when I finally did cancel I was told I'd be refunded for what was left on my policy. I did not ask to auto renew and only used a few hours of the new cover, because they didn't inform me in good time and ignored my do not auto renew request. I'd never use this company again and I have reported them to the Financial Ombudsman Service to whom they are well know. ",3,False,False,2025-10-18T00:00:00.000Z,2025-10-18T14:24:51.000Z,https://www.trustpilot.com/review/lemonade.com?page=8
lemonade,68f31b0c06a2ee251679d792,5,So simple and fast turnaround,So simple and fast turnaround. Highly recommend. ,0,False,False,2025-10-17T00:00:00.000Z,2025-10-18T06:43:56.000Z,https://www.trustpilot.com/review/lemonade.com?page=8
lemonade,68f294519ad259f80d4fdff9,5,So very easy!,So very easy!,0,False,False,2025-10-10T00:00:00.000Z,2025-10-17T21:09:05.000Z,https://www.trustpilot.com/review/lemonade.com?page=8
lemonade,68f26c291ec3cb4774551850,5,Great,Very easy and fast response ,0,False,False,2025-10-10T00:00:00.000Z,2025-10-17T18:17:45.000Z,https://www.trustpilot.com/review/lemonade.com?page=8
lemonade,68f230ea39d50855210c97f8,1,Worst for pet insurance,"Worst for pet insurance, they won’t cover anything and take over a month to review claims. Don’t do it, I wish I had read more honest reviews of this terrible company. ",4,False,False,2025-10-13T00:00:00.000Z,2025-10-17T14:04:58.000Z,https://www.trustpilot.com/review/lemonade.com?page=8
lemonade,68f2252717a64b1d79185160,5,I was happy with Lemonades handling of…,"I was happy with Lemonades handling of my recent claim .it was dealt with professionally  and quickly.
So straightforward. ",0,False,False,2025-10-16T00:00:00.000Z,2025-10-17T13:14:47.000Z,https://www.trustpilot.com/review/lemonade.com?page=8
lemonade,68f20e6633a6d0d25bd65b91,1,Do not buy insurance here,"Lemonade literally has no human support and will not let you get around a recording (voice or video) to submit your claim. This should not be legal. Happy to send in all the records and all the paperwork you need to make your determination but in no way shape or form should you be allowed to require a recording from me. It’s creepy. Additionally they require your social security number to file the claim which needed to be an up front, in my face statement when purchasing this policy so that I did not purchase it. This company is a data leak waiting to happen and a full scam. ",2,False,False,2025-10-17T00:00:00.000Z,2025-10-17T11:37:42.000Z,https://www.trustpilot.com/review/lemonade.com?page=8
lemonade,68f1d103e51c493784302b97,1,Pre existing conditions is insane,First coverage was expensive but I thought worth it. But then I put a claim in for an ear infection and because my dog had one ear infection in his life before they said it’s a pre existing condition. That like saying he had a cut in his leg now all cuts on legs won’t be covered. That ear infection was a year earlier and had healed this was just another one which can happen. ,2,False,False,2025-10-16T00:00:00.000Z,2025-10-17T07:15:47.000Z,https://www.trustpilot.com/review/lemonade.com?page=8
lemonade,68f1608a1d2998c409d58001,5,Awesome customer service!,Awesome customer service! ,0,False,False,2025-10-08T00:00:00.000Z,2025-10-16T23:15:54.000Z,https://www.trustpilot.com/review/lemonade.com?page=8
lemonade,68f118b0715925d87e896aad,5,First time claim submission experience,The chat box when submitting a claim is easy to use and you hear back quickly on the reimbursement amount. The chat expert was friendly with good follow through. It was a good experience as a new Lemonade user. ,1,False,False,2025-10-16T00:00:00.000Z,2025-10-16T18:09:20.000Z,https://www.trustpilot.com/review/lemonade.com?page=8
lemonade,68f09e3a8bf3ab9ebe8ad619,1,1-Star Review – Lemonade Insurance App & Customer Support,"1-Star Review – Lemonade Insurance App & Customer Support

I’m leaving this review after a very disappointing experience with Lemonade Insurance and their app cancellation process.

In February 2024, I canceled my renters insurance policy through the Lemonade Chat inside their app because there was no cancel option or button anywhere in the app or website. The representative confirmed the cancellation would be handled, but I never received any confirmation email or proof it was completed.

Months later, I realized I was still being billed. On October 13, 2025, Lemonade emailed me saying they could backdate my cancellation if I provided proof I no longer needed coverage. They specifically asked for one of three documents:

a move-out statement,

a new lease, or

proof of other insurance coverage.


I gathered and sent all of the requested documents the very next day (October 14, 2025). I even followed up several times to make sure they received everything. Despite going above and beyond, Lemonade later claimed I had not provided the proper information — even though I sent exactly what their email listed.

It’s not about the small refund amount ($21.33 per month) — it’s about how poorly this company handles cancellations and how broken their app experience is. It’s easy to buy a policy, but nearly impossible to cancel one. No confirmation, no clear process, and lots of back-and-forth emails that lead nowhere.

Lemonade promotes itself as simple, fast, and transparent, but my experience was the opposite. Until they fix the app design and start treating customers fairly when they cancel, I cannot recommend Lemonade Insurance.",2,False,False,2025-10-14T00:00:00.000Z,2025-10-16T09:26:50.000Z,https://www.trustpilot.com/review/lemonade.com?page=8
lemonade,68ef230b09b6c6ceb58b6643,5,The claims process was a bit lengthy…,The claims process was a bit lengthy but very easy. A chat and some uploading and my claim was processed immediately. The sheer ease of this was fantastic. I feel like I got a good price on my Pet and Renter's insurance and it's good to know the claims process is so easy. I would recommend Lenonade products to my family and friends!!,1,False,False,2025-10-08T00:00:00.000Z,2025-10-15T06:28:59.000Z,https://www.trustpilot.com/review/lemonade.com?page=8
lemonade,68ee841956a48db99089dbb6,5,Amazing customer service and amazing…,Amazing customer service and amazing swift approval on claim and swift payouts thank you lemonade so much for allowing me to be part of the family for affordable monthly payments ,0,False,False,2025-10-14T00:00:00.000Z,2025-10-14T19:10:49.000Z,https://www.trustpilot.com/review/lemonade.com?page=8
lemonade,68ee5349388d3420fda72955,5,Lemonade pet insurance,"I joined the Lemonade team about a year ago when my previous pet insurance priced me out.
Lemonade has fair  prices. When I have submitted a claim my money is deposited within minutes for well care and only a couple of days for illness care. 
Submitting a claim is easy and if for some reason I need to speak with someone the response time is quick.
So far I’m happy with Lemonade as 
My pet insurance. ",0,False,False,2025-10-13T00:00:00.000Z,2025-10-14T15:42:33.000Z,https://www.trustpilot.com/review/lemonade.com?page=8
lemonade,68ed6c28fd31b0652777aeba,5,The BEST Pet Insurance EVER,"Lemonade has been incredibly reliable, efficient, and supportive for me and my pup, Archie! Over the past year, Archie has had an incredibly tough time with Ear Infections, IBS, Paw Infections, and some orthopedic issues caused by his general clumsiness - he even had a few nights in the Vet Hospital. Lemonade has been a God Send for Archie and I - I have never once had a doubt that they would reimburse me, most of the time they dont even give me time to think about if they'll reimburse me since about 90% of his (many) claims have been approved in literal seconds.

I see a lot of reviews on here about people stating they wont cover things ""because of a small vet note"" or ""Becasue he had something years ago"". If YOU understand YOUR policy and that Pre-Exisitng Conditions are just that: CONDITIONS (not only diagnosis') then you will be happy with your policy and their outstandingly exceptional service too!

Their customer service gets back to me very quickly for some of the many questions I routinely have, the rates are reasonable, and despite being reimbursed over 18k this year, my policy was renewed at the same coverage level and my premium only went up by a couple dollars. Truly one of my favorite companies now and I will be getting ALL my insurance needs taken care of through them whenever possible!",1,False,False,2025-10-13T00:00:00.000Z,2025-10-13T23:16:24.000Z,https://www.trustpilot.com/review/lemonade.com?page=8
lemonade,68ed66aa767c7da8c6db069b,5,Fast,"Fast, good and easy. I got my refund in next day. i did my claim in the lemonade app very convenient. ",0,False,False,2025-10-13T00:00:00.000Z,2025-10-13T22:52:58.000Z,https://www.trustpilot.com/review/lemonade.com?page=8
lemonade,68ed3f6278c5f3bcccf7ae33,5,easy to file claim and quick refund,easy to file claim and quick refund,0,False,False,2025-10-13T00:00:00.000Z,2025-10-13T20:05:22.000Z,https://www.trustpilot.com/review/lemonade.com?page=9
lemonade,68ed37ecedd753bd197d3e97,5,I always have a great experience with…,I always have a great experience with this pet insurance. I have changed in the past to Lemonade and it has been the best pet insurance I ever had,1,False,False,2025-10-13T00:00:00.000Z,2025-10-13T19:33:32.000Z,https://www.trustpilot.com/review/lemonade.com?page=9
lemonade,68ed2d28f45fd2cdb9475333,5,Quick and Easy,The app is easy to use. The process is smooth and the money is back in my account within a couple days. I wish health insurance for us was this easy to navigate! ,1,False,False,2025-10-13T00:00:00.000Z,2025-10-13T18:47:36.000Z,https://www.trustpilot.com/review/lemonade.com?page=9
lemonade,68ed29a4628d0caf6b3c1cd8,5,Claims process was very easy and user…,"Claims process was very easy and user friendly.  Our claim went through very fast, very impressed compared to other pet insurance companies we've used in the past.",0,False,False,2025-10-13T00:00:00.000Z,2025-10-13T18:32:36.000Z,https://www.trustpilot.com/review/lemonade.com?page=9
lemonade,68ed27793a213c4a9550e9dc,5,Quick answers and friendly staff,Staff are always friendly and gives fast feedback.  ,0,False,False,2025-10-13T00:00:00.000Z,2025-10-13T18:23:21.000Z,https://www.trustpilot.com/review/lemonade.com?page=9
lemonade,68ecea3f23da470188d8c32b,5,Lemonade is simply the best.i claimed…,Lemonade is simply the best.i claimed for my huge tv damage and bed damage and it was dealt with instantly and also they have fantastic staffs from mr.louis and mr.lawrence.Thank you lemonade.,0,False,False,2025-10-13T00:00:00.000Z,2025-10-13T14:02:07.000Z,https://www.trustpilot.com/review/lemonade.com?page=9
lemonade,68eb6d1645ad1fceaa27bb14,5,My wife and i was cleaning n put tv on…,"My wife and i was cleaning n put tv on floor whilst cleaning as I went to turn around I fell on to tv and accidentally stood on it so I made a claim and its the 1st time I have done this and all I can say what a fast and easy process this was 
Top service and hassle free lemonade is the company for me",0,False,False,2025-10-09T00:00:00.000Z,2025-10-12T10:55:50.000Z,https://www.trustpilot.com/review/lemonade.com?page=9
lemonade,68e9123a69fd8096542ba064,1,Shady and loose GDPR adherence,"The app requires you to call a UK phone number where you will pay massive international call fees in order to delete your acccount. Some data they wont delete (they legally cant), be careful even if they seem cheaper than the rest, they are very likely selling your data to third parties.",2,False,False,2025-10-10T00:00:00.000Z,2025-10-10T16:03:38.000Z,https://www.trustpilot.com/review/lemonade.com?page=9
lemonade,68e910c31cf31dee09006a8f,1,The Worst Insurance Company ,"I bought a full house insurance policy. It turned out that the pipes in the driveway from the main meter were damaged and water was escaping. Insurance not cover!!! learned that if I drilled a hole in the wall, insurance would help me with costs. And because the pipe has a leak, it's not because there's no culprit. Total nonsense. The worst insurance company. ",2,False,False,2025-10-10T00:00:00.000Z,2025-10-10T15:57:23.000Z,https://www.trustpilot.com/review/lemonade.com?page=9
lemonade,68e90146bb38391602abe31e,5,The website is great,"The website is great, very intuitive. Contacting staff and raising claims is fairly simple - no option to call though. The claim process was very straightforward and it all went smoothly. Lawrence was great and supportive.",0,False,False,2025-10-08T00:00:00.000Z,2025-10-10T14:51:18.000Z,https://www.trustpilot.com/review/lemonade.com?page=9
lemonade,68e85ec21d33597e494c1790,5,5 stars for Paul,"Paul helped me with the entire claim. Excellent service 
",0,False,False,2025-10-09T00:00:00.000Z,2025-10-10T03:17:55.000Z,https://www.trustpilot.com/review/lemonade.com?page=9
lemonade,68e7c49f890bc0aad5c1f806,2,Hidden Steps,"Whilst the price was initially good, I am now being asked to provide extra details that I have never been asked for with numerous other insurance providers. This has only happened once the policy went live, so difficult to get out of. Not great customer service options, and it’s conversions to be conversing by email.",1,False,False,2025-10-08T00:00:00.000Z,2025-10-09T16:20:15.000Z,https://www.trustpilot.com/review/lemonade.com?page=9
lemonade,68e78e33a19a7b1c50b519df,5,I fully recommend them,I fully recommend them. I filed a claim and they resolved it very quickly. Everything was fine.,0,False,False,2025-10-09T00:00:00.000Z,2025-10-09T12:28:03.000Z,https://www.trustpilot.com/review/lemonade.com?page=9
lemonade,68e777e1cf9ff683ad3f78df,5,Exceptional Service Received,"I recently had an exceptional experience with Lemonade Insurance! From filing a claim to receiving my payout, the entire process was smooth and seamless.

The app made it effortless to file my claim, and the subsequent emails requests for documentations and further information were clear and concise. The team was responsive and professional throughout and during our phone calls.

What truly impressed me was the efficiency and transparency of the claims process. From start to finish, everything was handled with care and precision.

Kudos to the Lemonade team and my advocate Tania for providing top-notch service and putting my mind at ease during a stressful time. I'm thrilled to continue my policy with them and would highly recommend them to anyone looking for reliable and hassle-free insurance coverage.

George Donkoh",0,False,False,2025-09-16T00:00:00.000Z,2025-10-09T10:52:50.000Z,https://www.trustpilot.com/review/lemonade.com?page=9
lemonade,68e6da9b62cf594dc95b20c9,5,Absolutely amazing experience - restored my faith in good companies!,"My e-bike was stolen, and it was such a painful and stressful experience. It was also my first ever insurance claim, so I was really anxious. I even made a mistake when filing the police report and had to correct it later - but despite all that, Lemonade made the whole process incredibly smooth.

They reached out the very next day after I submitted my claim, clearly listed the exact documents and details they needed, and once I sent everything, they approved my claim within a day. I received the compensation immediately! I couldn’t believe how fast and easy it was.

The person handling my case was kind, patient, and supportive throughout. In recent years, I’ve often felt like most companies are just trying to rip you off and make you fight for what you’ve paid for - but this experience with Lemonade was such a breath of fresh air. It genuinely made me believe again that there are good companies out there doing the right thing.

I totally recommend Lemonade - this has been the best company I’ve interacted with in a long time! ❤️❤️❤️",0,False,False,2025-10-02T00:00:00.000Z,2025-10-08T23:41:47.000Z,https://www.trustpilot.com/review/lemonade.com?page=9
lemonade,68e6c36c94c703ab553084a5,5,"Quick, clear, and hassle-free","Had a smooth experience with my damage claim. It was confirmed as covered and the funds were reimbursed quickly. The money landed within the 2–5 business days window, and updates were clear. I appreciated the feedback invite as it shows that Lemonade actually care about what customers think. Overall, a solid and reliable process.",0,False,False,2025-09-29T00:00:00.000Z,2025-10-08T22:02:52.000Z,https://www.trustpilot.com/review/lemonade.com?page=9
lemonade,68e6aef659e9650241c8fb03,1,Can’t even get a simple claim for $200…,Can’t even get a simple claim for $200 handled in an acceptable time frame.  Between that and poor customer service the insurance isn’t worth the discount.  Talked with 2 agents and a supervisor and received nothing but run around.  My next move is to recoup my loses by filing disputes with my bank for past insurance payments.  ,2,False,False,2025-10-01T00:00:00.000Z,2025-10-08T20:35:34.000Z,https://www.trustpilot.com/review/lemonade.com?page=9
lemonade,68e69e89384cae8b8d1f7f0e,5,Jim is great! Give him a raise,Jim was awesome and it was easy and fast! All things I like!,0,False,False,2025-10-08T00:00:00.000Z,2025-10-08T19:25:29.000Z,https://www.trustpilot.com/review/lemonade.com?page=9
lemonade,68e6917ee8c759055477c508,5,Quick and Easy to use,Easy to file a claim and it was paid out in few days! No more waiting weeks for someone to even just review it! Love using Lemonade so far. ,0,False,False,2025-10-08T00:00:00.000Z,2025-10-08T18:29:51.000Z,https://www.trustpilot.com/review/lemonade.com?page=9
lemonade,68e64d12866877c231656c66,5,My claim was handled quick and well,My claim was handled quick and well. They refunded ,0,False,False,2025-10-08T00:00:00.000Z,2025-10-08T13:37:54.000Z,https://www.trustpilot.com/review/lemonade.com?page=9
lemonade,68e607af8bdc01fd4c946ef6,5,i do like their communication,i do like their communication,0,False,False,2025-10-07T00:00:00.000Z,2025-10-08T08:41:51.000Z,https://www.trustpilot.com/review/lemonade.com?page=10
lemonade,68e56e1da01fe501e9b27624,1,Do not use these robbers,Had an insurance claim with this so called insurance company after an accident to the arm of my sofa.The sofa was £1150 new from Debenhams & my policy said no depreciation but I was offered £750 settlement. This disgusting company said they base the settlement on the dimensions of the sofa not the actual cost. They went on Debenhams website found a grey sofa in the sale & based the settlement on this. Do not use this company for insurance as they are terrible. I emailed several times & got no reply.,2,False,False,2025-10-01T00:00:00.000Z,2025-10-07T21:46:37.000Z,https://www.trustpilot.com/review/lemonade.com?page=10
lemonade,68e540a9c3447fd6f33c2b6b,5,Hi Matt was top notch from start to…,"Hi Matt was top notch from start to finish, first time I’ve ever been flooded and he help through the process. They are really quick at paying out as well. Would use lemonade again 

",0,False,False,2025-10-07T00:00:00.000Z,2025-10-07T18:32:41.000Z,https://www.trustpilot.com/review/lemonade.com?page=10
lemonade,68e4eca7b02e3e46e9efc86c,1,Crappy Insurance,Crappy insurance. Made sure to take the $500 deductible after you calculated the 70%. How about subtract the $500 then calculate to 70%. So sneaky and so not worth the money I pay each month.,2,False,False,2025-09-29T00:00:00.000Z,2025-10-07T12:34:15.000Z,https://www.trustpilot.com/review/lemonade.com?page=10
lemonade,68e49c3029d9eb996e532054,5,Really recommend Lemonade! ,"I really like Lemonade as an insurance company! This is my first experience with an insurance company and I am super satisfied. I had accidentally damaged some of my paintings and I thought it was going to be a complicated matter to apply for damages or that I wouldn't even be able to claim anything back (based on experiences I was told by other people with other insurance companies) but the process was super straightforward, they were super nice and patient with me and explained everything when I had doubts. In the end I was able to get the insurance for my damaged items without much problem. ",0,False,False,2025-10-06T00:00:00.000Z,2025-10-07T06:50:56.000Z,https://www.trustpilot.com/review/lemonade.com?page=10
lemonade,68e358fcfabeaa2bb9f4c971,5,Super efficient process to file claim…,Super efficient process to file claim and get approval..in less than a minute!!,0,False,False,2025-09-22T00:00:00.000Z,2025-10-06T07:51:56.000Z,https://www.trustpilot.com/review/lemonade.com?page=10
lemonade,68e1150314a9b8e0ab621d9e,1,STAY AWAY - Con Artists,"UPDATE: despite their response, Lemonade did nothing. STAY AWAY, this is a TERRIBLE company. They use bots disguised has humans to respond to emails, and don’t honor requests to cancel. 

I requested cancellation of my policy within a week of signing up due to poor customer service communication. A month later my request had not been honored so I repeated it to a rep named Jeff. By the end of September I noticed Lemonade had still been collecting payments from me. I notified them I had cancelled, requested a refund for the entirety of my payments and they refused. 

Lemonade does not deserve your business or to be in business.",2,False,False,2025-10-03T00:00:00.000Z,2025-10-04T14:37:23.000Z,https://www.trustpilot.com/review/lemonade.com?page=10
lemonade,68e1142199278c91dc36ae01,5,Excellent company,"Excellent company, so easy to use the app and very quick, definitely would recommend ",0,False,False,2025-10-04T00:00:00.000Z,2025-10-04T14:33:37.000Z,https://www.trustpilot.com/review/lemonade.com?page=10
lemonade,68e0452d30e7c1b6b13ac70f,5,When filing a claim,"When filing a claim, the Lemonade app makes it so easy! You can snap a pick of the visit details, provided by your vet, and in a couple of days the funds are in your account. ",0,False,False,2025-10-03T00:00:00.000Z,2025-10-03T23:50:37.000Z,https://www.trustpilot.com/review/lemonade.com?page=10
lemonade,68dfb105c64aff282ad46ec9,5,Lemonade are amazing at what they do,"Lemonade are amazing at what they do. They deliver exactly what they promise, with no hidden terms or conditions. Of course, they carry out some necessary checks, which is only fair—otherwise people could take advantage of the insurance. My case worker, Tania Rhodes, was excellent: very knowledgeable, thorough with the checks, highly responsive, and she handled my case in a timely and professional manner. Couldn’t be happier with the service.",0,False,False,2025-10-03T00:00:00.000Z,2025-10-03T13:18:29.000Z,https://www.trustpilot.com/review/lemonade.com?page=10
lemonade,68dfac75cf62691beac59e77,5,it was very quick and easy,it was very quick and easy ,0,False,False,2025-10-02T00:00:00.000Z,2025-10-03T12:59:01.000Z,https://www.trustpilot.com/review/lemonade.com?page=10
lemonade,68def8fadd91bded4dcad61a,5,EasyIt’s an easy process,"It’s an easy process. You pay for the plan you want, submit the envoice for the service you qualify for on your plan and get reimbursed ",0,False,False,2025-10-02T00:00:00.000Z,2025-10-03T00:13:14.000Z,https://www.trustpilot.com/review/lemonade.com?page=10
lemonade,68deda4b35f00ac7209aee41,1,Run by AI idiots,"Run by AI idiots. Another insurance company doing everything it can to not pay out even the most measly of sums. Disorganized, horrible UI, even though I bundle four different policies through them.",2,False,False,2025-10-02T00:00:00.000Z,2025-10-02T22:02:19.000Z,https://www.trustpilot.com/review/lemonade.com?page=10
lemonade,68ded11ad99c2713583fa9bf,5,I’ve had lemonade insurance for my pets…,I’ve had lemonade insurance for my pets for almost 5 years now and it was the best decision I ever made they make it so easy to file a claim and get your money back super simple and quick which I love ❤️ ,0,False,False,2025-10-02T00:00:00.000Z,2025-10-02T21:23:06.000Z,https://www.trustpilot.com/review/lemonade.com?page=10
lemonade,68deb481829d7225f32457a2,5,My funny beautiful 5 year old Westie…,"My funny beautiful 5 year old Westie was diagnosed with a nerve sheath tumor near her brain stem. It’s incurable-even radiation will only delay the inevitable. Diagnosis -between blood panels,  her regular vet and a consultation with a veterinary neurologist plus nerve medications to help with her nerve pain has been expensive. The plan I bought with Lemonade two years ago -against my spouse’s opinion - has been well worth it. Although we’re choosing the palliative care route, knowing we had options thanks to our insurance was invaluable. ",0,False,False,2025-10-02T00:00:00.000Z,2025-10-02T19:21:05.000Z,https://www.trustpilot.com/review/lemonade.com?page=10
lemonade,68deaf6dcc041f5ecd34f226,5,Lemonade made my claim filing…,"Lemonade made my claim filing experience as painless as possible. I wish their web platform was better developed, but the app is easy to use! ",0,False,False,2025-10-02T00:00:00.000Z,2025-10-02T18:59:25.000Z,https://www.trustpilot.com/review/lemonade.com?page=10
lemonade,68de869ad51ee8680fbb4cd7,1,"a bad experience , a scam ","Hello , i have been client for 6 years . my computers and belongings  were stolen 2 days ago in NEW YORK  and it is not possible to fill a claim . So i pay every month  but i can't file a claim.

It is a scam.
Best regards 

Phil.
",2,False,False,2025-09-30T00:00:00.000Z,2025-10-02T16:05:14.000Z,https://www.trustpilot.com/review/lemonade.com?page=10
lemonade,68dda5e04bbce44dc2b137e4,5,Easy to use,"Process of claiming is very easy, simple.",0,False,False,2025-09-24T00:00:00.000Z,2025-10-02T00:06:24.000Z,https://www.trustpilot.com/review/lemonade.com?page=10
lemonade,68dd97c29394efe369d08b25,1,Auto renew cancellation not possoble…,I do not understand why you cannot cancel the auto renew for insurance. I contacted by email and was advised I had to wait until the last day of my policy to cancel it. That is incredible poor service compared to other companies,2,False,False,2025-10-01T00:00:00.000Z,2025-10-01T23:06:10.000Z,https://www.trustpilot.com/review/lemonade.com?page=10
lemonade,68dd7789635875e4bf491945,1,Horrible pet issurance!,"Horrible pet issurance!! They never cover anything !! If your bill is around $200-300 they will cover some part.. but if something serious pop up they are gone. Keep rejecting your case, you re apply.. it takes months to review until you get pisses and cancel it. On my question where I can leave a review- simple option - cancel our policy🫣 how about I’ll give you a real rate ?? ",2,False,False,2025-10-01T00:00:00.000Z,2025-10-01T20:48:41.000Z,https://www.trustpilot.com/review/lemonade.com?page=10
