provider,review_id,rating,title,text,likes,filtered,pending,experienced_date,published_date,source_url
petsbest,695c2960978b97fffdbca5a7,1,Absolutely the worst experience I've…,Absolutely the worst experience I've ever had with an insurance company. Submitted required information 3 times and no updates after almost 2 months of initial filing of claim. Hold times for customer service is 30-60 minutes every time I call for an update. Absolutely unacceptable. ,0,False,False,2026-01-05T00:00:00.000Z,2026-01-05T23:13:04.000Z,https://www.trustpilot.com/review/petsbest.com?page=1
petsbest,695c0b4096faf77e41a9292d,5,I had a friend suggest pet insurance a…,"I had a friend suggest pet insurance a few years ago and decided to give it a try. My dog is healthy but we had an unexpected accident in October where he hurt his knee. Pets Best made the process easy and WAY less stressful. Pet insurance is a MUST, I will never go without it again! ",0,False,False,2025-10-16T00:00:00.000Z,2026-01-05T21:04:32.000Z,https://www.trustpilot.com/review/petsbest.com?page=1
petsbest,695ab81174b6be6061e026c5,5,I like what I received it just took…,I like what I received it just took longer than I thought it would to get the reimbursement.,0,False,False,2025-12-10T00:00:00.000Z,2026-01-04T20:57:21.000Z,https://www.trustpilot.com/review/petsbest.com?page=1
petsbest,695aa72b35e0f944ec064072,1,Raised the price to almost double…,"Raised the price to almost double without informing me first, didn’t cover the cost of a surgery resulting from an infection. I’m planning on cancelling.",0,False,False,2026-01-04T00:00:00.000Z,2026-01-04T19:45:15.000Z,https://www.trustpilot.com/review/petsbest.com?page=1
petsbest,695a89d45b54d09528e72393,5,Pets Best is amazing,Pets Best is amazing. Wonderful customer service. Rates and coverage options to fit any budget. The claims process is simple and works seamlessly with prompt processing. I highly recommend Pets Best and am so glad to have them to assist with our pets health care needs.,0,False,False,2026-01-02T00:00:00.000Z,2026-01-04T17:40:04.000Z,https://www.trustpilot.com/review/petsbest.com?page=1
petsbest,69591ae1eb4dffa4962007a6,2,The claims dept doesn't read,"The claims dept doesn't read. They sent my claims back saying it needed more info and hospital records without giving me the invoices that were in question, dates or anything at all that would be helpful. I spent over an hour on the phone with someone trying to figure out what the problem was. Claims simply didn't read the invoice and passed it off. They need to look with their eyes, not their keyboard!!! Very aggravating.",0,False,False,2026-01-02T00:00:00.000Z,2026-01-03T15:34:25.000Z,https://www.trustpilot.com/review/petsbest.com?page=1
petsbest,69589d62946af94fc4dd3f0a,5,We love Pets Best,We love Pets Best! They have been fantastic with claims and reimbursement of those claims.,0,False,False,2026-01-02T00:00:00.000Z,2026-01-03T06:38:58.000Z,https://www.trustpilot.com/review/petsbest.com?page=1
petsbest,69585a172fd83265f93c2c1c,5,Dental pain relief ,I was fortunate to not need the insurance after purchasing it for a few years. But when my girl Lacey ended up with dental fracture injuries PetsBest processed my claims quickly - even reaching out to my vet for records.  All applicable charges for visit and surgery were taken care of and I received payment based on my policy terms.  Highly recommend PetsBest !!,0,False,False,2025-11-24T00:00:00.000Z,2026-01-03T01:51:51.000Z,https://www.trustpilot.com/review/petsbest.com?page=1
petsbest,695858f8ef6c858541d58310,4,Quick processing of claims,Quick processing of claims and I have never once had to fight to have a claim approved. ,0,False,False,2026-01-02T00:00:00.000Z,2026-01-03T01:47:04.000Z,https://www.trustpilot.com/review/petsbest.com?page=1
petsbest,69581068721b6fc5c320f9ed,3,Need information in a timely manner ,I’m disappointed that the process took as long as it without knowing why. Only after calling and eventually getting an email did I find out that the delay was due to problems that had to do with updating the system. I would have felt more comfortable knowing that before I had to make the call. Especially since my monthly bill came right on time with no glitch.,0,False,False,2025-12-06T00:00:00.000Z,2026-01-02T20:37:28.000Z,https://www.trustpilot.com/review/petsbest.com?page=1
petsbest,6957f792930abb0045ae9014,1,Poor customer service and poorly managed company ,"This company's reputation changed in 2025. They had a massive website outage thst caused thousands of customers to lose all access to their accounts. No claims could be submitted, no policy documents could be accessed. Call wait times are often at least 1 hour and good luck getting an email reply that's any kind of helpful. The issue has been ongoing for at least 3 months and the company takes no accountability whatsoever. ",0,False,False,2025-11-01T00:00:00.000Z,2026-01-02T18:51:30.000Z,https://www.trustpilot.com/review/petsbest.com?page=1
petsbest,695780f0e6b936e9c057c30a,5,A valid claim was denied and a phone…,A valid claim was denied and a phone call to a rep resolved the oversight quickly.  It took another two weeks but it was during the holiday season. I was very satisfied with how well everything was handled. ,0,False,False,2025-12-19T00:00:00.000Z,2026-01-02T10:25:20.000Z,https://www.trustpilot.com/review/petsbest.com?page=1
petsbest,6956e900357d7b60381c4b38,3,Mixed reviews,"I like the service, it’s very easy to file a claim. I hate that you say my dog has all kinds of pre existing conditions that you don’t cover with the amount that I pay for her. Also, the claim took longer than usual this time but that may just be because of the holidays.",0,False,False,2025-12-12T00:00:00.000Z,2026-01-01T23:37:04.000Z,https://www.trustpilot.com/review/petsbest.com?page=1
petsbest,6954244a5a3e50b176f768d4,1,My cat passed away,"My cat passed away, You used to be able to cancel a policy online when a pet passed away but apparently that is not the case anymore. Tried emailing a week ago when it happened, no response, chat feature doesn't work says you have to call. So I call but they're closed Saturday and Sunday, forgot to call Monday, finally get through today and the recording states hold times are 30 to 40 minutes!!!! I'm grieving the death of my pet and the only way to cancel their policy is to sit on hold for 40 plus minutes!!! And I did end up burning through my entire lunch 43 minutes to get a person, 60 minutes by the time the call was over, to do something that used to take 60 seconds online. ARE YOU KIDDING ME!!! WHAT IS WRONG WITH YOU THIS IS RIDICULOUS AND UNACCEPTABLE What happened? You used to offer such good customer service now you're just the absolute worst you all should be absolutely ashamed of yourselves making a grieving parent go through this, this is absolutely truly the worst customer experience I have ever had",0,False,False,2025-12-29T00:00:00.000Z,2025-12-30T21:13:14.000Z,https://www.trustpilot.com/review/petsbest.com?page=1
petsbest,6952ba0803f225b91b896896,1,NO! HORRIBLE PET INSURANCE COMPANY,"This is the worst, most disorganized company I've ever dealt with for any service. Somebody needs to be fired. They constantly have tech problems, lose documents, and take an ungodly amount of time to answer phone calls. Some claims are processed quickly, others take forever. Stay away, and use Fetch Pet Insurance.  ",0,False,False,2025-12-29T00:00:00.000Z,2025-12-29T19:27:36.000Z,https://www.trustpilot.com/review/petsbest.com?page=1
petsbest,69528d2db1ba2244d965d6ce,1,Unsure what the problem is,"I've been trying to get a claim submitted since 11/17 (it's now 12/29) and I have no idea what the issue with pets best is. Right off the bat, every single claim I've submitted takes so long that they send me multiple emails apologizing for the delay. For every. Single. Claim. So I wasn't too surprised when this one took a while. However when they finally reached out to the vet for medical records, they claimed they never received a response and canceled the claim. So I called the vet and they emailed me the form from pets best that they had filled out and sent back to them. So I think okay maybe because my pet is under a different last name at the vet, I should clarify that even though it's kind of obvious that it's my pet, maybe they just have an automated system that didn't figure it out. So I resubmitted the claim with the records, and I'm STILL waiting. Anyone with a brain can look at the records and figure it out, as a matter of fact, it could probably be done by AI with no problems. Moral of the story is, I think they have a single gerbil handling all their claims because that's the only reason I can think of as to why filing a claim with them is so torturous. I wish I could switch to a different insurance company but of course that means my pet's now ""pre-existing conditions"" wouldn't be covered. ",0,False,False,2025-12-29T00:00:00.000Z,2025-12-29T16:16:13.000Z,https://www.trustpilot.com/review/petsbest.com?page=1
petsbest,694ee6b4d726f97f14bfdada,3,Disappointed Once they review the invoice correctly…,"Once they review the invoice correctly they pay quickly. I have called twice and resubmitted at least the same amount to get my dogs annual exam and vaccinations paid. I subscribe for the wellness package also. They finally have corrected one but I have not heard anything on the second dog. The annual visit was October, I submitted immediately and am still trying to get this straight.",0,False,False,2025-10-29T00:00:00.000Z,2025-12-26T21:49:08.000Z,https://www.trustpilot.com/review/petsbest.com?page=1
petsbest,694edad92065de8a3c4b7a41,3,I sent claims in in the beginning they…,I sent claims in in the beginning they were great now my dog is maybe five years in and the claims are not being paid no explanation they’re saying it’s an existing condition which it wasn’t. The dog hurt his leg. It was not in an existing condition. they raised my rates because they said I made too many claims and I haven’t put a claim in in over two years and good luck trying to get somebody to call you back.,0,False,False,2025-12-26T00:00:00.000Z,2025-12-26T20:58:33.000Z,https://www.trustpilot.com/review/petsbest.com?page=1
petsbest,694ed7ab4ba7a75190ac1786,5,Easy to make claims and receive…,Easy to make claims and receive reimbursement.,0,False,False,2025-12-22T00:00:00.000Z,2025-12-26T20:44:59.000Z,https://www.trustpilot.com/review/petsbest.com?page=1
petsbest,694da6b30bc6df100bca4399,5,First Time Pet Insurance Buyer.  Good First Experience.,"This was the first time I've ever purchased pet insurance.  We have a new Malinois puppy and it seemed prudent.  After checking a lot of different insurances I found this one to be the best value for the money.  We also added the ""wellness plan"" since she will be getting all of her puppy shots and check ups.  The first wellness check up and puppy shots bill I submitted for payment was approved within 3 days.  They paid for everything except for her Puppy ParvoVirus vaccine.  I thought it strange since they paid for her other vaccine.  I called them on Christmas Eve (day) and got a US based customer service rep.  She looked at it and said it was just an error since my vet's billing code didn't show ""VAC"" or the word ""Vaccine"" on the bill.  They apparently use some type of AI to read and pay claims.  She said it would be paid and the amount of the Parvo Vac would be added to my reimbursement check.  Easy-Peasy.  I wish all my medical claims were that easy to fix.  So far so good with this new insurance.  At the price of vets these days (I'm in Hawaii) you can easily recover your annual premium in just one or two visits.  Our friend's Pomeranian puppy broke her leg and her vet bills totaled $11k for everything to fix it.  Like all insurance, best to have it and hope you never need to use it.  ",0,False,False,2025-12-24T00:00:00.000Z,2025-12-25T23:03:47.000Z,https://www.trustpilot.com/review/petsbest.com?page=1
petsbest,694c66b95668272d07651616,2,Not great,The website wouldn’t let me log in for a month and a half in browser and through the app. I sat on hold for an hour and IT got my IP address and assigned that to my account and it finally worked. It takes over a month lately to have claims processed. I think ManyPets was best but I can’t switch now thanks to preexisting conditions.,0,False,False,2025-12-24T00:00:00.000Z,2025-12-25T00:18:33.000Z,https://www.trustpilot.com/review/petsbest.com?page=2
petsbest,694c2d6b616ecaa04366fb57,5,I claim was processed in less than a…,My claim was processed  in less than a week. Thank you.,0,False,False,2025-12-21T00:00:00.000Z,2025-12-24T20:14:03.000Z,https://www.trustpilot.com/review/petsbest.com?page=2
petsbest,694c2c0a22d21a8a429c2ebb,5,Protection for our four legged little friends,"Unlike the experience I’ve had with some of these aftermarket car warranties Pets Best insurance has done exactly as they have described to do they take care of me when they need to and then there’s sometimes I’ll turn a claim in that they can’t pay on and that’s fine but they’ve been fair all along. I just filled a claim and was reimbursed nearly 3months dues with very little out of pocket. I think and while I don’t wish harm to anyone’s 4-legged little friend, hospital bills is where the real magic happens in terms of reimbursements. ",0,False,False,2025-12-24T00:00:00.000Z,2025-12-24T20:08:10.000Z,https://www.trustpilot.com/review/petsbest.com?page=2
petsbest,694c2b13a9a465eb18844aa1,1,I field claim on 10/23/25 didn’t hear…,"I field claim on 10/23/25 didn’t hear back from them till 12/18/25 , and after all the wait they denied my claim as they said ear infection is pre existing condition!!!! , how can ear infection be pre existing condition… what a joke, and on the top of that u can’t get hold of someone nor login to get explanation how is ear infection is pre existing condition… I have been calling every day to cancel without any luck.. too much to deal with ",0,False,False,2025-10-22T00:00:00.000Z,2025-12-24T20:04:03.000Z,https://www.trustpilot.com/review/petsbest.com?page=2
petsbest,694c256607420ddd99596b4c,1,Terrible customer service ,1.5 hr wait on hold. App chat doesn’t work. Terrible customer service. I canceled my plan ,0,False,False,2025-12-12T00:00:00.000Z,2025-12-24T19:39:50.000Z,https://www.trustpilot.com/review/petsbest.com?page=2
petsbest,694b1a431d9e88061b5c6f61,5,I recommend pets best to everyone,I recommend pets best to everyone! It is easy to navigate the website. When I submit a claim it's easy to check on progress. I get emails if the claim is taking longer than two weeks to process. ,0,False,False,2025-12-09T00:00:00.000Z,2025-12-24T00:40:03.000Z,https://www.trustpilot.com/review/petsbest.com?page=2
petsbest,694b1456cd4b03f93ba94f14,1,Clear Accident Denied Despite Video…,"Clear Accident Denied Despite Video Evidence and Vet Letter

I am beyond disappointed with Pets Best.

While we were on vacation, my senior cat  suffered a clear, documented accident. We have video footage showing her claw getting stuck while climbing onto the bed. When she attempted to come down again, she fell and hit the floor.

As a direct result of this fall, she became injured and unable to access her food and water, which caused her to stop eating and drinking for five days. During that time she became dangerously weak and required multiple days of hospitalization to recover.

This was an accident-only emergency.

Our veterinarian provided a written letter explicitly stating that the hospitalization was caused by the fall, not by any pre-existing condition. Prior to this incident, Lucky had no symptoms, no treatment, and no clinical issues related to kidney disease or any other condition that would explain her sudden decline.

Despite:
	•	Clear video evidence of the accident
	•	A detailed veterinary letter confirming cause
	•	A clear timeline showing decline only after the fall
	•	No prior issues affecting her ability to eat or drink

Pets Best denied the claim, claiming the incident was due to chronic kidney disease — a conclusion that directly contradicts veterinary documentation and medical facts.

If you’re considering Pets Best, feel free to look at other reviews with similar complaints. Unfortunately, this experience suggests a pattern of denying legitimate claims, especially when significant costs are involved.

When you pay premiums expecting peace of mind, you should not have to fight this hard after a true emergency. I would strongly caution pet owners — especially those with senior animals — to think twice before relying on Pets Best when it matters most.
",0,False,False,2025-07-14T00:00:00.000Z,2025-12-24T00:14:46.000Z,https://www.trustpilot.com/review/petsbest.com?page=2
petsbest,6949db564bfded2ed0d0a2cd,4,Need more coverage,Wish there were more levels of coverage for wellness claims. Will only cover less than about half of flee and tick meds. Then no other wellness claims for remainder of the year. ,0,False,False,2025-12-16T00:00:00.000Z,2025-12-23T01:59:18.000Z,https://www.trustpilot.com/review/petsbest.com?page=2
petsbest,6949b68f72252025462d49af,2,Really bad in terms of coverage,Really bad in terms of coverage. I spent 500$ something and out of it all am getting is 120$. Ridiculous!!!,0,False,False,2025-12-17T00:00:00.000Z,2025-12-22T23:22:23.000Z,https://www.trustpilot.com/review/petsbest.com?page=2
petsbest,694981018f4b371dd635b3b0,5,Best Pet Insurance I've Worked With ,"The overall process to submit a claim was very simple and straightforward. And I actually ended up getting reimbursed for more than I was expecting, which was beyond amazing! It took a bit longer than was ideal for things to process and get reimbursed, but overall this was definitely the best experience I've had with a pet insurance company.",0,False,False,2025-11-24T00:00:00.000Z,2025-12-22T19:33:53.000Z,https://www.trustpilot.com/review/petsbest.com?page=2
petsbest,6946ec5dbfe0af83f1321d76,5,Had coverage on my 4 dogs for 7 years,"Had coverage on my 4 dogs for 7 years, it's been great aside from the doubling of premiums each year for the past 2 years. Prior to that there were no premium increases. Claim submission and reimbursement is quick and easy. Even with increased premiums, it's saved me thousands over the last 2-3 years.",0,False,False,2025-12-17T00:00:00.000Z,2025-12-20T20:35:09.000Z,https://www.trustpilot.com/review/petsbest.com?page=2
petsbest,6945b280efb5f0d2cde7fb62,5,Good,"Good, reliable ",0,False,False,2025-12-19T00:00:00.000Z,2025-12-19T22:16:00.000Z,https://www.trustpilot.com/review/petsbest.com?page=2
petsbest,69459817303fcc48e0323aaa,1,Took an extremely long time to…,Took an extremely long time to process...still not complete.,0,False,False,2025-11-03T00:00:00.000Z,2025-12-19T20:23:19.000Z,https://www.trustpilot.com/review/petsbest.com?page=2
petsbest,6944e9d9c3ad4ad4bb586840,1,I should have read trustpilot before signing up,"I should have read trustpilot before signing up. My biggest beef was that this company is impossible to reach! I had to call them to fix something on my policy. After many, many phone calls at various times during the day, I finally realized no one was ever going to answer. Each time you are told your call will be answered in 30 to 40 minutes, but at the end of 40 minutes the call disconnects. No customer service means a lot to me. There is 0 here.",0,False,False,2025-12-01T00:00:00.000Z,2025-12-19T07:59:53.000Z,https://www.trustpilot.com/review/petsbest.com?page=2
petsbest,69446fb90fe912fbbc5408ca,1,Canceling my coverage,"I have had Pets Best insurance for 2 dogs for 4 years.   they were puppies when we got the insurance.  started at $ 60 a month for accident and wellness coverage  NOW over $ 90 ea ch. monthly.    No accidents just wellness has been turned in for reimbursement.   Since Oct 2025, their website is broken.   You have to call and wait a minimum of 25 to 45 mins for a live person to discuss how to submit your annual wellness claim.   They are polite and give you a no answer answer why the you can't submit your claim.   I am cancelling at the end of this   month and getting insurance someother place. 
 
",0,False,False,2025-12-18T00:00:00.000Z,2025-12-18T23:18:49.000Z,https://www.trustpilot.com/review/petsbest.com?page=2
petsbest,694443daefd38690493c7ab4,1,The app and website login never works,"The app and website login never works. I cannot see the status of my claims, submit claims, see my benefits, or even ensure my payment method is up to date. ",0,False,False,2025-12-18T00:00:00.000Z,2025-12-18T20:11:38.000Z,https://www.trustpilot.com/review/petsbest.com?page=2
petsbest,6941501f681d2be81b95ba12,5,Pets Best is the best purchase for our…,"Pets Best is the best purchase for our dog. The claim process is incredibly easy, offering us total peace of mind for his health. Highly recommended.",0,False,False,2025-10-26T00:00:00.000Z,2025-12-16T14:27:11.000Z,https://www.trustpilot.com/review/petsbest.com?page=2
petsbest,6940c9966811494bf12ea101,5,Pets Best is great,"Pets Best is great. They have upheld their end of the insurance, and I have had no issues with them. ",1,False,False,2025-12-15T00:00:00.000Z,2025-12-16T04:53:10.000Z,https://www.trustpilot.com/review/petsbest.com?page=2
petsbest,693f13dd2486923576466fa4,3,In general the cost is ok… downside…,In general the cost is ok… downside items are- very slow claims reimbursement process and claim information collection process.,1,False,False,2025-11-12T00:00:00.000Z,2025-12-14T21:45:33.000Z,https://www.trustpilot.com/review/petsbest.com?page=2
petsbest,693f10c39e570bb97008fe73,2,It keeps getting worse,"I’ve been using Pets Best insurance for my cats for several years now, and unfortunately my experience has become increasingly disappointing.

Last year, my monthly premium increased to more than three times what I had been paying. When I contacted customer service to ask why or to explore options, I was told it was simply due to “market price.” There was no effort to help me review coverage, adjust my plan, or find any alternatives.

This year, I tried to add the wellness package that includes chiropractic care, acupuncture, and other holistic services, only to be told that these can only be added within the first 30 days of the original application. After years as a customer, this policy feels completely unreasonable and inflexible.

Like many pet parents, I feel stuck because changing insurance is extremely difficult once pets have pre-existing conditions. That said, as soon as I find a better and more transparent alternative, I will absolutely be switching.

To make matters worse, claims that used to be reimbursed fairly quickly are now consistently delayed, often taking over a month.
",0,False,False,2025-12-08T00:00:00.000Z,2025-12-14T21:32:19.000Z,https://www.trustpilot.com/review/petsbest.com?page=2
petsbest,693efa8ecdbfb702ecadf58d,5,Prompt review of claims (usually),Prompt review of claims (usually). The last couple of times it's been an extended wait for claims to be covered but I attribute that to the recent updates on your site.,1,False,False,2025-12-11T00:00:00.000Z,2025-12-14T19:57:34.000Z,https://www.trustpilot.com/review/petsbest.com?page=3
petsbest,693ef9d7164e2aa45c3ce331,2,Not sure if this is worth the hassle,"I have been trying to get a claim paid since October.  Part of it was my fault—I didn’t provide the proper proof of purchase—but the remainder has been slow customer service and horrible app and website experiences.  I found the proper proof of payment and have emailed it at least three times for processing.  My claim was closed due to not sending in proof of payment.  I spoke with a customer service rep who indicated I needed to submit a new claim, referencing the old claim, which I did.  Now I’m getting emails saying the new claim is incomplete.  The app and website won’t allow me to upload the information—I keep getting error messages.  I have sent screen shots of the error messages in with my emails (I can’t be the only one having this issue!) and get crickets.  Hold times are ridiculous and when I did get through the rep said they would handle the problem which they haven’t done.  I just adopted two kittens and was going to add them to the policy, but why bother when all I am getting is frustrated!  Also, every time I sign in on my iPad I get the message that I’m using a new device and have to wait for an email in order to login again.  Whatever system upgrade you had in the fall created more issues than it resolved.  I’m not sure I’m going to renew this policy.",0,False,False,2025-12-14T00:00:00.000Z,2025-12-14T19:54:31.000Z,https://www.trustpilot.com/review/petsbest.com?page=3
petsbest,693eb1ad3cd98b3f6ecf5084,5,Easy    Reimbursement was swift,Easy    Reimbursement was swift,1,False,False,2025-12-08T00:00:00.000Z,2025-12-14T14:46:37.000Z,https://www.trustpilot.com/review/petsbest.com?page=3
petsbest,693e14b7f83d8533ec068fc7,1,Where are my reimbursements?,"I have four claims in beginning on November 5 and still have not received any reimbursement of my Veterinary bills. Today is December 13. Your premiums are low, but your  service is terrible. Four weeks I was told that the app and website were not accepting claims. Why would it take so long to fix this website issue? I paid thousands of dollars in vet bills and I need that money now. After all it is the holidays.",0,False,False,2025-11-05T00:00:00.000Z,2025-12-14T03:36:55.000Z,https://www.trustpilot.com/review/petsbest.com?page=3
petsbest,693d0db8eb4c53c4c493a964,5,Peace of mind when you have an Insurance,"When I was on a vacation this Summer my dog had an emergency and I did not hesitate even for a minute to ask my brother to take him to a veterinarian , because I knew Pets Best was gonna be there when I needed. Sure enough, when I submitted the claim, Pets Best reimbursed  me in timely manner.",1,False,False,2025-08-12T00:00:00.000Z,2025-12-13T08:54:48.000Z,https://www.trustpilot.com/review/petsbest.com?page=3
petsbest,693c5de5cc464d169afcb82d,4,I love pets best overall,"I love pets best overall. The only issue, which has become a major problem for me financially lately, is the time it takes to process claims. It's been taking 4 weeks before I am paid for claims which is a financial hardship for me.",1,False,False,2025-12-10T00:00:00.000Z,2025-12-12T20:24:37.000Z,https://www.trustpilot.com/review/petsbest.com?page=3
petsbest,693c5752b4f570e70ef1d558,3,Pets Best Used to Be The Best... Now They're More Like One of the Rest,"We originally chose Pets Best over competitor products because of their reputation for simple transaction, prompt reimbursement for covered claims, and no run-arounds.  And in the beginning, that's how it was.

However, over the past 2 years, Pets Best has become just like every other company.  It takes far long than advertised just to have them acknowledge each claim, and then there is the all-to-familiar ""we're sorry your claim is taking longer than normal"" email... for every. single. claim.

And then I get more emails advising our claim is incomplete, for not having provided a proper invoice - which I absolutely had (not sure where they're losing our personal data and documents), so I re0=-submit the same document, receive a confirmation email of receipt.... and then weeks later... yet another ""we're sorry your claim is delayed"" message, as if the entire process had started over again.

Customer service is quite helpful over the phone, but... again, similar to many other competitors, their hold times are extensive now (they weren't when we first started with them).

There is no hustle, there is no expediency, and they now are less effective in handling claims, so they're a lot like many other competitors now and, IMHO, have lost their competitive edge.

The EOBs do provide good explanations, mostly for why something might not be a covered claim, but they do provide clear information, and when something is covered, they do provide good processing... after far too extended times.",0,False,False,2025-12-12T00:00:00.000Z,2025-12-12T19:56:35.000Z,https://www.trustpilot.com/review/petsbest.com?page=3
petsbest,693c573ff71bf26a251b09a5,1,This company used to be great ,This company used to be great . Now the app is always down . The chat is always down . And ….. the claims take weeks and weeks and weeks to be resolved ,0,False,False,2025-11-16T00:00:00.000Z,2025-12-12T19:56:15.000Z,https://www.trustpilot.com/review/petsbest.com?page=3
petsbest,693b93b1f29430bfc56f1df1,1,Paid for the wrong claim,"Submitted a claim and they processed it as a different claim with a smaller payment. Their mistake, but they refused to pay the difference until it gets processed again.
3 weeks.",0,False,False,2025-12-04T00:00:00.000Z,2025-12-12T06:01:53.000Z,https://www.trustpilot.com/review/petsbest.com?page=3
petsbest,693b11fec8b2f027bc057930,4,When I first signed up with Pets Best …,When I first signed up with Pets Best  loans were processed within a week and reimbursement too.   Now it takes almost a month for claims to be processed and paid.  Otherwise it is a great Pet Insurance.  ,0,False,False,2025-11-11T00:00:00.000Z,2025-12-11T20:48:30.000Z,https://www.trustpilot.com/review/petsbest.com?page=3
petsbest,693b0a5631e4910272f922c2,2,The approval of the claim,"The approval of the claim, excluding the payment, requires a duration exceeding one month.",0,False,False,2025-12-10T00:00:00.000Z,2025-12-11T20:15:50.000Z,https://www.trustpilot.com/review/petsbest.com?page=3
petsbest,6939bec51ee7dce396e05e20,1,Website/claim service does not work,"Been trying to submit our emergency vet bill claim for over a month and the website has been down and every time I try to log in, it makes me reset my password, still never being able to log in, the app also does not work. We pay almost $60 a month and can’t even use the service. Will be switching to new pet insurance. ",0,False,False,2025-11-08T00:00:00.000Z,2025-12-10T20:41:10.000Z,https://www.trustpilot.com/review/petsbest.com?page=3
petsbest,6939ba8bb843497bbd9a8565,3,Pros & Cons,I like the ease of use of the website. I dislike how long it takes to get reimbursed ,0,False,False,2025-12-10T00:00:00.000Z,2025-12-10T20:23:07.000Z,https://www.trustpilot.com/review/petsbest.com?page=3
petsbest,693897caa82e310da6dbc8d6,1,There is nobody that answers their…,There is nobody that answers their phone.  No online access.  An absolute nightmare and I am sorry to have signed up with them and after less than a year I am leaving.  There are many other choices for a pet insurance.  I recommend that you find any other than this one.,0,False,False,2025-12-09T00:00:00.000Z,2025-12-09T23:42:34.000Z,https://www.trustpilot.com/review/petsbest.com?page=3
petsbest,6938848f67f7ef0ed3b75bb1,5,Fast and easy claims submitting…,"Fast and easy claims submitting process. Processed claim in less than a month, which is better than the industry norm.",1,False,False,2025-12-07T00:00:00.000Z,2025-12-09T22:20:31.000Z,https://www.trustpilot.com/review/petsbest.com?page=3
petsbest,693848938960b292c6ab9156,1,Absolutely horrible customer service ,"Absolutely, some of the worst customer service I’ve ever received in my entire life. I’ve been misinformed or lied to every time I’ve called in. I’ve made BBB complaints and asked for call backs from supervisors. The agents at the company just get passive aggressive and give you an attitude when you question them about misspeaking. I was told twice you’d rewrite my policy with no lapse after originally canceling due to poor customer service. My account was not rewritten properly and was mishandled due to me having another claim and not wanting to pay. An account manager even told me they could but then said she misspoke. I’m unfortunately going to have to be filing in small claims. Highly advise to avoid this company.",0,False,False,2025-12-09T00:00:00.000Z,2025-12-09T18:04:35.000Z,https://www.trustpilot.com/review/petsbest.com?page=3
petsbest,69375aa6acba3f70e8f9576a,5,Pets Best is a VERY GOOD insurance for…,Pets Best is a VERY GOOD insurance for pets. It was highly recommended by my Vet and have had great experiences with them. Fast accurate claims.,1,False,False,2025-12-02T00:00:00.000Z,2025-12-09T01:09:26.000Z,https://www.trustpilot.com/review/petsbest.com?page=3
petsbest,69374d29408cd20e030ab149,1,Wait time on phone was 45 minutes,Wait time on phone was 45 minutes. This is pretty bad when most companies now have the option to get a call back when a agent becomes available.  Then changed my email address but now I can't log in to my account.  Another 45 minutes on hold. Seriously something needs to change. ,0,False,False,2025-12-03T00:00:00.000Z,2025-12-09T00:11:53.000Z,https://www.trustpilot.com/review/petsbest.com?page=3
petsbest,6937190f33f1e63314ff5bdb,5,Pets Best is the BEST,Pets Best has been the single best investment we have made in our dog. Coverage has been as expected. The app works great and we get reimbursed in a timely manner. I have and will continue to recommend! ,1,False,False,2025-12-08T00:00:00.000Z,2025-12-08T20:29:35.000Z,https://www.trustpilot.com/review/petsbest.com?page=3
petsbest,6935d896163a02bad21afa11,1,Still waiting for reply from you on a…,Still waiting for reply from you on a claim we sent in on 11/19/2025.,0,False,False,2025-11-19T00:00:00.000Z,2025-12-07T21:42:14.000Z,https://www.trustpilot.com/review/petsbest.com?page=3
petsbest,6935c65d53c37f16b4acb8de,2,In the past Pets Best has been  very…,In the past Pets Best has been  very responsive but this past experience is not good. The website problems have made communication difficult. When I have been able to talk to a human they have not been able to resolve my issues with appeals.  I am still working the issues. ,0,False,False,2025-12-05T00:00:00.000Z,2025-12-07T20:24:29.000Z,https://www.trustpilot.com/review/petsbest.com?page=4
petsbest,6935c199bc70c0f367bba5ac,1,Used To Be A Good Company,"I am so disappointed by Pets Best lately.  You can't reach anyone in Customer Service, it took way too long to process my claim for a well visit, and while your website says my reimbursement was sent to my bank, my bank says there are no pending transactions from Pets Best.  You used to be such a good company.  Now I'm wondering if you're just understaffed, or if you're going out of business and not letting your customer know.  Take a look at recent Facebook posts on your page - a lot of unhappy customers!",0,False,False,2025-12-04T00:00:00.000Z,2025-12-07T20:04:09.000Z,https://www.trustpilot.com/review/petsbest.com?page=4
petsbest,693475dddb2e12d99f5d8f90,5,After being with a different insurance…,"After being with a different insurance company for 10 years for my 10 year old dog I changed to PetsBest due to their pricing being half of the previous company. 

4 months into the PetsBest policy my dog was diagnosed with cancer. Cancer was removed completely and she is doing great. Pet's best paid my large claim without any hassle exactly per the policy.

I was very concerned being a new policy holder with an older dog, but they took care of me without issue. Highly recommend.",1,False,False,2025-12-02T00:00:00.000Z,2025-12-06T20:28:45.000Z,https://www.trustpilot.com/review/petsbest.com?page=4
petsbest,69346ec7e21cb98bd949002a,5,They are very efficient and return…,They are very efficient and return claims very quickly.,1,False,False,2025-10-10T00:00:00.000Z,2025-12-06T19:58:31.000Z,https://www.trustpilot.com/review/petsbest.com?page=4
petsbest,693441ab905c3f90ca3343de,1,"PetsBest is really Petsworst, take the time to read","I used Trupanion for 14 years but the quote I got for my new pup was sadly unaffordable.  I ended up with Petsbest because the policy they offered was comparable unfotunately, their service/practices aren’t even close. 

Our 1st vet visit was for some minor eye irritation and it took well over a month to get reimbursed. In comparison, Trupanion never took over 2-3 days. 

Two months ago, my pup injured his leg while playing.   The bill for that was over 700.00 which I paid for with a credit card and the next day I submitted the claim.  Once again it took so long to get reimbursed that if I hadn’t had the funds to pay the card off, I would have incurred interest charges on it.  Most people don’t have the funds to pay their cards off.  In those cases, the cost to have PetsBest includes interest charges.

When I asked the vet about which insurance providers they see used the most, I told them I had Petsbest and they said they see a variety of providers but Petsbest is the only one who calls them constantly to argue every charge.  That is not an acceptable practice. It’s draining on the staff and reminded me of the issues our own healthcare providers are facing with insurance providers.   I’m in healthcare, I see it every day.   

Lastly, I got the renewal notice 6 weeks in advance and the premium was going to increase by 25%.  I didn’t even finish the year with them, before the start of the final month, I found another insurance with better coverage for the same original price and switched. 

i cannot recommend PetsBest because their turn around time for reimbursement is unreasable and can ultimmately even cost you money, they second guess the vets treatment plans & bills they’ve agreed to pay and their rate increases are too high. ",0,False,False,2025-11-29T00:00:00.000Z,2025-12-06T16:46:03.000Z,https://www.trustpilot.com/review/petsbest.com?page=4
petsbest,693431885126bd2ffcd8de54,1,Pets best covers very little,"Pets best covers very little, and hides behind a complex process. Even when paying for all the extras.

Every visit you want pets best to pay for will require you to submit your receipts for review. Reimbursement only.

On these receipts the will pick apart every line. I pay for every add on, and the highest priced plan. Still, even during years when I have a major emergency pets best underperforms.
Spay,  covered under 1/4, emergency toe removal, covered under half, regular care nails, checkups, anal glands, “cosmetic” and not covered.
Vaccines, not covered. Even with the vaccine add on.

Whether you depend on this insurance for emergency, or regular care you will be let down.",0,False,False,2025-12-05T00:00:00.000Z,2025-12-06T15:37:12.000Z,https://www.trustpilot.com/review/petsbest.com?page=4
petsbest,693380487f4bc350e29227c2,1,They hardly cover anything even when my…,They hardly cover anything even when my monthly premium is $60 per month and when they do cover something it takes forever to get reimbursed ,0,False,False,2025-12-05T00:00:00.000Z,2025-12-06T03:00:56.000Z,https://www.trustpilot.com/review/petsbest.com?page=4
petsbest,693367a6b224c4c6541f1704,5,Wallet and Life Saver,I’ll be honest Pets Best is probably one of the best investments I have made next getting my dog. My little dude ended up with some tumors and a broken tooth over time and I never really had to worry about affording it because of my coverage. It’s also helpful with recurring medications and wellness checks. ,0,False,False,2025-12-05T00:00:00.000Z,2025-12-06T01:15:50.000Z,https://www.trustpilot.com/review/petsbest.com?page=4
petsbest,6932024959728e708b7698c3,1,They take your payment and after two…,"They take your payment and after two months, I have nothing to show from this company but letters. I pay my payments and except to be reimbursed ",0,False,False,2025-12-04T00:00:00.000Z,2025-12-04T23:51:05.000Z,https://www.trustpilot.com/review/petsbest.com?page=4
petsbest,6931d40f3967c44df407f450,2,Would not recommend!,The service is slow. The online website hasn't been working for over two months now. I can't access my account. Calling customer service did not help me get into my account.  I will be switching to a insurance company that is more easily accessible and attentive to needs. ,0,False,False,2025-12-04T00:00:00.000Z,2025-12-04T20:33:52.000Z,https://www.trustpilot.com/review/petsbest.com?page=4
petsbest,6931b23871ab92b54ab3ffaa,4,Great company but slow payments,"As far as the price goes, it's comparable with other companies for similar deals. Dealing with the staff was great, submitting claims is easy but getting the claims approved and receiving the payment is extremely slow. You will get the EOB  and still take a week to receive the direct deposit. ",0,False,False,2025-12-04T00:00:00.000Z,2025-12-04T18:09:28.000Z,https://www.trustpilot.com/review/petsbest.com?page=4
petsbest,69319379793c6d7fae65efda,2,I have had pets best insurance for…,I have had pets best insurance for years and have been happy with it.  Not sure what is going on there now.  There system has been down for months.  Getting a claim submitted is like getting an act of congress passed with no communication.  Calling is no better - long hold periods - several disconnects & no  real answers when you get through & lots of apologies read from a script.  Very frustrating & Disappointing.   Everything was so easy though tge app prior to this and when you called with questions there was answers or people willing to get the answers.  I am hoping this is a transitional  period & it goes back to the customer care it used to provide ,0,False,False,2025-12-02T00:00:00.000Z,2025-12-04T15:58:17.000Z,https://www.trustpilot.com/review/petsbest.com?page=4
petsbest,6930965ee4da6c1379d0b19e,1,Pets best has the worst service I ever…,"Pets best has the worst service I ever had, and I am 76 years old. In short they will find ways not to pay your claims. I never would use them for my pet insurance.",0,False,False,2025-12-01T00:00:00.000Z,2025-12-03T21:58:22.000Z,https://www.trustpilot.com/review/petsbest.com?page=4
petsbest,692f539a1a975b556279447c,1,This company is giving big SCAM energy...,"This company is giving big SCAM energy... there's no access to their portal, they have a new excuse as to why each day.. You can only submit a claim by emailing a generic inbox and then when you call you wait at least 45 min, only for them to say they can't see if the email was received. If you ask to speak to someone in the claims dept they will tell you there's no phone number to transfer you to... I guess those guys work in the Cone of Silence and never have to communicate with anyone else in the company. They drag out the claims process as long as possible so that they can collect as many monthly payment before you get pissed and cancel the policy. I have reporting them to the Federal Trade Commission and I encourage everyone to do the same.",0,False,False,2025-11-13T00:00:00.000Z,2025-12-02T23:01:14.000Z,https://www.trustpilot.com/review/petsbest.com?page=4
petsbest,692f1b6edeb8f488ad80f3f3,1,Not what it used to be,"I’ve had Pets Best for several years, with four different dogs. Unfortunately, things have changed dramatically with underwriting and customer service for the worse. The final straw was denial of a claim for a broken tooth. Yes, I’m sure my dog chewed on something too hard and broke a molar. They denied the claim, stating that the condition was “caused by periodontal disease”. Other claims have been denied for reasons that I believe is due to aggressive pursuit and twisting of the “fine print”. 
The customer service is atrocious. The recording informs you that your wait time for help with a claim or exiting policy is a minimum 30 minutes, and to cancel a policy is 45. To get a new policy? Yeah, 10 minutes. 
Over the years, Pets Best was a good company overall for what pet insurance is for. Now I believe it’s been taken over by nothing more than bean counters. ",0,False,False,2025-12-02T00:00:00.000Z,2025-12-02T19:01:34.000Z,https://www.trustpilot.com/review/petsbest.com?page=4
petsbest,692f03e1dbc2bcbb42160cf9,3,Disappointed ,I honestly believed my reimbursement claims for my pet’s wellness visit fees was going to be covered more than what it turned out to be. ,0,False,False,2025-11-22T00:00:00.000Z,2025-12-02T17:21:05.000Z,https://www.trustpilot.com/review/petsbest.com?page=4
petsbest,692eee64a8884397cdf657bb,1,WORST Pet Insurance I've had.,"This is the worst pet insurance experience I’ve had. Your website and online platform have been nonfunctional for months, making it nearly impossible to manage claims. My coverage is being denied for “pre-existing conditions,” even though the symptoms are new and fall well within the active policy period.

I’m also being asked for additional documentation (an itemized invoice) that was already submitted with the original claim. When I try to upload it again through the portal, it simply doesn’t work. It genuinely feels like these obstacles are intentionally put in place to discourage customers from pursuing valid claims.

I doubt anyone will read or respond to this review to address these serious service issues. If I’m not contacted, I will be canceling my policy before the next billing cycle.",1,False,False,2025-12-02T00:00:00.000Z,2025-12-02T15:49:24.000Z,https://www.trustpilot.com/review/petsbest.com?page=4
petsbest,692de1dbf079863889826cc6,2,Where is the value? ,"Having worked in the insurance industry for 5 years many years ago, I have a basic understanding of how the “system works”. In our case, we are paying $981 annually - submitted $697 in claims over 3 years and Pets Best has only paid out $200. Where is the value? ",1,False,False,2025-11-23T00:00:00.000Z,2025-12-01T20:43:39.000Z,https://www.trustpilot.com/review/petsbest.com?page=4
petsbest,692c9f1ffe39c26545dc028d,3,"Good Plans, Poor Claims Processing","While the plans and coverage are more straight-forward than some, the claims process is very challenging. The same items will be covered in some cases, but not in others. Multiple items in the same claim will sometimes be processed, other times missed altogether. If items are missed, then an appeal is required, which takes more time and up to 30 days to complete. All of these claims issues significantly degrade the overall experience.",0,False,False,2025-11-29T00:00:00.000Z,2025-11-30T21:46:39.000Z,https://www.trustpilot.com/review/petsbest.com?page=4
petsbest,692b44e6960a185ac0a33ac5,5,Very prompt turn around of our claim.,Very prompt turn around of our claim. ,1,False,False,2025-11-29T00:00:00.000Z,2025-11-29T21:09:26.000Z,https://www.trustpilot.com/review/petsbest.com?page=4
petsbest,692b3d4836920866e4aa8646,5,Fast claims processing.,Fast claims processing. ,1,False,False,2025-11-24T00:00:00.000Z,2025-11-29T20:36:56.000Z,https://www.trustpilot.com/review/petsbest.com?page=5
petsbest,692b21cb1e11f437a9f6699a,5,Very prompt response to Ginger's claim,"Very prompt response to Ginger's claim. She was pleased and gave a very affirmative ""Woof"" because she now had a check coming to buy more food and toys.",1,False,False,2025-11-19T00:00:00.000Z,2025-11-29T18:39:39.000Z,https://www.trustpilot.com/review/petsbest.com?page=5
petsbest,692a1cf5f3dfa2e374dd0b5f,5,Pets Best is a good company,"Pets Best is a good company.  As my dog gets older, his pet insurance costs go up a little, however, PetsBest did not lower his benefits like my previous company did.  My previous insurance not only lowered his benefits but also raised the monthly payment.  PetsBest employees are very nice and really care about my dog.  ",0,False,False,2025-11-26T00:00:00.000Z,2025-11-29T00:06:45.000Z,https://www.trustpilot.com/review/petsbest.com?page=5
petsbest,6929e07de52a196efd5f9589,4,High cost,"High cost, and payout seems minimal. But good to have in an emergency.",0,False,False,2025-11-28T00:00:00.000Z,2025-11-28T19:48:45.000Z,https://www.trustpilot.com/review/petsbest.com?page=5
petsbest,6929b1027507bb87ab9e0425,5,I have been very happy with PetsBest,I have been very happy with PetsBest. I don’t plan on ever having an animal without this protection. I highly recommend this company. ,1,False,False,2025-10-18T00:00:00.000Z,2025-11-28T16:26:10.000Z,https://www.trustpilot.com/review/petsbest.com?page=5
petsbest,6927a8150a5ef9033a1df554,5,Pet's Best is with you every step of the way,"Pet’s Best was recommended to me by my veterinarian, Dr. Lloyd Pilch, who told me: “Of all the insurance companies I’ve dealt with, Pet’s Best is the most reliable—quick to pay and without red tape.” He was absolutely right.

I signed up based on his recommendation, and Pet’s Best has never let me down. When my dog Max was diagnosed with discospondylitis, I was devastated—but Pet’s Best supported us through every step, from MRIs to treatment. When he passed, they covered his euthanasia and even sent a heartfelt card, which meant so much to me.

I’ve now insured three dogs with Pet’s Best and continue to be grateful for their compassion, reliability, and efficiency. The peace of mind they provide is worth every penny. I’ll always choose Pet’s Best for my pets.",1,False,False,2025-11-26T00:00:00.000Z,2025-11-27T03:23:33.000Z,https://www.trustpilot.com/review/petsbest.com?page=5
petsbest,69275336f76d10345ce78d9e,3,I hadn't had much trouble until…,"I hadn't had much trouble until November of 2025, when their website and online portal stopped working properly. My claims backed up, and it got very confusing. I am certain I will miss out on some benefits as a result since it was difficult to keep track of things, especially since their email notices don't give you enough info to know what the issue relates to.... That said, at least all of the people I was able to finally reach by phone were very nice and, although they couldn't resolve the site issues, I appreciated that they were trying as hard as they could.",1,False,False,2025-11-10T00:00:00.000Z,2025-11-26T21:21:26.000Z,https://www.trustpilot.com/review/petsbest.com?page=5
petsbest,6924aa671639e39f351b84b2,5,Still though...,Haven't met the Pets Best team in person but you can feel their honesty and Heart.,1,False,False,2025-11-17T00:00:00.000Z,2025-11-24T20:56:39.000Z,https://www.trustpilot.com/review/petsbest.com?page=5
petsbest,692385cee3ae061bb9687c4d,5,Pets Best has been a lifesaver for one…,"Pets Best has been a lifesaver for one of our dogs. We got the plan the day after we got him and when he was a year old he started having seizures and required specialized testing that cost almost $15,000. Without Pets Best, we wouldn’t have been able to pay for this without great hardship. The claims process is easy. I just wish they would add CBD oil to their formulary. Other insurance companies cover it and it has been the difference for our epileptic dog. ",0,False,False,2025-11-23T00:00:00.000Z,2025-11-24T00:08:14.000Z,https://www.trustpilot.com/review/petsbest.com?page=5
petsbest,6923744d4931d232965344c7,5,When my dog decided to blow her knee,"When my dog decided to blow her knee, treatment was not to be delayed. Local vet diagnosed and coordinate a surgeon, her repair was done in less than two weeks. Pets Best covered $2700 of the $3200 charge in three weeks. This saved the financial shock of an unexpected expense. Both our pets are covered and I will always use Pets Best. ",1,False,False,2025-11-14T00:00:00.000Z,2025-11-23T22:53:33.000Z,https://www.trustpilot.com/review/petsbest.com?page=5
petsbest,69233b1ab5964a0015d8efce,5,Consistent and clear coverage,"My wife and I have 3 cats, 2 of which have been problematic at one time or another. We have 1 cat with chronic GI issues and another with pre-existing upper respiratory issues.

Pets Best has been nothing but consistent and clear, covering everything for our GI cat (because we had her from a kitten), including numerous hospital visits. While Pets Best doesn't cover everything for our upper respiratory cat because it is a pre-existing condition, they don't use that against us to stop paying legitimate insurance claims for him.

I'm always skeptical about insurance companies, but my experience with Pets Best has been nothing short of excellent. And I want to be clear - I've not been paid or incentivized for this, I'm simply impressed that an insurance company actually does what it says it will. ",1,False,False,2025-11-21T00:00:00.000Z,2025-11-23T18:49:30.000Z,https://www.trustpilot.com/review/petsbest.com?page=5
petsbest,69227f20c90112ac00c91504,1,Useless insurance,"I got insurance with PetsBest for a kitten that was only a few months old. Obviously he needed vaccinations and basic wellness care... After paying for literally one vaccine, they said I maxed out on the amount of help I can get for the year. $60/month for insurance but all of the other necessary vet visits and treatments were paid out of pocket... Ridiculous.",1,False,False,2025-09-20T00:00:00.000Z,2025-11-23T05:27:28.000Z,https://www.trustpilot.com/review/petsbest.com?page=5
petsbest,6922223ccda8c28e100dffeb,1,Terrible company,"Terrible company. Similar to regular insurance they deny deny deny. Don't cover things clearly covered. And raise rates criminally. Mine just went up over 100 for next year. I've never even made a claim. Had it on my dog 8 years, never used it once. 100 increase. Screw these people. Do not use them. It's theft.",1,False,False,2025-11-22T00:00:00.000Z,2025-11-22T22:51:08.000Z,https://www.trustpilot.com/review/petsbest.com?page=5
petsbest,692203342d0c95cb50535253,5,your handeling of my claims was fast and fair,Lwas satisfied with the way you handeled my claim,0,False,False,2025-11-08T00:00:00.000Z,2025-11-22T20:38:44.000Z,https://www.trustpilot.com/review/petsbest.com?page=5
petsbest,69220293bc1bca19ae55d22b,5,Simple/Easy Service ,So easy to use and quick reimbursement ,0,False,False,2025-11-06T00:00:00.000Z,2025-11-22T20:36:03.000Z,https://www.trustpilot.com/review/petsbest.com?page=5
petsbest,6921f8a1dce0696566374990,1,SCAM,"I’ve been trying to cancel my subscription and the company has made it nearly impossible to do so.
I have screenshots showing that:
	•	There is no cancellation option anywhere on their website.
	•	Their chat service provides no cancellation path or instructions.
	•	Their Help Center returns no results when searching “cancel.”

The only cancellation method they provide is calling in, but when you call, you’re placed on hold for hours. This means there is no actual way to cancel, which feels intentionally obstructive.

At this point, I’m going to dispute the charges through my credit card and report the transaction as unauthorized since they’re not allowing me to cancel through any reasonable means.

This isn’t the first issue I’ve had with them. My dog contracted leptospirosis, a condition explicitly covered under the policy at the time, and they still spent six months fighting the claim before finally reimbursing me. When an insurance company refuses to honor coverage you paid for — and then makes canceling nearly impossible — that’s unacceptable.",1,False,False,2025-11-22T00:00:00.000Z,2025-11-22T19:53:37.000Z,https://www.trustpilot.com/review/petsbest.com?page=5
petsbest,691ff6c48ee74c5f822eec87,1,"Paid All Year, Every Claim Denied","I’ve been paying about $85 a month for the last 12 months and filed 3 claims. All 3 were denied for what felt like very minor or “technical” reasons. What’s the point of paying for pet insurance if nothing is actually covered? I expected some help with my pet’s bills, not excuses. I’m very disappointed and will be looking for a different company—anyone considering this insurance should read the fine print very carefully.",1,False,False,2025-11-20T00:00:00.000Z,2025-11-21T07:21:08.000Z,https://www.trustpilot.com/review/petsbest.com?page=5
petsbest,691f88a25070f5def239a12a,1,I have been trying to contact this…,"I have been trying to contact this company for the last 4 months. 

I have submitted a dispute with my bank because the money keeps coming out but the services have stopped. 

I am trying to contact anybody but to no avail. Your lines are down and your email systems do not reply back. 

Yet you keep charging my card. 
",1,False,False,2025-11-20T00:00:00.000Z,2025-11-20T23:31:14.000Z,https://www.trustpilot.com/review/petsbest.com?page=5
petsbest,691f6585ca554bc47dd24560,1,Terrible Experience,"Just like every insurance company, claims don’t cover items and  pay you little to nothing just like Pets Best!  Just a waste of money monthly and will never use them again.",1,False,False,2025-11-19T00:00:00.000Z,2025-11-20T21:01:25.000Z,https://www.trustpilot.com/review/petsbest.com?page=5
petsbest,691e4dd3aab8d7eb28176095,5,I never have to worry if I can take…,"I never have to worry if I can take care of my pets knowing I have insurance to help.
I always know it will be a easy process ",0,False,False,2025-10-20T00:00:00.000Z,2025-11-20T01:08:03.000Z,https://www.trustpilot.com/review/petsbest.com?page=5
petsbest,691e11d4e0bc4b5aa82f13a3,5,Great company ,"I’m very grateful for the support and service I received from my pet health insurance. They were quick, fair, and efficient with every claim I submitted, and the reimbursement process was always smooth. When my cat became seriously ill, they handled everything with compassion and understanding. They even covered the cost of euthanasia when it became the only humane option.  I highly recommend them for their reliability, fairness, and kindness.",0,False,False,2025-10-07T00:00:00.000Z,2025-11-19T20:52:04.000Z,https://www.trustpilot.com/review/petsbest.com?page=6
petsbest,691e0f04306e087c1063b3e4,1,Pets Best WAS the number one pet…,"Pets Best was the number one pet insurance option I could find when I signed up several years ago with my pack. Recently, their website completely crashed, blaming it on a Microsoft outage. Not only was the outage over in less than 24 hours, but according to ""webDetector"" NO SITES were being affected after the outage DUE TO THIS. Somehow Pets Best is STILL not completely back up and it's been well over a month. Since Pets Best web site and mobile app have been COMPLETELY down, I've been sending my PDF documents and my policy number and information JUST as I would through the app to the e mail provided to file a claim. Over 3 weeks later, without even receiving confirmation that my claims have been submitted, and now being close to 10k in debt on just ONE pet (I currently have 4 open policies with Pets Best totaling over $500 a month in premiums), and with no reimbursement relief coming in for our pups current medical condition, we were unable to proceed with further treatment options in not knowing where our financial stability lands with such delayed service coming from the recent events happening with Pets Best. I would like to thank Pets Best for their part in THE LOSS OF MY SERVICE DOG, who passed away peacefully in my arms. Had we of been insured our claims were even being PROCESSED, further treatment options would have been available for my beloved dog. Can't even access the in APP veterinary advice service. WHAT AM I PAYING FOR?! Pets best has been at my side, protecting my pets for close to 5 years. I was let down in the WORST way imaginable by a company I trusted. My heart is shattered and my account is still empty. Can't use the App, Can't use the website. NO response to e-mails and on hold for over a hour, just to constantly be disconnected. I don't even have support to help me determine how to proceed now that my dog is DEAD! Do I cancel his policy with so many open claims? Do I wait? My premiums are sure as hell coming out of my account on time though. I don't even know how to process my life at this moment. Pets Best, I used to boast to EVERYONE about the importance of pet insurance and WHY they should choose ONLY YOU. Now, I HOPE EVERYONE STAYS FAR FAR AWAY! ",1,False,False,2025-11-19T00:00:00.000Z,2025-11-19T20:40:04.000Z,https://www.trustpilot.com/review/petsbest.com?page=6
petsbest,691b59e52ed3858a55fd8333,5,Easy to complete and view claims…,Easy to complete and view claims online. No issues getting reimbursements when appropriate. ,0,False,False,2025-11-17T00:00:00.000Z,2025-11-17T19:22:45.000Z,https://www.trustpilot.com/review/petsbest.com?page=6
petsbest,691b55b4f110364c25ee73ed,1,Customer service inaccessible,Customer service inaccessible. Website fails. Company is unreachable except to take $3k/year. Terrible terrible terrible performance. BEWARE.,1,False,False,2025-11-17T00:00:00.000Z,2025-11-17T19:04:52.000Z,https://www.trustpilot.com/review/petsbest.com?page=6
petsbest,691a272c0364874b4b63c2d0,5,I love Pets Best,I love Pets Best. I’ve never had any issues with coverage. I recently had a question about my latest claim. They were extremely helpful and answered all my questions. ,0,False,False,2025-11-15T00:00:00.000Z,2025-11-16T21:34:04.000Z,https://www.trustpilot.com/review/petsbest.com?page=6
petsbest,6919fcf665fb6da8e69c4bfe,5,Easy claim processing,Easy claim processing,0,False,False,2025-11-16T00:00:00.000Z,2025-11-16T18:33:58.000Z,https://www.trustpilot.com/review/petsbest.com?page=6
petsbest,6918d0347cb6da74dfb0883c,2,Took too long to receive payment ,"I received multiple emails about “we’re sorry it’s taking so long”. You don’t take long to take the payment out of my account every single month so I don’t expect it to take long to review my claim once I send it and put the money back into my account. We’re going on almost a month and that, in my opinion, is highly unacceptable. If it happens again, I will be switching to a new insurance. ",1,False,False,2025-11-15T00:00:00.000Z,2025-11-15T21:10:44.000Z,https://www.trustpilot.com/review/petsbest.com?page=6
petsbest,6918c83a992e8d0a3139e872,4,Usually a fantastic job,"Usually a fantastic job. But since their software upgrade, it has been impossible to get into my online account. This problem has existed for at least 3 weeks now. I need to be able to see my account almost daily, as I have 2 elderly dogs with numerous prescriptions and vet visits. The only way I can keep track of what claims I've submitted and their status, is to review them online. This on-going issue makes me wonder if PetsBest ran a beta on this new software long before activating it on the customer's website. ",0,False,False,2025-10-26T00:00:00.000Z,2025-11-15T20:36:42.000Z,https://www.trustpilot.com/review/petsbest.com?page=6
petsbest,6918c6819d7c93f2dd994964,5,Quick payment from Pets Best for TPLO surgery,"Pets Best was there to help pay for Nala's TPLO surgery, not only once, but twice!!  Pet's Best made it super easy to submit a claim for Nala's surgery, and their response was fantastically fast!  I received a direct deposit within a week of submitting my claim.  That's top  notch service!!  ",0,False,False,2025-11-14T00:00:00.000Z,2025-11-15T20:29:21.000Z,https://www.trustpilot.com/review/petsbest.com?page=6
petsbest,6918be9a7a48da27c6fd1344,4,Easy to submit but slow response …,Easy to submit a claim electronically but it took a month for the reimbursement.,0,False,False,2025-11-15T00:00:00.000Z,2025-11-15T19:55:38.000Z,https://www.trustpilot.com/review/petsbest.com?page=6
petsbest,691862150b0dbd4d740a7e08,5,Pets Best offers a very easy way to file a claim,Pets Best offers a very easy way to file!,0,False,False,2025-11-11T00:00:00.000Z,2025-11-15T13:20:53.000Z,https://www.trustpilot.com/review/petsbest.com?page=6
petsbest,6917b685e3a158f13012bdf5,2,Active customer and can't even get in touch with them,"I'm an active customer and can't even get in touch with them about a general question. God forbid it was an actual issue I am experiencing. 

Chat online - says call. Call, and it disconnects midway through the series of questions.

And to think I was calling to inquire about their wellness plans – guess they don't want my money! We'll be looking to switch before we actually have to submit a claim, because I'm sure working with them in that scenario woudl be a nightmare.",1,False,False,2025-11-13T00:00:00.000Z,2025-11-15T01:08:53.000Z,https://www.trustpilot.com/review/petsbest.com?page=6
petsbest,69178aed6d32a5241295859e,4,I am very pleased with the…,"I am very pleased with the professionalism of your staff, however, the processing of the invoices is very slow.  ",0,False,False,2025-11-14T00:00:00.000Z,2025-11-14T22:02:53.000Z,https://www.trustpilot.com/review/petsbest.com?page=6
petsbest,691786667a66fc1297659db3,1,Website was down and there was no way…,Website was down and there was no way to get help. Emails and phone calls were not responded to.,1,False,False,2025-11-11T00:00:00.000Z,2025-11-14T21:43:34.000Z,https://www.trustpilot.com/review/petsbest.com?page=6
petsbest,691776d35e50c9560909e25b,4,The claim was easy to submit,The claim was easy to submit. Take a few pictures and upload and you are done!,0,False,False,2025-11-11T00:00:00.000Z,2025-11-14T20:37:07.000Z,https://www.trustpilot.com/review/petsbest.com?page=6
petsbest,6917741c68c5f50b0a6102f5,4,Improving.,Improving.,0,False,False,2025-11-10T00:00:00.000Z,2025-11-14T20:25:32.000Z,https://www.trustpilot.com/review/petsbest.com?page=6
petsbest,6917258535c2f845d754a3d6,1,Waste of Money,"One day these reviews programs will accept a ZERO stars review.  This is the absolute worst insurance policy I have ever had.  Every claim was denied nothing fit the requirements and the 2 ""wellness"" claims that were eventually approved were paid well below the supposed ""90%"" that the policy shows.  Save your money go anywhere else for your pet insurance.  Absolute and total garbage.  And if you try to ""contact"" them be prepare to be on hold for hours. Stay away, Stay away",1,False,False,2025-11-01T00:00:00.000Z,2025-11-14T14:50:14.000Z,https://www.trustpilot.com/review/petsbest.com?page=6
petsbest,691627d4d004c265892e1bd9,1,Absolutely horrible company,"Absolutely horrible company! I am stopping payment thru my credit card company as I am locked out of their website, can't upload claims, when I did upload one a few months ago, they are denied and no one ever answers the phone. Their website has been down for over a month. Horrendous.",1,False,False,2025-11-13T00:00:00.000Z,2025-11-13T20:47:48.000Z,https://www.trustpilot.com/review/petsbest.com?page=6
petsbest,69161df07ca4591e6b44605f,4,Great pet insurance and easy to file a claim. ,"Filing a claim is very easy, it does take awhile for it to be processed. We find the reimbursements to be fair.",0,False,False,2025-11-12T00:00:00.000Z,2025-11-13T20:05:36.000Z,https://www.trustpilot.com/review/petsbest.com?page=6
petsbest,69152c6abe0a364213c57b84,5,Pets Best is the Best,Pets Best is the Best ,0,False,False,2025-11-04T00:00:00.000Z,2025-11-13T02:55:06.000Z,https://www.trustpilot.com/review/petsbest.com?page=6
petsbest,691362c256b611a003c90b69,1,Awful,"The website and the app have been down for at least a month. The only reason I was able to learn this was on their Facebook page, nothing was shared with us! Every time I looked at what fb said it gave a different reason for it being unavailable. I was finally able to submit my claim after 2 weeks (out of pure luck) and now I’ll have to wait to see how long it takes to get the claim. They also provided an email address on their fb to submit claims, and of course it doesn’t work either. I called today to ask for a refund for the time we couldn’t submit claims and they said it’s not something they do. I cancelled my policy today.
",0,False,False,2025-11-11T00:00:00.000Z,2025-11-11T18:22:26.000Z,https://www.trustpilot.com/review/petsbest.com?page=7
petsbest,69127f7294441418ceb071b5,5,Best Insurance for your furballs,"My experience with PetsBest has been nothing short of amazing. Their customer service is responsive and caring, and their claims platform is incredibly easy to use. Every inquiry I’ve had was met with a quick and helpful response. If you're considering pet insurance for your furballs, I can't recommend PetsBest enough!",0,False,False,2025-11-10T00:00:00.000Z,2025-11-11T02:12:34.000Z,https://www.trustpilot.com/review/petsbest.com?page=7
petsbest,69125592f09935fc828dec1b,5,Always quick and professional service…,Always quick and professional service and payment.,0,False,False,2025-11-10T00:00:00.000Z,2025-11-10T23:13:54.000Z,https://www.trustpilot.com/review/petsbest.com?page=7
petsbest,69121ef1f92f61a3b282690d,5,Excellent Customer Care! ,"
""Pet's Best has been a safeguard for our sweet labs who eat anything and everything. The whole process of filing a claim couldn't be easier. The funds arrived in my account in a surprisingly short amount of time. We wouldn't ever be without coverage from this excellent company. Thank you for excellent service! """,0,False,False,2025-11-10T00:00:00.000Z,2025-11-10T19:20:49.000Z,https://www.trustpilot.com/review/petsbest.com?page=7
petsbest,6911f02440970d4447bf8e3b,5,Timely processing of my pets claim.,Timely processing of my pets claim.,0,False,False,2025-11-04T00:00:00.000Z,2025-11-10T16:01:08.000Z,https://www.trustpilot.com/review/petsbest.com?page=7
petsbest,6911d77c91d9d21c2d8f17a1,2,"Quick to deny, slow to process","Quick to pick apart and deny claims. When it comes to getting the reimbursement, there is no hurry on Petsbest end.",0,False,False,2025-11-05T00:00:00.000Z,2025-11-10T14:15:56.000Z,https://www.trustpilot.com/review/petsbest.com?page=7
petsbest,690e864b5e603866f54e7e12,5,Everyone is been helpful,"Everyone is been helpful, informative, and easy to talk to. Thank you",0,False,False,2025-10-10T00:00:00.000Z,2025-11-08T01:52:43.000Z,https://www.trustpilot.com/review/petsbest.com?page=7
petsbest,690e4668760244faec3a921d,2,Unfortunately I cannot recommend,"Unfortunately, I have not always had the best experience with Pets Best. First I have two dogs and their premiums go up extremely high every year. Mind you I’ve had them since they were puppies and they’re now seven and nine. Submitting claims has been an issue now for over two months for the system is always down. Yesterday I even went as far as trying to email three times and I was told that the emails for claims currently being reviewed are backed up through October 31. Today is November 7. In addition reimbursement takes forever. They say it takes two weeks. I’ve actually waited on an average 6 to 8 weeks to be reimbursed and it gets very costly when you have two dogs that are going in and out of the vet for a vaccines for illnesses for wellness visits, etc. if my oldest dog didn’t have a pre-existing condition, I would definitely not go with Pets Best again.",0,False,False,2025-11-07T00:00:00.000Z,2025-11-07T21:20:08.000Z,https://www.trustpilot.com/review/petsbest.com?page=7
petsbest,690def3b916679c4cb452c93,5,Truly the Best. I swear by PetsBest. ,"My Chunk is 5 years old now and I have had him insured with PetsBest since he was 8 weeks old. I honestly think getting this insurance was one of the best financial decisions of my life. We have been through 7 surgeries (he's an English Bulldog) and endless food-related allergies flare-ups (I mean, ear infections, skin infections, etc.). We have also been to a ton of different vets in different states (doggie dermatologists, doggie eye doctors, doggie surgeons) and NOT ONCE was my claim denied, and NOT ONCE did I have A SINGLE issue. I think I maybe had to call customer service like once since getting this insurance. You just go to the vet, worry about the best vet care possible, get your receipt, submit it, and within 20-30 days you have your reimbursement. If there's a delay in reimbursing you - they always send a follow up email telling you basically, ""hey, so sorry we are taking longer than usual, but we haven't forgotten about you!"" I highly recommend PetsBest. I think I have recommended at least 5 people to them. ",0,False,False,2025-11-07T00:00:00.000Z,2025-11-07T15:08:11.000Z,https://www.trustpilot.com/review/petsbest.com?page=7
petsbest,690d297de5ed5e822a6ae5ab,1,This is the worst pet insurance I've…,"This is the worst pet insurance I've ever bought. Don't waste your time and money on Pets Best, especially with so many other options out there. The premium was outrageous--over $200 a month for illness and wellness policy. And even with those policies, the insurance refused to pay nearly all the claims even those that were for services listed in their policy. They use ""pre-existing condition"" to justify claim payments just like people insurance companies used to do before the federal government outlawed discrimination based on pre-ex. Pet insurance is completely unregulated and this provider takes full advantage of that fact to scam consumers into paying for coverage they will never be able to use. It's disgraceful. ",0,False,False,2025-11-05T00:00:00.000Z,2025-11-07T01:04:29.000Z,https://www.trustpilot.com/review/petsbest.com?page=7
petsbest,690c05a36a9ed3a90bc903a1,4,Review,"Pretty good service, competitive rates. Need to be a little faster on the follow ups.",0,False,False,2025-11-03T00:00:00.000Z,2025-11-06T04:19:15.000Z,https://www.trustpilot.com/review/petsbest.com?page=7
petsbest,6909f5fe72ccc9a393dbfa9d,5,The rap I spoke with I was extremely…,The rap I spoke with I was extremely helpful and patiently answered my questions.  She also looked at an outstanding claim I had.  Renewed for another year.   I have 2 policies and do not regret choosing Pets Best. ,0,False,False,2025-10-30T00:00:00.000Z,2025-11-04T14:47:58.000Z,https://www.trustpilot.com/review/petsbest.com?page=7
petsbest,6907eb77fe32f81475e1252e,4,I normally don't believe in pet…,"I normally don't believe in pet insurance, but after 3 of my pets had costly health issues over the past few years that are now chronic requiring specialists for foreseeable future, I started considering it. I got concerned if any new health issues would arise so I landed on Pets Best since they don't require initial vet visit which is a huge pain for multiple pets. 

After a year, I wondered if I should keep it since I was still paying out of pocket for pre-existing conditions and I hadn't met my deductible for new minor issues that popped up. Then suddenly another one of my pets who was always healthy got really ill and I rushed her to the ER. They stabilized her and it cost $5300. This was my first big claim I ever submitted, so I worried if they'd honor it. It wasn't a pre-existing condition so I told myself that I'd cancel the policy if they denied the claim. About 3-4 weeks later I got an email confirming they paid out the claim which was the amount I expected based on my policy. I was so happy and am definitely sticking with them. I took a star off because they've been having intermittent technical issues with their app and website for about a month. I was also on pins and needles waiting for a response, so I'm not sure if 3-4 weeks is typical since I've never had pet insurance before. I even uploaded all the medical records from the visit hoping that would expedite it. 

Other than that, I'm very satisfied and if they finally fix their app/web issues permanently and speed up the wait time for a claim response, I'd give 5 stars. CS isn't helpful if you call to get a status update, they just told me they're probably backed up with claims and will do their best. The outcome is what I care most about though...they covered exactly what was supposed to be covered. ",0,False,False,2025-11-02T00:00:00.000Z,2025-11-03T01:38:31.000Z,https://www.trustpilot.com/review/petsbest.com?page=7
petsbest,6907e562386994d393a0d9d8,3,Reimbursements take a while,"Reimbursements take a while. Good for accidents and illness but not on wellness. The wellness package is basic and very, very low that it only accommodate a small fraction of the actual costs. Better off just save up for the annual exam. ",0,False,False,2025-10-30T00:00:00.000Z,2025-11-03T01:12:34.000Z,https://www.trustpilot.com/review/petsbest.com?page=7
petsbest,690773c01ab8cc2ca370aa49,5,Great company to have insurance with…,Great company to have insurance with for our fur babies. They really are there when you need them to cover the cost for the medical procedures. It gives me peace of mind to have a reliable insurance for my pets. ,0,False,False,2025-10-29T00:00:00.000Z,2025-11-02T17:07:44.000Z,https://www.trustpilot.com/review/petsbest.com?page=7
petsbest,6906f7ede0be9381ce28ce1a,5,Easy claim submission ,"I submit my claims online and then wait. they send me emails concerning my account and once they’re done, they send me the EOB’s.   ",0,False,False,2025-10-23T00:00:00.000Z,2025-11-02T08:19:25.000Z,https://www.trustpilot.com/review/petsbest.com?page=7
petsbest,6904e3f97f66074c3cb1e62f,5,Amazing pet insurance,Amazing pet insurance.  I now have peace of mind where my 3 dogs'  health is concerned.  I know I can get them the treatment they need when they are sick or injured. I am always reimbursed in a timely manner.,0,False,False,2025-10-21T00:00:00.000Z,2025-10-31T18:29:45.000Z,https://www.trustpilot.com/review/petsbest.com?page=7
petsbest,6903a92e3eef24e286158536,5,Pets Best is so Amazing,"Pets Best is so Amazing!  I enrolled my Shih Tzu, Bear, in 2021.  She has had 3 surgeries over the years, and she is going in for 3 surgeries-in-one in a few weeks. And after my $250 annual deductible Pets Best pays 90% of the cost. I do not know what Bear's future would like without Pets Best!",0,False,False,2025-10-28T00:00:00.000Z,2025-10-30T20:06:38.000Z,https://www.trustpilot.com/review/petsbest.com?page=7
petsbest,6903a37ee895eb4f1c83458c,5,Best Customer Service Rep Ever,"I called in to Pets Best to get support on a renewal, to make sure I could adjust my monthly premium in order to keep our insurance policy. I spoke with Daina and to be honest, she was so amazing that I don't think we can ever change pet insurance providers now. I've never experienced a customer support representative with the level of empathy and compassion as her, and we ended up chatting far and beyond! Not only did she EASILY and quickly offer the support I needed, it feels like I left the call with a new friend. 10/10 never experienced this from an insurance company and she needs a promotion!",0,False,False,2025-10-30T00:00:00.000Z,2025-10-30T19:42:22.000Z,https://www.trustpilot.com/review/petsbest.com?page=7
petsbest,6901745497b9493dba8d5415,5,Very quick turnaround,This is the quickest turnaround I think I have ever seen in an insurance company! Our claim was handled rapidly and efficiently. Thank you!,0,False,False,2025-10-20T00:00:00.000Z,2025-10-29T03:56:36.000Z,https://www.trustpilot.com/review/petsbest.com?page=7
petsbest,68fe4029c2c3a9ca81c4104d,1,A HUGE SCAM & WASTE OF MONEY,"Three months ago, I submitted a simple $90 claim for a urinalysis because my cat was showing delayed urination. The claim was initially denied because Pets Best said they didn't receive drs notes. I got them the drs notes and 6 weeks later, as well as 4 phone calls and three emails later (all a huge waste of my time, not even worth the $90 reimbursement), and the claim remains UNPROCESSED. Meanwhile, they have no trouble extracting $126 from me every month for their monthly fee. For what? SO I can waste my time on phone calls, emails, and paperwork? Save your money. Don't waste it on this scam of a company.",0,False,False,2025-10-13T00:00:00.000Z,2025-10-26T17:37:13.000Z,https://www.trustpilot.com/review/petsbest.com?page=8
petsbest,68fd3278ee54e054e3d8a4c3,5,Always very quick to respond,Always very quick to respond. Thank you!,0,False,False,2025-10-22T00:00:00.000Z,2025-10-25T22:26:32.000Z,https://www.trustpilot.com/review/petsbest.com?page=8
petsbest,68fd177b6b4823124297fe4d,5,Excellent pet insurance company,Excellent pet insurance company. They will reimburse you after your deductible usually within 30 days. Highly recommended. ,0,False,False,2025-10-25T00:00:00.000Z,2025-10-25T20:31:23.000Z,https://www.trustpilot.com/review/petsbest.com?page=8
petsbest,68fd09f7bb2c54b0bfead05f,3,Make sure it’s right for you ,Our dogs are generally healthy and haven’t had any big issues.  However the denial claims have been more frequent than not and they automatically disqualified our golden retriever for anything related to hip dysplasia and denied our rescue mix for a wellness benefit without cause.  I have regrets having been with Petsbest from the start.   Our GR’s premiums is now 400 a month which is the same as mine!  A 100 dollars a month increase from last year.    We are likely to now cancel our insurance with Petsbest.  I am disappointed that we have to do this.,0,False,False,2025-10-25T00:00:00.000Z,2025-10-25T19:33:43.000Z,https://www.trustpilot.com/review/petsbest.com?page=8
petsbest,68fcc84b9929a3026df7bee4,5,I wasn’t sure if the claim would be…,I wasn’t sure if the claim would be accepted but it was. The coverage is great. Thank you.,0,False,False,2025-10-21T00:00:00.000Z,2025-10-25T14:53:31.000Z,https://www.trustpilot.com/review/petsbest.com?page=8
petsbest,68fbce545c29f82704cb8067,1,Choose another company for your puppy's insurance. ,"Filed multiple claims for ER visits for my 1 year old puppy that all took place within a week. It took them almost a to payout any claim at all and when they did, they barely covered it. To be exact, they paid 1/3 the expense at most. They found any reason possible to deny coverage of medications, office visits, etc. Not happy with this insurance at all. ",0,False,False,2025-10-24T00:00:00.000Z,2025-10-24T21:07:01.000Z,https://www.trustpilot.com/review/petsbest.com?page=8
petsbest,68fa3df997a9c8abf2af4d4d,4,Relatively painless experience,"Relatively painless experience. I never felt like I was fighting for payouts. Everything that should be covered was covered with minimal (if any) denials. Two issues that kept me from giving 5 stars:
1) annual rates skyrocketed over the life of the pet (understandable, but still sticker shock), and 2) payouts were often months after the fact. If you can financially weather that, then no problem, but if paying a bill and waiting several months for reimbursement would disrupt your life, you should maybe look elsewhere",0,False,False,2025-10-23T00:00:00.000Z,2025-10-23T16:38:49.000Z,https://www.trustpilot.com/review/petsbest.com?page=8
petsbest,68f9540dfe434a8ea4289145,5,Works really fast and is detailed,Works really fast and is detailed. Easy to use and straight to the point. ,0,False,False,2025-10-20T00:00:00.000Z,2025-10-23T00:00:45.000Z,https://www.trustpilot.com/review/petsbest.com?page=8
petsbest,68f90a5c267e8c7d10b8407d,5,My experience with PetsBest is always…,My experience with PetsBest is always great! Very quick to reimburse on a claim and they communicate well with where they are in the process. ,0,False,False,2025-09-25T00:00:00.000Z,2025-10-22T18:46:20.000Z,https://www.trustpilot.com/review/petsbest.com?page=8
petsbest,68f76498fa310f94b06f36dd,2,Exceptionally slow claims processing ,"We selected Pets Best at the recommendation of friends, who said they were fast and easy to work with. 

This hasn't been our experience unfortunately. So far we've submitted 2 claims but both have taken a very long time to be resolved (2nd one has been pending for a month).",0,False,False,2025-10-21T00:00:00.000Z,2025-10-21T12:46:48.000Z,https://www.trustpilot.com/review/petsbest.com?page=8
petsbest,68f5a141319105cadd3aab2a,1,I have been waiting for payment for my…,"I have been waiting for payment for my cat's surgery. I have received communication from the company stating theinformation has bee submitted for approval since 09/25/2025. All information was sent. They have my phone number, email address and still no other contac5.",0,False,False,2025-09-25T00:00:00.000Z,2025-10-20T04:41:05.000Z,https://www.trustpilot.com/review/petsbest.com?page=8
petsbest,68f562a90f9f273eb07f23f7,5,Insurance for my new rescue ,"I purchased insurance for my new rescue dog, Franny. I also purchased the optional wellness option. I took Franny for her wellness checkup and it was so easy to take a picture of the invoice in the app. I was reimbursed the following day. Thankfully, I haven’t needed the illness insurance yet, but I’m so pleased with how easy it was to get reimbursed for wellness! ",0,False,False,2025-10-16T00:00:00.000Z,2025-10-20T00:14:01.000Z,https://www.trustpilot.com/review/petsbest.com?page=8
petsbest,68f51e9f34d058aa6f0d8aef,2,Bummed at coverage,"Unfortunately, I was forced to switch to Pet’s Best after the old insurance I had for 7+ years kept rising. As soon as I did, my poor dog started to have issues and Pet’s Best found every reason not to cover things. Where I was trying to save $, Pet’s Best has cost me more.",0,False,False,2025-08-31T00:00:00.000Z,2025-10-19T19:23:43.000Z,https://www.trustpilot.com/review/petsbest.com?page=8
petsbest,68f4e532ecf79cc1541870e6,5,Best insurance for my pet,"Best insurance for my pet!  The site is easy to navigate, easy to submit claims and very fair with reimbursements.  I've been a member for 10 8 years and hopefully for another many years.",0,False,False,2025-09-30T00:00:00.000Z,2025-10-19T15:18:42.000Z,https://www.trustpilot.com/review/petsbest.com?page=8
petsbest,68f4d62b1407271fd7f33392,5,Prompt and Trustworthy,I recently filed my first claim with Pets Best and was very satisfied with the experience. The claim was processed promptly and in full accordance with my policy. Their professionalism and reliability give me confidence in their coverage and service.,0,False,False,2025-10-19T00:00:00.000Z,2025-10-19T14:14:35.000Z,https://www.trustpilot.com/review/petsbest.com?page=8
petsbest,68f44cd332cc83daf7b988cb,5,Pets Best app is simple to use,Pets Best app is simple to use. Everything is explained and if you provide all the necessary paperwork the refund is in your bank account or mailbox quickly.,0,False,False,2025-10-07T00:00:00.000Z,2025-10-19T04:28:35.000Z,https://www.trustpilot.com/review/petsbest.com?page=8
petsbest,68f3e50c6bfe31bcb606dcdb,5,Thumbs up Pets Best Insurance,"I purchased Pets Best Health Insurance for my golden retriever when she was young. I would recommend insurance early in the dog's life before any preexisting conditions are identified. It was discovered that my dog has hip dysplasia. Pets Best has covered every claim that I've submitted, as described in my policy. Occasionally, there is a hoop to jump through with vet notes, but that should be expected to some degree. It does take a couple of weeks for a claim to process, which could improve, but overall, I would highly recommend Pets Best. ",0,False,False,2025-10-16T00:00:00.000Z,2025-10-18T21:05:48.000Z,https://www.trustpilot.com/review/petsbest.com?page=8
petsbest,68f3d3455be0be521951a390,2,Ver very slow pricessing,Ver very slow pricessing,0,False,False,2025-10-18T00:00:00.000Z,2025-10-18T19:49:57.000Z,https://www.trustpilot.com/review/petsbest.com?page=8
petsbest,68f3d2f5e23d0a6f45b3e6ea,5,Pets Best is really responsive with the…,"Pets Best is really responsive with the claims that I submitted. If theres a delay with processing the claims, I will be informed of that. I think for the most part, they are pretty fair with the claims ",0,False,False,2025-10-13T00:00:00.000Z,2025-10-18T19:48:37.000Z,https://www.trustpilot.com/review/petsbest.com?page=8
petsbest,68f2f1a7be75bbef9ab87355,2,I filed my first claim after 2 years of…,"I filed my first claim after 2 years of coverage. 

There is a LONG delay in receiving reimbursement and website is cumbersome and confusing. 

I keep receiving emails ‘apologizing for the delay’ but no explanation about why it’s taking so long. ",0,False,False,2025-10-17T00:00:00.000Z,2025-10-18T03:47:19.000Z,https://www.trustpilot.com/review/petsbest.com?page=8
petsbest,68f178f7f9ffce658f89837e,3,I am not being reimbursed as often as I hoped,I was disappointed this time about an ear infection not being covered as a illness. It was not a condition for which she had been previously treated so I believed it would be covered. It was discovered at her annual checkup but was a new illness.,0,False,False,2025-09-18T00:00:00.000Z,2025-10-17T01:00:07.000Z,https://www.trustpilot.com/review/petsbest.com?page=9
petsbest,68f13b96e3f9304b41cec587,2,Just slow and not the best insurance ,"Claim processing is rather slow. Customer service is rather slow.  I should’ve done more research before signing up with them because now that I know there are definitely other insurance companies that are better and at this point I’m kind of stuck with them because another insurance company won’t cover anything that’s already been covered they can consider it pre-existing so my dog deals with allergies and if I go to a different insurance company, they won’t cover the allergy treatments now. 

But at least it is some insurance and it’s somewhat covered so at least I’m getting something back although at a delayed pace and not at a high rate. ",0,False,False,2025-09-22T00:00:00.000Z,2025-10-16T20:38:14.000Z,https://www.trustpilot.com/review/petsbest.com?page=9
petsbest,68f00cad43acc47a3c0cfa29,5,One of the best insurance company for…,"One of the best insurance company for pets when it’s time to make a claim.  No hassle, super fast processing.  ",0,False,False,2025-10-12T00:00:00.000Z,2025-10-15T23:05:49.000Z,https://www.trustpilot.com/review/petsbest.com?page=9
petsbest,68efe8723e88bbe5ae48ea8f,4,Peace of Mind,"Having pet insurance has saved me time and again. It doesn't cover everything, but so far it's covered the unexpected things, like emergency visits and diagnostic testing. Sometimes there's a wait (4-6 weeks) before a claim is processed, but eventually it all works out. I do wish they covered more standard things, like vaccinations and preventatives, but overall, what I have gotten back is more than what I pay for the year. I don't hesitate over vet bills to make sure my dog gets the best care, and that's the best peace of mind. ",0,False,False,2025-10-15T00:00:00.000Z,2025-10-15T20:31:14.000Z,https://www.trustpilot.com/review/petsbest.com?page=9
petsbest,68efd7d776d4e4cbcccf62de,2,I've dealt with them several times and…,"I've dealt with them several times and have found them to be VERY SLOW in processing claims.  Additionally, they say they've paid a claim and it takes forever to actually receive it.  Also, when asked why it takes so long, they simply say ""short staffed.""  I made the comment, ""maybe I should have considered a different pet insurer,"" their response was simply, ""that's totally up to you.  I guess they figure that one less client means less claims to process.  I would seriously suggest that you consider other pet insurance options.",0,False,False,2025-10-15T00:00:00.000Z,2025-10-15T19:20:23.000Z,https://www.trustpilot.com/review/petsbest.com?page=9
petsbest,68eea8d73cedb13ab5233950,4,"Great plans, slow claims processing","The claims process has been the only drawback I have experienced. It is easy to submit a claim and check the status, but claims have routinely taken several weeks to process. With previous pet insurance companies, the turnaround time was within a few days. I do like the wide variety of coverage options that are customizable and reasonably priced compared to competitors. ",0,False,False,2025-10-14T00:00:00.000Z,2025-10-14T21:47:35.000Z,https://www.trustpilot.com/review/petsbest.com?page=9
petsbest,68ee67015e02bd32b0efac22,5,I thank God for PetsBest every day,I thank God for PetsBest every day! My poor dog has been so sick and without PetsBest we wouldn't have been able to continue treating her. This is one of the best things I could have ever done for my dog. Highly recommended if you have pets.,0,False,False,2025-10-10T00:00:00.000Z,2025-10-14T17:06:41.000Z,https://www.trustpilot.com/review/petsbest.com?page=9
petsbest,68ee5dcb25b4907c29d25d3f,5,Excellent,"Communicative, responsive and efficient/timely processing of our claim. We considered several different pet insurance providers and thankfully chose to go with Pet's Best. We've told several people about our experience and recommend them highly!",0,False,False,2025-10-01T00:00:00.000Z,2025-10-14T16:27:23.000Z,https://www.trustpilot.com/review/petsbest.com?page=9
petsbest,68ed586c86326e4c0e2966d3,2,We will be stopping our insurance,We will be stopping our insurance. The copay is $250 and our rates for the dogs have doubled. Financially it just doesn’t make sense. ,0,False,False,2025-10-06T00:00:00.000Z,2025-10-13T21:52:12.000Z,https://www.trustpilot.com/review/petsbest.com?page=9
petsbest,68eb8af40779ba31fbf67d7d,3,My wellness exam was misread.I was told…,My wellness exam was misread.I was told it was read by an automated system. Still waiting on the correction. The representative was very helpful.,0,False,False,2025-10-09T00:00:00.000Z,2025-10-12T13:03:16.000Z,https://www.trustpilot.com/review/petsbest.com?page=9
petsbest,68ea9b51bb305c1230274817,5,My invoice and payment was processed…,"My invoice and payment was processed within 24 hrs after received
",0,False,False,2025-10-08T00:00:00.000Z,2025-10-11T20:00:50.000Z,https://www.trustpilot.com/review/petsbest.com?page=9
petsbest,68e948528ce466a9225134a7,5,Great service,Efficient service most of the time. Easy to work with App for claims. Never have to argue for a claim. Trustworthy!,0,False,False,2025-10-10T00:00:00.000Z,2025-10-10T19:54:26.000Z,https://www.trustpilot.com/review/petsbest.com?page=9
petsbest,68e86ce54d2f701ba7d32517,1,You have the nerve to ask my opinion of…,"You have the nerve to ask my opinion of Pets Best after the way they have NOT paid our legitimate bills submitted?!!
This company sucks!!  I have submitted dental claims twice to no avail! This time the are going to pay $150 of a $1500. bill!!
That is rediculous!  I will not continue to pay a 3 month fee of > $266. for what I have received in return! You people are nuts!  I will also report this company!",0,False,False,2025-10-07T00:00:00.000Z,2025-10-10T04:18:13.000Z,https://www.trustpilot.com/review/petsbest.com?page=9
petsbest,68e7f3705076402562173c99,2,Better off self-insuring,"Slow, covered half of procedure. Better off self-insuring given premiums to benefit. ",0,False,False,2025-10-08T00:00:00.000Z,2025-10-09T19:40:00.000Z,https://www.trustpilot.com/review/petsbest.com?page=9
petsbest,68e6e88aa275be892cac307b,1,I’m sharing this review in hopes of…,"I’m sharing this review in hopes of sparing another pet owner from the difficult experience we had while filing a claim with Pets Best Insurance.

Our dog, Luna, has a pre-existing condition (seizures), which we fully disclosed to Pets Best before obtaining coverage. Recently, Luna experienced a water submersion incident that caused respiratory distress. She was treated by both our primary veterinarian and an emergency veterinary hospital. Pets Best covered the initial visit that morning, but denied coverage for the emergency hospital visit later that same day — the more significant portion of the expense.

Their justification was that Luna’s fall into the pool was caused by a seizure, a pre-existing condition, despite there being no clinical evidence of a seizure. In fact, the emergency veterinarian who treated Luna provided a written statement confirming that nothing indicated she had experienced one. Unfortunately, Pets Best chose to disregard that professional assessment and instead based their denial on a speculative comment my wife and I made, acknowledging Luna’s medical history and uncertainty about whether a seizure could have played a role.

In other words, Pets Best chose to rely on hearsay over the documented medical findings of a licensed veterinarian.

We understand that insurance companies must evaluate claims carefully, but this decision felt both unfair and deeply disappointing. From a business perspective, it’s also puzzling — had they covered this claim, they likely would have recouped the cost through our premiums within a year.

At the end of the day, we’re simply devoted pet parents advocating for our girl, who can’t speak for herself. Pets Best presents itself as a company that supports and protects pets and their families, but our experience suggests otherwise. I encourage anyone considering this company to do thorough research and find an insurer that truly prioritizes the well-being of your pets as much as you do.",0,False,False,2025-05-29T00:00:00.000Z,2025-10-09T00:41:14.000Z,https://www.trustpilot.com/review/petsbest.com?page=9
petsbest,68e6d04222cb065bfe542d5c,5,"Pets Best is the ""BEST""","I’ve been a Pets Best customer for a couple of years now, and I can honestly say it’s one of the best choices I’ve made for my pet’s health and my peace of mind. When my dog got sick, I was worried about how expensive the vet bills would be. Thankfully, Pets Best made the entire process simple and stress-free. Submitting a claim online was quick, and I received my reimbursement faster than I expected.

What really stands out about Pets Best is their transparency and excellent customer service. The coverage options are flexible, the monthly premiums are reasonable, and the policy clearly explains what’s covered — no hidden surprises. I also appreciate how easy it is to customize a plan that fits both my budget and my pet’s needs.

Thanks to Pets Best, I never have to hesitate when my pet needs care. They truly live up to their name — they’re the best! 🐶",0,False,False,2025-09-29T00:00:00.000Z,2025-10-08T22:57:38.000Z,https://www.trustpilot.com/review/petsbest.com?page=9
petsbest,68e6b06c6a5383dc0c6923a8,5,Fast response,Fast response,1,False,False,2025-10-07T00:00:00.000Z,2025-10-08T20:41:48.000Z,https://www.trustpilot.com/review/petsbest.com?page=9
petsbest,68e6ab9ad1c3846d718ebc06,5,Pets best had been my saving grace,"Pets best had been my saving grace. If not for them I may have not been able to give my dog the care she needed. I highly recommend them. And as a Grooming Shop owner I always push for my clients to get their pets covered. And Pets Best is the only place I recommend. Thank you for taking care of both my dog, Sadie 🌈💔 and me. Couldn't have had her for as long as I did with out Pets Best Insurance. ",1,False,False,2025-09-22T00:00:00.000Z,2025-10-08T20:21:14.000Z,https://www.trustpilot.com/review/petsbest.com?page=9
petsbest,68e6974b49e4519575d58c63,2,I’ve always used a different pet…,"I’ve always used a different pet insurance in the past and wanted to try a new one when we rescued our current dog. Past insurance companies the process was super simple and quick, with reimbursements within just a few days. Ever since I switched to Pets Best, the process takes almost a month each time. I want to continue to use Pets Best, but it shouldn’t take this long ",0,False,False,2025-10-08T00:00:00.000Z,2025-10-08T18:54:35.000Z,https://www.trustpilot.com/review/petsbest.com?page=9
petsbest,68e68652a2b1348e9bcd0945,1,BIG DISAPPOINTMENT,"After doing my research, I signed up with Pets Best and felt I had found a top pet insurance company, one I could really trust to help me take care of my dog -- and all went well for a while.  BUT, when I adopted two more dogs, I had difficulty getting their website to recognize that I now have THREE dogs and qualify for a multi-pet discount.  As a result, INSTEAD OF GETTING THEIR MULTI-PET DISCOUNT, somehow MY ORIGINAL DOG GOT A NEW POLICY TOO -- AND NOW HER ALLERGY PROBLEM IS CALLED ""PRE-EXISTING"" AND IS NO LONGER COVERED!!!!!!!  Even contacting Pets Best ""customer care"" and explaining the situation did no good.  WOW, talk about being disappointed!!!!  Bottom line, since no one will now cover her allergies, I'm switching companies just on principle and share this with the broader pet community as a word of caution!",0,False,False,2025-10-07T00:00:00.000Z,2025-10-08T17:42:10.000Z,https://www.trustpilot.com/review/petsbest.com?page=9
petsbest,68e67e5ee143507b02c97c89,4,Customer Service,Response time is great! Reimbursement time is also fast. ,0,False,False,2025-09-17T00:00:00.000Z,2025-10-08T17:08:14.000Z,https://www.trustpilot.com/review/petsbest.com?page=10
petsbest,68e67d1ea553c0236cd12990,2,Would not recommend,Had a very difficult time getting my claims processed and paid.  My vet sent them records - they say they did not get them - Had vet send them again - they confirm they got them - then a week later when I call back again they tell me they still need more records.  They never told me any of this.  Would not recommend.  Also was not aware that they have co-pays or co-insurance which they charge you for on every line item of your vet bill. ,0,False,False,2025-08-16T00:00:00.000Z,2025-10-08T17:02:54.000Z,https://www.trustpilot.com/review/petsbest.com?page=10
petsbest,68e61053fc032db16f7f7501,5,Excellent experience ,This company has always come through in a reasonable amount of time with a fair reimbursement. We have had an overall excellent experience with their website and their coverage and we are so pleased that we chose Pets Best.,1,False,False,2025-09-28T00:00:00.000Z,2025-10-08T09:18:43.000Z,https://www.trustpilot.com/review/petsbest.com?page=10
petsbest,68e3a15c5bc9d1871bcb82a1,3,I’m on the fence actually,"I’m on the fence actually. There are times when I have not received money back and it’s very disappointing. However, they are fast in refunding some of the money spent. ",0,False,False,2025-10-04T00:00:00.000Z,2025-10-06T13:00:45.000Z,https://www.trustpilot.com/review/petsbest.com?page=10
petsbest,68e2c1651bf9822c113749f2,5,Very understanding,Very understanding ,1,False,False,2025-09-10T00:00:00.000Z,2025-10-05T21:05:09.000Z,https://www.trustpilot.com/review/petsbest.com?page=10
petsbest,68e2b9a65c61a9c83d2dc1df,4,Straightforward & reliable,"Compared to the two previous insurers I've used, PB has been reliable, straightforward and accessible.  They get backed up from time to time, but always let you know they haven't forgotten about you.  What more can you ask for in an insurer? ",0,False,False,2025-10-05T00:00:00.000Z,2025-10-05T20:32:06.000Z,https://www.trustpilot.com/review/petsbest.com?page=10
petsbest,68e2af8542b5953da451cd4c,5,Very happy with the coverage.,Very happy with the coverage.,0,False,False,2025-10-03T00:00:00.000Z,2025-10-05T19:48:53.000Z,https://www.trustpilot.com/review/petsbest.com?page=10
petsbest,68e15a66fc34e112b703e4b3,3,Took way too long and too much wasn't…,Took way too long and too much wasn't covered. In an emergency situation they should just cover it all,0,False,False,2025-09-10T00:00:00.000Z,2025-10-04T19:33:26.000Z,https://www.trustpilot.com/review/petsbest.com?page=10
petsbest,68e01c9011a791462b7f976a,5,Thanks so much for your help,Thanks so much for your help. I always had the best experience dealing with Pets Best. ,1,False,False,2025-10-01T00:00:00.000Z,2025-10-03T20:57:20.000Z,https://www.trustpilot.com/review/petsbest.com?page=10
petsbest,68e00e8502d73cd83f6f83d0,5,Fast payment and good communication ,Fast payment and good communication,1,False,False,2025-08-05T00:00:00.000Z,2025-10-03T19:57:25.000Z,https://www.trustpilot.com/review/petsbest.com?page=10
petsbest,68dedcd993cf6e9c4875c81b,5,The great and the bad ,"Reimbursement and customer service for claim errors has been top notch. The app used to be great and easy but now it is terrible. The Face ID no longer works, no longer saves my login. I can see basic info but then if I want to see claims or change, it opens a browser within the app to login again which is weird. But no matter how many times that browser comes up, it thinks it’s a new device and needs to be verified with email every time although always the same device and always through the app. Sometimes it just glitches and says unavailable. Weird. Am worried how much it’ll be raised after claims. ",1,False,False,2025-10-02T00:00:00.000Z,2025-10-02T22:13:13.000Z,https://www.trustpilot.com/review/petsbest.com?page=10
petsbest,68debfc44c5b60a4093be576,5,Great response time.,Great response time.,0,False,False,2025-09-29T00:00:00.000Z,2025-10-02T20:09:08.000Z,https://www.trustpilot.com/review/petsbest.com?page=10
petsbest,68debc3ee7bb0a054b045a75,5,Easy to submit claims,"Easy to submit claims, quick response on the claim and reimbursement process",0,False,False,2025-10-01T00:00:00.000Z,2025-10-02T19:54:06.000Z,https://www.trustpilot.com/review/petsbest.com?page=10
petsbest,68dd63a92a2fcea4169ea83b,5,Extremely excellent company very happy!I refer them a lot best for the…,Since I've been using pets best for the past two and a half years I've been very happy and excited that they've been so good about processing all of my bills for Sasha because he was not suffering from anything until recently when he developed diabetes and I've been extremely happy with the quick turnaround time and the wonderful people have talked to in processing his claims! It's hard enough having a dog that's sick but then when you have a good insurance company you know you could have them go to a good specialist and it's covered which I greatly appreciate!,1,False,False,2025-09-28T00:00:00.000Z,2025-10-01T19:23:53.000Z,https://www.trustpilot.com/review/petsbest.com?page=10
petsbest,68dd61b8bbf65d52bcd6b2c6,1,Doesn’t cover much,Doesn’t cover much ,0,False,False,2025-10-01T00:00:00.000Z,2025-10-01T19:15:36.000Z,https://www.trustpilot.com/review/petsbest.com?page=10
petsbest,68dd491f0d0b1df3b0ebd28e,5,Quick response to all my questions,Quick response to all my questions.  Quick evaluation of the claims and documents.  ,1,False,False,2025-09-08T00:00:00.000Z,2025-10-01T17:30:39.000Z,https://www.trustpilot.com/review/petsbest.com?page=10
petsbest,68dadc08514b48ebf2c37121,5,Easy claim submission and equitable…,Easy claim submission and equitable reimbursement ,0,False,False,2025-09-29T00:00:00.000Z,2025-09-29T21:20:40.000Z,https://www.trustpilot.com/review/petsbest.com?page=10
petsbest,68dac74e8c3173ec54f2e56f,3,Poliy Renewal Questions,"This was my 2nd phone call to Pets Best to discuss options for my policy renewal.  I spoke to the same person both times.  Although she did answer my questions, she did not seem at all friendly and did not have very good PR/communication skills.  Chewy customer service is the BEST.  Whenever I call they make me feel appreciated as a customer.  ",0,False,False,2025-09-29T00:00:00.000Z,2025-09-29T19:52:14.000Z,https://www.trustpilot.com/review/petsbest.com?page=10
petsbest,68d9d8bf289746fbc6424e53,5,Pets Best…Best Pet Insurance company ,Have insured our dogs with Pets Best for over five years. The entire experience has been exactly as hoped. Starting with choices on policy preferences and pricing. Onto claims submission and payment. In every case Pets Best is five stars. We are so glad to have made the decision to insure with Pets Best.,1,False,False,2025-07-07T00:00:00.000Z,2025-09-29T02:54:24.000Z,https://www.trustpilot.com/review/petsbest.com?page=10
petsbest,68d99a7d1d49317646c5f07c,1,"THE WORST PET INSURANCE COMPANY. Terrible and slow customer service, dodgy practices, deny legitimate claims.","I am writing this review to warn other pet owners. We purchased a top-tier, unlimited-benefit plan from Pets Best, believing we were doing the responsible thing for our dog. When she needed a necessary $6,500 surgery, our claim was denied.

The denial was based on a ""pre-existing condition"" from a minor, completely resolved skin issue that occurred in another country over two years (29 months) before our policy even started. We appealed, providing clear evidence that the two issues were unrelated. Most importantly, we submitted a formal letter from our board-certified veterinary surgeon who explicitly stated that the conditions were ""clinically distinct"" and that the new problem was triggered by environmental factors after our policy was in effect.

Pets Best ignored the specialist's expert medical opinion and upheld their denial through two separate appeals.

If you are looking for an insurance company that will stand by you, look elsewhere. Pets Best has shown that they will use any loophole in their policy to deny a legitimate claim, even when faced with overwhelming medical evidence to the contrary. They do not operate in good faith. 

We have since canceled our policy and strongly advise other pet owners to avoid this company.",0,False,False,2025-09-23T00:00:00.000Z,2025-09-28T22:28:45.000Z,https://www.trustpilot.com/review/petsbest.com?page=10
