provider,review_id,rating,title,text,likes,filtered,pending,experienced_date,published_date,source_url
healthypaws,695c4e45e7d6daad2b85f97b,5,Healthy Paws has always been there for us. ,"It’s terrible having a beloved pet in distress. We knew, however, that Healthy Paws had us covered which made a rough situation far more tolerable. ",0,False,False,2026-01-05T00:00:00.000Z,2026-01-06T01:50:29.000Z,https://www.trustpilot.com/review/www.healthypawspetinsurance.com?page=1
healthypaws,695c3d805d1eecc554b79717,5,Healthy Paws Experience,"I've had an excellent experience with Healthy Paws. My 11-year-old Pomeranian has developed a slew of health issues as she's gotten older, and I've never had to worry since everything has been 100% covered with a 70% reimbursement. ",0,False,False,2026-01-05T00:00:00.000Z,2026-01-06T00:38:56.000Z,https://www.trustpilot.com/review/www.healthypawspetinsurance.com?page=1
healthypaws,695bdc357baa91857d285ab4,2,Avoid Healthy Pet insurance through Chubb,"I've had Health Pet insurance for my two cats for 9 years with gradual increases in premium. Now on 12/28/25 they increase the monthly from $189 to $471 without my acceptance or approval! And when I see the charge and try to cancel they are ""closed"" for the holiday! I send and email but when I do talk to an agent am told they sent a notice in October. I go back through all emails. No notice. And shouldn't they require an approval of a jump like that?? Now they don't want to refund it all but prorate from the day of contact snd charge a $14 processing fee! 
They can send a text to wish your cat Happy birthday but not to tell you you premium is going up almost $300!! ",0,False,False,2026-01-05T00:00:00.000Z,2026-01-05T17:43:49.000Z,https://www.trustpilot.com/review/www.healthypawspetinsurance.com?page=1
healthypaws,695ad8b83451a30c02903153,5,Healthy Paws ,Healthy Paws was quick to reimburse me. They always check in to see how my pet is doing too,0,False,False,2025-12-18T00:00:00.000Z,2026-01-04T23:16:40.000Z,https://www.trustpilot.com/review/www.healthypawspetinsurance.com?page=1
healthypaws,6959466d78176cbb925f6505,5,Been very impressed with Health Paws,Been very impressed with Health Paws.  Have had it for maybe 10 years now and they always promptly pay every claim with no hassle.  I wish my human health insurance carrier was as easy to deal with!,0,False,False,2026-01-03T00:00:00.000Z,2026-01-03T18:40:13.000Z,https://www.trustpilot.com/review/www.healthypawspetinsurance.com?page=1
healthypaws,6958342013c5aaa7327a7e2f,5,This was my second claim for my…,"This was my second claim for my Shih tsu. Same diagnosis of HGE. Took her to an emergency VEG facility. Were she was given excellent care. I submitted my claim to Healthy Paws. My claim was accepted with no issues. I was reimbursed with no hassle accordingly to my insurance coverage. I highly recommend this pet insurance company.
",0,False,False,2025-12-31T00:00:00.000Z,2026-01-02T23:09:52.000Z,https://www.trustpilot.com/review/www.healthypawspetinsurance.com?page=1
healthypaws,6956c62ad5fccde43b9b27bb,2,Rates have doubled. No allergy coverage,Rates have doubled in the time my pet has been covered. They don’t cover allergy meds which has been our biggest expense over the years. Will not be using them for future pets,0,False,False,2026-01-01T00:00:00.000Z,2026-01-01T21:08:26.000Z,https://www.trustpilot.com/review/www.healthypawspetinsurance.com?page=1
healthypaws,6955c25bc3faa52a9e28484a,1,"HEALTHY PAWS HAS TURNED BAD, AND UNRECOGNIZABLE ","Healthy Paws has turned unrecognizable; what was once a good company, sucks, today. Half of my calls to Healthy Paws are disconnected by their incompetent, off-shore, Customer Service (a misnomer) personnel. Healthy Paws has outsourced their once USA/domestic Customer Service, to a Third-World country, abominable, call center for Customer Support. These, off-shore personnel are as incompetent as is their command of the English language. Multiple claims that we have sent to Healthy Paws, via email, have been lost; in addition, we no longer receive the automatic reply that we used to receive, when we filed a claim. Healthy Paws has turned unrecognizable, and unacceptable. We have been clients of Healthy Paws for over 20 years, with multiple dogs, and we are stuck with Healthy Paws, as our dogs are sufficiently old to have preexisting conditions, which no new insurance company will assume. My best advice to a pet owner, considering Healthy Paws, DON’T, LOOK ELSEWHERE. Healthy Paws sucks. ",0,False,False,2025-12-29T00:00:00.000Z,2026-01-01T02:39:55.000Z,https://www.trustpilot.com/review/www.healthypawspetinsurance.com?page=1
healthypaws,69546d7775ff11502c89915d,1,Let down after 9 years with Healthy Paws!,"My dog has been with Healthy Paws for 9 years on the 12th of December 2025 my dog was taken into emergency & kept until December 16th.
I submitted my claim to Healthy Paws they told me that my policy had changed on the 14th of the month (December) reducing my reimbursement to 70% from 90% !!!
Leaving me with a hefty bill.
I disputed the claim andI’m still waiting to hear back.",0,False,False,2025-12-16T00:00:00.000Z,2025-12-31T02:25:27.000Z,https://www.trustpilot.com/review/www.healthypawspetinsurance.com?page=1
healthypaws,695431424c374a558bec93b6,5,Thank you ,"This is the second dog that we have had with HP Insurance. The process of submitting claims and receiving feedback/communication was above and beyond what I was expecting. This last claim was the biggest we have ever submitted, even when we had our dog Zoey Peele (RIP). I submitted 65 pieces of paperwork regarding Nala's injury, and when I tell you the process was dummy-proof (LOL), it truly was. I also thought because the bill was so much, that it would take a few months for everything; NOPE! We got back our money within 2 weeks of submitting, and that was right before Christmas, so needed. My co-worker has pet insurance with a different company and could not beleive HP process and quickness. His dog has a major injury months ago and it took them close to 6 months for a $6k claim. Once again thank you so much for making this process so easy. ",0,False,False,2025-12-02T00:00:00.000Z,2025-12-30T22:08:34.000Z,https://www.trustpilot.com/review/www.healthypawspetinsurance.com?page=1
healthypaws,6953c3b69a160b0cddbf6804,5, Amazing Experience,"My dog cut her paw badly outside and we don’t know what she cut it on. We have 4 weeks of treatment and hospital stays. Our vet is amazing and Healthy paws made it less stressful knowing we had help to pay for her vet bills. Submitting claims was extremely easy, review of claim and payment was quick.  100% recommend Healthy Paws for pet insurance. ",0,False,False,2025-11-25T00:00:00.000Z,2025-12-30T14:21:10.000Z,https://www.trustpilot.com/review/www.healthypawspetinsurance.com?page=1
healthypaws,69538629e8fd7639a786be9f,5,Our claim was handled quickly.,"Our claim was handled quickly when our Shih Tzu suddenly became acutely ill, Our dog was take to an emergency animal hospital and was hospitalized for several days. We were grateful to have Healrhy Paws Insurance during this time of great need.",0,False,False,2025-12-16T00:00:00.000Z,2025-12-30T09:58:33.000Z,https://www.trustpilot.com/review/www.healthypawspetinsurance.com?page=1
healthypaws,6953626d816209c84003481d,1,Disappointment ..,"Their customer service agents are horrible. They wanted all this medical history for a $16 supplement.. they eventually paid me for all of the submissions but when your dog is having liver issues and your vet said they might not make it, the last thing you want to do is argue with Healthy Paws. One agent, Ron, said we need to make sure it’s not a pre existing condition. I told him she was with them since I got her for 8 years.. she had no pre existing conditions that you can use an an excuse to not cover. So incredibly rude.
She needed emergency hospitalization and they said.. “email us and we will call you for direct pay request.” I’m sorry do u know what emergency means?
ABSOLTLEY horrible service in my time of need… also.. their monthly premium goes up 50% every year.. and they don’t cover her prescription food. Which is nonsense because they cover prescriptions. I’m so disappointed.. so upset I paid so long into an insurance for almost a decade to be treasured like this in a time where my dog needed them most. Thank God she’s better.. just go somewhere else ..",0,False,False,2025-12-08T00:00:00.000Z,2025-12-30T07:26:05.000Z,https://www.trustpilot.com/review/www.healthypawspetinsurance.com?page=1
healthypaws,69535b3ac652c2c1a5c9c019,5,11 years of positive experiences …,Over the 11 years Luke has been insured with Healthy Paws we have had nothing but positive experiences with his claims. It is such peace of mind knowing that I can afford to get him the medical care he needs. Thank you very much for making his life better when it’s needed!,0,False,False,2025-12-11T00:00:00.000Z,2025-12-30T06:55:23.000Z,https://www.trustpilot.com/review/www.healthypawspetinsurance.com?page=1
healthypaws,695326d645c7ed994291a4fb,5,Healthy Paws is the best,"I actually posted on Facebook five years ago when I signed up for Healthy Paws. Without any encouragement from the company, I wanted my friends to know how good they are. You get what is stated - no surprises.  I have gotten reimbursed several times within 24 hours. I love my pets and knowing I have good insurance takes a lot of the stress away. 
My first experience with a company that will go unnamed was very different. Always nickel and diming, taking up to three months to pay. Yes, healthy paws is more expensive, but worth every penny. 
Big piece of advice- sign up as soon as you bring your pet home. This way you will not have to deal with pre-existing conditions if your pet is puppy age. And you pay a lot less for puppies. ",0,False,False,2025-12-22T00:00:00.000Z,2025-12-30T03:11:50.000Z,https://www.trustpilot.com/review/www.healthypawspetinsurance.com?page=1
healthypaws,69530c44dcf9f7f0365475bd,5,First time I ever had Kitty Health insurance! ,"First time I ever had kitty insurance, and would recommend HIGHLY!  Used my policy once in 9 years, then kitty had a a major emergency.  Do your homework, I did. Compare coverage, limits/caps, deductibles, etc.

Healthy Paws covered an unexpected  medical crisis and allowed me to get the best care and a treatment plan that I could afford. 

Reimbursement was prompt, and easier to do than it used to be, downloaded snapshots and emailed right in. Direct deposit payouts. No fax, snail mail, etc, but you can submit claims that way.",0,False,False,2025-12-15T00:00:00.000Z,2025-12-30T01:18:28.000Z,https://www.trustpilot.com/review/www.healthypawspetinsurance.com?page=1
healthypaws,6952d09737998eab38c201f8,5,Has great communication,"Has great communication, explained and helped out my situation thoroughly. My cat is still alive to this day because of them! ",0,False,False,2025-12-15T00:00:00.000Z,2025-12-29T21:03:51.000Z,https://www.trustpilot.com/review/www.healthypawspetinsurance.com?page=1
healthypaws,69502d8449b72200343708a2,5,Highly recommend ,"Amazing care, communication and responsiveness. Dr. Radzicky goes above and beyond for the animals she cares for, and for their owners. Dr. Wilson is caring and thorough and makes sure pets and their owners are well taken care of. Highly recommended!",0,False,False,2025-12-18T00:00:00.000Z,2025-12-27T21:03:32.000Z,https://www.trustpilot.com/review/www.healthypawspetinsurance.com?page=1
healthypaws,694fe4458af5e4a221db4cc3,5,Highly Recommend for Pet Parents,"I've had Healthy Paws for 9 years with my pup, and it has been a lifesaver on so many occasions. We've had our fair share of issues - GI issues, foreign object removal, chronic UTI, and other random sicknesses. It has saved me thousands of dollars and provided complete peace of mind whenever issues arise (and they will!). Healthy Paws is super responsive and reimburses very quickly. I highly recommend Healthy Paws to anyone considering adding a furry friend to their family. ",0,False,False,2025-12-17T00:00:00.000Z,2025-12-27T15:51:01.000Z,https://www.trustpilot.com/review/www.healthypawspetinsurance.com?page=1
healthypaws,694f63da8177fc8e6340c734,5,Healthy Paws made a tough experience so…,Healthy Paws made a tough experience so much easier. Thank you. Have my 3 dogs insured and they’ve always been so easy to deal with ,0,False,False,2025-12-06T00:00:00.000Z,2025-12-27T06:43:06.000Z,https://www.trustpilot.com/review/www.healthypawspetinsurance.com?page=1
healthypaws,694f255044f580bdc1f8bfd4,5,Best Insurance Out There,"We have 2 of our pups insured since they were puppies and it was the best thing we've done for them. One of them is super healthy so we've only had to use the insurance a couple of times due to accidents. However, our other baby is a sickly one and Healthy Paws has been a life safer when it comes to being there to help us lift that financial burden that comes with it. The turn around for refunds is so easy and so fast. I recommend this pet insurance company to those looking for the best care to protect their loved ones.",0,False,False,2025-12-26T00:00:00.000Z,2025-12-27T02:16:16.000Z,https://www.trustpilot.com/review/www.healthypawspetinsurance.com?page=2
healthypaws,694f0fa112fa8e736932f166,5,great coverage,"great coverage, reasonably priced and easy to submit claims. Even covered our dog's CCL surgery!",0,False,False,2025-12-26T00:00:00.000Z,2025-12-27T00:43:45.000Z,https://www.trustpilot.com/review/www.healthypawspetinsurance.com?page=2
healthypaws,694eaa62ce6c39db2219781b,3,I didn’t like how complicated direct…,I didn’t like how complicated direct deposit is to set up. It takes way too long and the app is glitchy. I had to submit by direct deposit three times and it’s still pending for days despite a previous claim already being directly deposited. ,0,False,False,2025-12-26T00:00:00.000Z,2025-12-26T17:31:46.000Z,https://www.trustpilot.com/review/www.healthypawspetinsurance.com?page=2
healthypaws,694dd7ab160a468c9f1466e2,5,Great response time,Great response time.   friendly and helpful customer service.  I am very pleased!   I have had healthy paws for close to 10 years.,0,False,False,2025-12-22T00:00:00.000Z,2025-12-26T02:32:43.000Z,https://www.trustpilot.com/review/www.healthypawspetinsurance.com?page=2
healthypaws,694d6462823c6cba616e0bd2,1,Terrible Eye opening Experience,I submitted a claim by U.S. Mail. I called and emailed to ask if they received it. They responded only after they closed the claim because I didn't send the information. Terrible experience my dog is now 10 no one wants to insure him,0,False,False,2025-10-15T00:00:00.000Z,2025-12-25T18:20:50.000Z,https://www.trustpilot.com/review/www.healthypawspetinsurance.com?page=2
healthypaws,694c7c9095b8cc91faf328b1,5,game changing for my dog ,"Having pet insurance has been a game changer for the care I’m able to provide for my dog! When I rescued Lucy (she was 4 months old and in great health!) I hoped I’d never need it but always wanted to have it, just in case. Over the years (Lucy is almost 11 years old!!) Healthy Paws has come in SO clutch. Between a mast cell tumor removal (success!), emergency surgery to remove a foreign object (a rock!!), 2 ACL repairs, a splenectomy and other unexpected vet visits/expenses, I truly couldn’t do this without Healthy Paws. I’m so happy with my plan, the easy-to-use mobile app, the friendly customer service and the quick turn around time after claims are submitted. I’ve literally saved thousands of dollars and Lucy is doing wonderfully. 10/10!",0,False,False,2025-12-24T00:00:00.000Z,2025-12-25T01:51:45.000Z,https://www.trustpilot.com/review/www.healthypawspetinsurance.com?page=2
healthypaws,694b6cbf18e142cb01fb218b,5,Customer service was awesome,"When I received a letter stating that my claim was denied, I immediately called customer service. I was in a heightened state of anxiety; The representative ( JJ?) was so understanding, patient, and kind as we went through my claims. Within a few days everything was sorted and my checks arrived shortly thereafter. I am so very grateful and thrilled with Happy Paws! Thank you",0,False,False,2025-12-05T00:00:00.000Z,2025-12-24T06:31:59.000Z,https://www.trustpilot.com/review/www.healthypawspetinsurance.com?page=2
healthypaws,694afef61d3ccde284f07193,5,Healthy Paws has really streamlined the…,"Healthy Paws has really streamlined the claims process and made it very efficient.  Everything is submitted online; they immediately send you an email acknowledging that they have received your claim and are working to process it within 10 days.  This process helped alleviate a ton of stress when my dog, Coco, was diagnosed with mast cell cancer.  She underwent two tumor removals which were sent out to be graded.  I was pretty upset and anxious and had to pay out of pocket a pretty significant amount.  However, I have had Healthy Paws since I first adopted Coco almost 14 years ago and her surgery, diagnosis, meds, and follow up appointments were all covered.  I highly recommend Healthy Paws to other pet parents.",0,False,False,2025-12-11T00:00:00.000Z,2025-12-23T22:43:34.000Z,https://www.trustpilot.com/review/www.healthypawspetinsurance.com?page=2
healthypaws,694aba1a2d99a4c09d4fd15f,5,Healthy paws has been the biggest help…,Healthy paws has been the biggest help with our puppy breaking her leg ): i don’t know what we would’ve done if we didn’t have healthy paws insurance .,0,False,False,2025-12-10T00:00:00.000Z,2025-12-23T17:49:46.000Z,https://www.trustpilot.com/review/www.healthypawspetinsurance.com?page=2
healthypaws,694a0565b596d0ae05af1a03,5,Healthy Paes is great insurance,Healthy Paes is great insurance. The are responsive and very fast in processing claims.They give a very good value for the price.,0,False,False,2025-12-22T00:00:00.000Z,2025-12-23T04:58:45.000Z,https://www.trustpilot.com/review/www.healthypawspetinsurance.com?page=2
healthypaws,69488b9ee2bfb0726fe04682,2,Delay delay delay deny,Healthy paws kept asking for more records.  They then refused to talk to the billing employee at my vets office.  I had previously signed a release and told them in my numerous emails to contact my vet.  When the vets office tried to talk to them they hung up.  ,0,False,False,2025-12-11T00:00:00.000Z,2025-12-22T02:06:54.000Z,https://www.trustpilot.com/review/www.healthypawspetinsurance.com?page=2
healthypaws,6946af9bcb4ffa1aa5774977,5,Pays fast,They pay fast. I submitted a claim this past week and it was paid within 3 hours.,0,False,False,2025-12-16T00:00:00.000Z,2025-12-20T16:15:55.000Z,https://www.trustpilot.com/review/www.healthypawspetinsurance.com?page=2
healthypaws,69468ef0b04928fc3cb86b71,4,Healthy Paws paid immediately in a day…,"Healthy Paws paid immediately in a day or two when my cat was suddenly diagnosed w kidney injury and kidney disease. It was a great relief, given the daunting bills and they paid much of an ER visit. I highly recommend them!!",0,False,False,2025-12-12T00:00:00.000Z,2025-12-20T13:56:32.000Z,https://www.trustpilot.com/review/www.healthypawspetinsurance.com?page=2
healthypaws,6945b03039321979d13b3056,5,Best Pet Insurance Hands Down!,"Healthy Paws pet insurance is undoubtedly the BEST thing I ever signed up for when I got my three Yorkies! After reading about all the potential health issues Yorkies are prone to, I was convinced that pet insurance was a necessity. Thankfully, I got Healthy Paws when they were just puppies. My oldest Yorkie has had just about every ailment a Yorkie can have including two ACL surgeries, pancreatitis, diabetes, and cataract surgery due to the diabetes to restore her vision. These health issues have amounted to costs in the tens of thousands of dollars. Luckily, with a 90% Healthy Paws policy, I never had to say no to a surgery or treatment that I may not have been able to afford without pet insurance. The monthly premium payments are very reasonable and do not increase based on claims. Claims are super easy to submit in the app with just a picture and a few clicks.  Also, payments on claims typically only take a few days and can be directly deposited into your bank account. My fur baby will need insulin injections and prescription eye drops for the rest of her life, but these items are covered (including the syringes) by Healthy Paws. I am so thankful for Healthy Paws and the peace of mind it has given me. I can now look forward to many more healthy years with my precious fur babies. Do not hesitate if you are on the fence. GET HEALTHY PAWS TODAY!!",0,False,False,2025-12-15T00:00:00.000Z,2025-12-19T22:06:08.000Z,https://www.trustpilot.com/review/www.healthypawspetinsurance.com?page=2
healthypaws,69458008852a5f7bada159ec,2,watch for the bump,I have always had a good experience with healthy paws though I never used them much. I have been with them about 10 years and paid about 11k in premiums with use only one time.Then when my dog turned 12 and might start needing a vet more my rate went from 120.00 to 360.00 a month.I can't afford that its more then my health insurance. I realize as dog gets older they need more care but to triple the rate and not to mention the premiums I paid for 10 years seems a little to much for me,0,False,False,2025-12-19T00:00:00.000Z,2025-12-19T18:40:40.000Z,https://www.trustpilot.com/review/www.healthypawspetinsurance.com?page=2
healthypaws,6945708085bb4a6146f3d5ed,5,One of our dogs has lymphoma...,One of our dogs has lymphoma so the bills for treatment stack up quickly. Filing a claim is easy with the app. Claims are paid quickly and deposited to my account. It is great to not stress about the bills and insurance and be able to focus on keeping our dog comfortable. ,0,False,False,2025-12-19T00:00:00.000Z,2025-12-19T17:34:24.000Z,https://www.trustpilot.com/review/www.healthypawspetinsurance.com?page=2
healthypaws,6945550135facf1e38ab8d3d,5,Healthy Paws pet insurance has allowed…,Healthy Paws pet insurance has allowed us to make sure our pup gets all the care she needs.  She has extreme allergies and has had skin issues requiring surgeries recently.  The rates are reasonable & the coverage is great.  So easy to submit claims and reimbursement is direct deposit to my bank account in less than a week.,0,False,False,2025-12-19T00:00:00.000Z,2025-12-19T15:37:05.000Z,https://www.trustpilot.com/review/www.healthypawspetinsurance.com?page=2
healthypaws,6944b19500e4c97ddf0a2b56,5,My cat Lupin suddenly had an acute…,"My cat Lupin suddenly had an acute urinary obstruction, which is a life threatening emergency. We first went to a vet urgent care and it took them 6 hours to unblock his obstruction. We then had to take him to a hospital for 36 hour monitoring, which is needed because the chance of reconstruction is highest in this period. Needless to say, this was all very unexpected. And VERY expensive. I am so grateful we had Healthy Paws for Lupin, and they were able to reimburse 80% of his urgent care and hospital cost. If you love your pet and want them to be with you for as long as possible, getting pet health insurance is a MUST. It's extremely worth investing in a good company for your pet as soon as possible, because if you have to switch later for whatever reason, pre-existing conditions will become an issue. I'm really grateful I chose Healthy Paws early on and they have been so helpful when emergencies like this happen.  ",0,False,False,2025-12-18T00:00:00.000Z,2025-12-19T03:59:49.000Z,https://www.trustpilot.com/review/www.healthypawspetinsurance.com?page=2
healthypaws,6944a9e5d67970434fa73eaa,5,Great company ,Healthy Paws is the best they take care of you. They’re fair. They’re honest great customer service I highly recommend them.,0,False,False,2025-12-01T00:00:00.000Z,2025-12-19T03:27:01.000Z,https://www.trustpilot.com/review/www.healthypawspetinsurance.com?page=2
healthypaws,69448dabce9263c9f7c5a993,5,Get Pet Insurance !!,"We adopted a rescue pup when she was 7 weeks old and immediately got insurance from Healthy Paws. The best decision. Our pup has severe allergies and most recently had a mast cell tumor removed. Healthy Paws has a quick turnaround on reimbursement and they make it so easy. Which is invaluable when you are already dealing with the stress of medications, vet visits and recovery. Healthy Paws has made it possible for our pup to get the immunotherapy and allergy medications she needs plus her recent surgery. We were blindsided by the mast cell tumor and worrying about the cost was not a part of the equation because of Healthy Paws. We didn’t hesitate to have it removed. We submitted the claim immediately and were reimbursed within 48 hours.  Our pup is the 3rd one we’ve had with Healthy Paws.   Hands down the best. ",0,False,False,2025-12-09T00:00:00.000Z,2025-12-19T01:26:35.000Z,https://www.trustpilot.com/review/www.healthypawspetinsurance.com?page=2
healthypaws,69445e79aa588323988376de,1,Hiked up rates,"We have used Healthy Paws for two dogs for 10 years now. Gradual increases are expected on our rate but we went from $250 a month to $1,000 per month. This is unethical and bad faith business practices.",0,False,False,2025-06-01T00:00:00.000Z,2025-12-18T22:05:13.000Z,https://www.trustpilot.com/review/www.healthypawspetinsurance.com?page=3
healthypaws,6944103c1f34ba75bd0c6603,5,Healthy Paws continues to come through for us.,Healthy paws con,0,False,False,2025-12-02T00:00:00.000Z,2025-12-18T16:31:24.000Z,https://www.trustpilot.com/review/www.healthypawspetinsurance.com?page=3
healthypaws,69437ce0f80e13bcec37866f,5,Excellent they are efficient caring and…,Excellent they are efficient caring and provide peace of mind. I love the insurance they provide. ,0,False,False,2025-11-27T00:00:00.000Z,2025-12-18T06:02:40.000Z,https://www.trustpilot.com/review/www.healthypawspetinsurance.com?page=3
healthypaws,69437bf12c21b3708a0d15e2,1,Stay away from Healthy Paws,"I have had multiple dogs insured by several companies. I would stay away from Healthy Paws.  They have he weakest coverage of the unlimited policy carriers. However, far worse is their bait and switch model.  They may be the cheapest unlimited policy one can find for a young dog but by the time it reaches 7 years old this will be by far the highest priced policy of any of them. It seems they are trying to force  older dog’s policies to be cancelled and many are. They were the subject of a class action lawsuit that was settled because of this bait and switch model and if we are all lucky they will be sued again. Trupanion is a probably the best choice, they are a little higher to start but the rise with age is steady, it doesn’t double and triple like Healthy Paws, so  by the time they are old it’s going to be far less. There are other companies with unlimited policies as well that can be trusted, but not Healthy Paws.  ",0,False,False,2025-12-17T00:00:00.000Z,2025-12-18T05:58:41.000Z,https://www.trustpilot.com/review/www.healthypawspetinsurance.com?page=3
healthypaws,6943659cfe2b2868b6d435c0,5,I was always told that pet insurance…,I was always told that pet insurance would try and avoid coverage at any cost but my experience with Healthy Paws has been the opposite.  I recommend them to everybody looking for pet insurance.  ,0,False,False,2025-12-17T00:00:00.000Z,2025-12-18T04:23:24.000Z,https://www.trustpilot.com/review/www.healthypawspetinsurance.com?page=3
healthypaws,6943467b31eaca096d0e6ec4,5,Timely Payment ,Heathy Paws always pays the reimbursement checks fast. ,0,False,False,2025-12-08T00:00:00.000Z,2025-12-18T02:10:35.000Z,https://www.trustpilot.com/review/www.healthypawspetinsurance.com?page=3
healthypaws,694330ee5b72ce5553b30e9a,5,Hip replacement surgery for my Malinois…,"Hip replacement surgery for my Malinois ""Reckless Chaos"" is no picnic and the expense is great!  Having the ability to quickly upload receipts and documents when filing for reimbursement is wonderful.  It took a couple extra days to be approved but it was a large expense so it was understandable. Reimbursement was still fast and allowed me to pay off care credit immediately.  My boy Chaos means everything to me and the reimbursement process was easy and allowed me to focus on taking care of him instead of worrying about finances.  ",0,False,False,2025-12-03T00:00:00.000Z,2025-12-18T00:38:38.000Z,https://www.trustpilot.com/review/www.healthypawspetinsurance.com?page=3
healthypaws,69432eb66634d9de53b2c98a,5,Easy claim filing,"Easy claim filing, fast payment..never a problem",0,False,False,2025-12-10T00:00:00.000Z,2025-12-18T00:29:10.000Z,https://www.trustpilot.com/review/www.healthypawspetinsurance.com?page=3
healthypaws,6941e99ca5e745d03daa7ede,4,Refund time was excellent,"Refund time was excellent. Had some difficulty getting invoices etc to your companu?
Mailing address on claim form got no results. Had to talk it out with a very knowledgeanl, polit claims rep.
Thanks
Ron costill
",0,False,False,2025-11-05T00:00:00.000Z,2025-12-17T01:22:04.000Z,https://www.trustpilot.com/review/www.healthypawspetinsurance.com?page=3
healthypaws,694165a8ad215a3bec127ca3,4,Was a little bit of back and forth with…,"Was a little bit of back and forth with the company and vet, but we finally got it working.
Millie is doing ok.

And I am very pleased with the insurance,it’s a big financial relief.

",0,False,False,2025-11-26T00:00:00.000Z,2025-12-16T15:59:04.000Z,https://www.trustpilot.com/review/www.healthypawspetinsurance.com?page=3
healthypaws,694150fd7f6fb9cb3f40df6c,5,Big fan of Healthy Paws,"Big fan of Healthy Paws. They’ve covered everything I expect them to cover, and it’s easy. The claims are processed within a day or two, and so is the payment. 

Recently, my cat Tony was really sick. Because I had the insurance from a company I trusted, I was able to give Tony a chance to get treatment and recover — and he did. I’m thankful for that. ",0,False,False,2025-12-09T00:00:00.000Z,2025-12-16T14:30:53.000Z,https://www.trustpilot.com/review/www.healthypawspetinsurance.com?page=3
healthypaws,694144ede4463e8f577dc5cc,2,Overall A- But Negative Recent Experience,"The vast majority of my experiences with HP have been very positive. However, when I recently called CS regarding a mistake I made with a claim submission, the CS agent promised to adjust the claim accordingly and remove incorrect medical notes that I had originally submitted. However, over a week later, the claim remains unresolved with an error message in the portal that is unchanged. The original mistake was mine and I own it. The CS agent was polite and professional and it sounded like the call center was outside of the USA from my end. While I might anticipate an out of country call center for other service, I never would expect it from a reputable insurance carrier. The matter remains unresolved.",0,False,False,2025-12-09T00:00:00.000Z,2025-12-16T13:39:26.000Z,https://www.trustpilot.com/review/www.healthypawspetinsurance.com?page=3
healthypaws,6940bedfeac083b6c77751b9,5,Healthy Paws is the best!,Healthy Paws is the best! They are so fast at reviewing our claims. Great customer service too if we’re ever had a question or an issue. We’ve had to do a lot for our dog so we don’t know where we’d be without them! ,0,False,False,2025-12-03T00:00:00.000Z,2025-12-16T04:07:27.000Z,https://www.trustpilot.com/review/www.healthypawspetinsurance.com?page=3
healthypaws,6940b4c960e33db1137ad566,1,"My dog passed away, and they said they hope he's doing well","My dog passed away, but several of his claims are in limbo. I reached out to inquire and let them know I hoped for efficient processing as my dog had passed away and I cannot bear to communicate with them any longer (see my previous review regarding poor customer service). The reply was: ""I hope you and [dog's name] are doing well!"" 

Avoid this company. The customer service they were known for prior to Chubb no longer exists. They're also holding payment on claims for medications that were previously approved and paid on a regular basis.",0,False,False,2025-12-07T00:00:00.000Z,2025-12-16T03:24:25.000Z,https://www.trustpilot.com/review/www.healthypawspetinsurance.com?page=3
healthypaws,6940af694c8d0c9408cbb3b8,1,Horrible company,Horrible company. We had our pet insured with them since 2020. They never approved our claims. We believe this to be a scam. we paid them over $6000 and we got nothing. We are demanding a full refund. My recommendation is to avoid them. ,0,False,False,2025-12-02T00:00:00.000Z,2025-12-16T03:01:29.000Z,https://www.trustpilot.com/review/www.healthypawspetinsurance.com?page=3
healthypaws,6940a3ce90d4e3a4cb1a3d0b,5,Healthy Paws is AMAZING!!! ,Healthy Paws has been an absolute BLESSING for our family!! We have 2 German Shepherds that have been insured with Healthy Paws since they were about 6 months old. They are now 5 and 8 years old. They have both unfortunately required emergency services at different points in their life and endured life-saving measures at the ER hospital. Healthy Paws provided peace of mind. To be able to pay for the services without worrying about having to get a second mortgage or going into debt because we knew Healthy Paws had our back is just a blessing. They have had our back since day ONE! We are so incredibly grateful for them and will continue to use them as long as we have our fur babies and will recommend them to everyone that we know!,0,False,False,2025-12-10T00:00:00.000Z,2025-12-16T02:11:58.000Z,https://www.trustpilot.com/review/www.healthypawspetinsurance.com?page=3
healthypaws,6940423cfb0be3c0ba6b3e37,1,"If your pet gets sick , you are doomed","If your pet gets sick, this company will raise your rates, sky high ,with no limit. My dog got sick, and the premiums went up, without notice more than twice as much. There is presently a class action suit against them in California.",1,False,False,2025-12-15T00:00:00.000Z,2025-12-15T19:15:40.000Z,https://www.trustpilot.com/review/www.healthypawspetinsurance.com?page=3
healthypaws,69403e293bf30179e8ffbbe3,5,Healthy Paws is Great! Highly recommend,"Healthy Paws is incredibly quick and easy to file claims and get reimbursed.  I'm so glad we got our pet insurance with them as they are super easy to work with, easy to file and reimburse quickly",0,False,False,2025-12-10T00:00:00.000Z,2025-12-15T18:58:17.000Z,https://www.trustpilot.com/review/www.healthypawspetinsurance.com?page=3
healthypaws,693fffac9b7c12113e831f4b,5,Cornell Companion Animal Hospital,Cornell provides world class care for dogs like Molly with elbow dysplasia.,0,False,False,2025-12-03T00:00:00.000Z,2025-12-15T14:31:40.000Z,https://www.trustpilot.com/review/www.healthypawspetinsurance.com?page=3
healthypaws,693f534311cf8759dc909174,5,Zorro Loves Healthy Paws!,"We absolutely ADORE Healthy Paws!!! We have been with them since Zorro was 4 months old and they have been a lifesaver, literally and figuratively for the past 7+ years. 

When Zorro got deathly ill with HGE/AHDS, Healthy Paws was very helpful and their claims process was as simple as you could ever hope for. We didn't have to worry about anything except getting Zorro healthy again.

Since his immune system was compromised due to that illness 2.5 years ago, Healthy Paws has been by our side every step of the way. Their service is absolutely exceptional and we are so grateful that our vet referred us to them so many years ago.

Thank you, Healthy Paws!",0,False,False,2025-12-02T00:00:00.000Z,2025-12-15T02:16:03.000Z,https://www.trustpilot.com/review/www.healthypawspetinsurance.com?page=3
healthypaws,693ded0023fab1ca1913f412,1,Canceling Healthy Paws because they're…,Canceling Healthy Paws because they're putting my ten year old dog's premiums through the roof. There were supposed to be no age-related increases in premiums but they're now committing fraud by increasing premiums and also denying claims. They were sued in WA and are now being sued in CA. Don't consider going with them. Do a company that just does pet insurance not like these shysters. ,1,False,False,2025-12-13T00:00:00.000Z,2025-12-14T00:47:28.000Z,https://www.trustpilot.com/review/www.healthypawspetinsurance.com?page=4
healthypaws,693d95247cd276abf9b8c111,5,Was easy,Was easy. Reps were great.  Is my first claim. I. Very impressed and grateful.  ,0,False,False,2025-12-05T00:00:00.000Z,2025-12-13T18:32:37.000Z,https://www.trustpilot.com/review/www.healthypawspetinsurance.com?page=4
healthypaws,693d0bcc4741591d006d5084,5,Healthy Paws is GREAT,"Healthy Paws processes all claims really quickly and with EFT the payment is in my account shortly after I make a claim .    They rarely ask for additional documentation and they do NOT deny the legitimate claims they receive.   If they have a question, they let you know and it is always easy to resolve.  Over my life having dogs, I have used 2 other Insurance companies and Healthy Paws is FAR superior.   Four Paw UP",0,False,False,2025-12-12T00:00:00.000Z,2025-12-13T08:46:36.000Z,https://www.trustpilot.com/review/www.healthypawspetinsurance.com?page=4
healthypaws,693cc502894832ea977dd1ae,1,This is a cheating company!!!,"If the system allows, I would give zero or negative score.

This is a cheating company. You will never be able to get any reimbursement for any claims.

Here is what happened to my case, 
1) They keep on asking for more dcotor documentation, but they never told you what was more required. Yeap, they just wanted to run out of 90 days and drop the case
2) Secondly, they never review the case carefully. After I pointed out why the items on my claims not qualified, they admitted there were some mistakes on their side. However, they changed mind again on my first claim because it was barely out of 90 days because of #1.

Who gave 5 starts???",1,False,False,2025-12-11T00:00:00.000Z,2025-12-13T03:44:34.000Z,https://www.trustpilot.com/review/www.healthypawspetinsurance.com?page=4
healthypaws,693cc2f024aeb82a491e2d0b,4,Quick response ,"Once the claim was accepted, your response was very quick, much appreciated. ",0,False,False,2025-12-05T00:00:00.000Z,2025-12-13T03:35:44.000Z,https://www.trustpilot.com/review/www.healthypawspetinsurance.com?page=4
healthypaws,693cbd5613ea76f223aeb8b0,5,Great customer service,"Great customer service
Paid the claim quickly and
Fairly",0,False,False,2025-12-03T00:00:00.000Z,2025-12-13T03:11:50.000Z,https://www.trustpilot.com/review/www.healthypawspetinsurance.com?page=4
healthypaws,693ca1672302db13b26bed61,5,Healthy Paws has always been extremely…,Healthy Paws has always been extremely responsive and often take time to follow up on our pets after treatments. Being able to go into the veterinary clinic without concern for unexpected cost is invaluable.,0,False,False,2025-12-12T00:00:00.000Z,2025-12-13T01:12:39.000Z,https://www.trustpilot.com/review/www.healthypawspetinsurance.com?page=4
healthypaws,693c634403262ee7429ad343,1,Unjustified and Unacceptable Price…,"Unjustified and Unacceptable Price Increase

Increasing the premium by $17 per month for healthy pets with no claims is unjustified and unacceptable.

I will not pay nearly $1,000 per year for pet insurance that delivers no value. Penalizing responsible owners of healthy animals is wrong and feels like pure corporate greed.

Unless this increase is reversed or a reasonable alternative is offered, I will cancel my policy immediately.",1,False,False,2025-12-12T00:00:00.000Z,2025-12-12T20:47:32.000Z,https://www.trustpilot.com/review/www.healthypawspetinsurance.com?page=4
healthypaws,693c4dfbc524d86808ce0948,5,Amazing response to our claim for surgery,Our golden-doodle had surgery to remove bladder stones.  Healthy Paws reviewed our claim the day it was submitted and payment was received just a few days later.  The quick response helped us concentrate on caring for our dog without the financial worry of the cost.  ,0,False,False,2025-12-02T00:00:00.000Z,2025-12-12T19:16:44.000Z,https://www.trustpilot.com/review/www.healthypawspetinsurance.com?page=4
healthypaws,693c21f221dfeca56558333b,2,Don't choose this company if you need same day service.,"I was promised a direct payment to my vet clinic for my pet’s surgery, to be paid on the day of the procedure once it was completed. However, after the surgery, Healthy Paws was suddenly unable to process the direct payment as promised.

I spent hours trying to reach someone who could actually explain what was going on, rather than reading from a script. In the end, I was forced to pay the full cost myself. I was reimbursed two days later, but that defeats the purpose of having pet insurance.

Insurance should be there for situations where the upfront cost isn’t feasible. The lack of communication and follow-through made an already stressful situation much worse.",1,False,False,2025-12-02T00:00:00.000Z,2025-12-12T16:08:50.000Z,https://www.trustpilot.com/review/www.healthypawspetinsurance.com?page=4
healthypaws,693c1fed79b762bec4770cf7,5,Great Insurance,"My dog has had multiple health issues; IMHA, chronic pancreatitis and recently had a ACL repair to name a few. Healthy Paws has honored our policy every single time without issue and paid the claims within days. Very pleased with the insurance and customer service!",0,False,False,2025-11-11T00:00:00.000Z,2025-12-12T16:00:13.000Z,https://www.trustpilot.com/review/www.healthypawspetinsurance.com?page=4
healthypaws,693b890e23cfc5a0710dfa88,5,Highly Recommend ,Healthy paws has been absolutely wonderful. I had a very sick dog who I was able to give the necessary care for without thinking twice. The claims dept has been super fast absolutely no issues. I couldn’t have taken care of him properly without healthy paws ,0,False,False,2025-12-03T00:00:00.000Z,2025-12-12T05:16:30.000Z,https://www.trustpilot.com/review/www.healthypawspetinsurance.com?page=4
healthypaws,693b6f47ed1411cb4f7117ea,5,Healthy Paws claim process…,Healthy Paws had excellent claim starting information on the home page. What was not covered on the home page was quickly relayed through email by customer service. The claim was quickly reviewed and approved with limited additional information needing to be sent. I can not thank Healthy Paws enough for their help and understanding during this trying time.,0,False,False,2025-12-06T00:00:00.000Z,2025-12-12T03:26:31.000Z,https://www.trustpilot.com/review/www.healthypawspetinsurance.com?page=4
healthypaws,693afe6b92d5bf4122676ca5,5,The ease of filing a claim and the…,The ease of filing a claim and the response time to get claim completed.,0,False,False,2025-11-28T00:00:00.000Z,2025-12-11T19:24:59.000Z,https://www.trustpilot.com/review/www.healthypawspetinsurance.com?page=4
healthypaws,693a631215b51ccfb5664fb5,5,Healthy Paws : Peace of Mind,"Healthy Paws helped in my decision making  when dealing with my 5 year old chihuahua’s urgent breathing issues….

I have had Healthy Paws  since getting my fur baby and they have been extremely efficient and compassionate when submitting claims for the unexpected emergencies that have come about…
Their website is easy to submit claims to and they usually get back to me in one day.

Healthy Paws : professional , supportive and affordable!",0,False,False,2025-11-24T00:00:00.000Z,2025-12-11T08:22:10.000Z,https://www.trustpilot.com/review/www.healthypawspetinsurance.com?page=4
healthypaws,693a595501f0bcacfd647b12,5,Healthy Paws is highly responsive,"Healthy Paws is highly responsive.  They have an easy to use website and turn around claims in a matter of days, which is exactly what you want after laying out money at the vet.",0,False,False,2025-12-01T00:00:00.000Z,2025-12-11T07:40:37.000Z,https://www.trustpilot.com/review/www.healthypawspetinsurance.com?page=4
healthypaws,693a30afc534190331d590c9,5,this is a great company,this is a great company. I have been with them for 10 years and have never had any issues.  ,0,False,False,2025-12-10T00:00:00.000Z,2025-12-11T04:47:11.000Z,https://www.trustpilot.com/review/www.healthypawspetinsurance.com?page=4
healthypaws,6939f9bf18b0ccced682e556,5,Support during a time of need,"Our beloved cat Tai suffers from worsening symptoms due to his chronic kidney disease developed at a young age. There have been numerous urgent care visits, frequent hospital checkups, and a constantly growing list of medications that together pose a great deal of financial burden. Healthy Paws has been instrumental to making this journey sustainable. We are extremely grateful for the help and would recommend any pet owners to Healthy Paws.",0,False,False,2025-12-10T00:00:00.000Z,2025-12-11T00:52:47.000Z,https://www.trustpilot.com/review/www.healthypawspetinsurance.com?page=4
healthypaws,6939899c19ebf8aeab8a8191,5,Claim was processed extremely fast,"Claim was processed extremely fast, it was easy. ",0,False,False,2025-12-01T00:00:00.000Z,2025-12-10T16:54:20.000Z,https://www.trustpilot.com/review/www.healthypawspetinsurance.com?page=4
healthypaws,6938dfdccd8976082bb938f1,5,Reliable and Dependable,Healthy Paws allows me to take care of my fur babies with confidence. The claim process is simple and fast. I’ve had Healthy Paws with all my dogs and I would recommend and have to everyone. ,0,False,False,2025-12-09T00:00:00.000Z,2025-12-10T04:50:04.000Z,https://www.trustpilot.com/review/www.healthypawspetinsurance.com?page=4
healthypaws,6938b8fec3d235b997b2dc64,5,Healthy Paws is a great pet insurance,"Healthy Paws is a great pet insurance. Submitting a claim was easy, straitforward process. Fast reimbursement, clear explanations. Would highly recommend to any pet owner.",0,False,False,2025-12-05T00:00:00.000Z,2025-12-10T02:04:14.000Z,https://www.trustpilot.com/review/www.healthypawspetinsurance.com?page=5
healthypaws,6938b26d329b805e5cd379a0,5,Why we love Healthy Paws,"We have had our Healthy Paws insurance for our dog, Jax, since he was a puppy and it always gave us a feeling of security knowing we had excellent coverage in case anything ever happened to the most important part of our lives.  Almost ten years later we found ourselves facing Jax needing to have two hip surgeries over a short time span. He had excellent care and his surgeries were covered at 90% by Healthy Paws (based on the coverage plan we have). He is now going to have excellent rehabilitation to ensure he heals well and builds the muscles he needs to live a healthier and pain free life and Healthy Paws covered that as well. We were reimbursed quickly following our submission and it gave us such peace of mind. I would recommend Healthy Paws to every pet parent and will always have coverage for all my pets. Submitting claims is incredibly easy using the app and customer service is very responsive to questions. ",0,False,False,2025-12-09T00:00:00.000Z,2025-12-10T01:36:14.000Z,https://www.trustpilot.com/review/www.healthypawspetinsurance.com?page=5
healthypaws,6938a2b83ecd5fcb05181369,5,Reimbursement is timely and benefit…,Reimbursement is timely and benefit explanations easy to understand. ,0,False,False,2025-11-28T00:00:00.000Z,2025-12-10T00:29:12.000Z,https://www.trustpilot.com/review/www.healthypawspetinsurance.com?page=5
healthypaws,693844014ae41f10519aad1c,3,Do your research. Not satisfied any more.,"They are decent, but they look for every reason not to pay claims. I have been using them for 6+ years, but they continue to deny claims for a ton of different reason. I recently needed a sedative for my dog due to an injury, and they denied it because they do not cover ""behavioral medications"", but this was medically necessary.

Also, when I originally signed up it was $50 per month and now is over $105. They claimed premiums would not go up when I signed up, but recently looked at my account where they have increased EVERY YEAR. 

**They responded to this saying to call them. I've called many times to ask about the premium but they have a script to read from and nothing changes***",1,False,False,2025-12-07T00:00:00.000Z,2025-12-09T17:45:05.000Z,https://www.trustpilot.com/review/www.healthypawspetinsurance.com?page=5
healthypaws,69379536f3ac5578adbcd58e,5,excellent service,"excellent service. App is easy to use.
Checks come quickly! Excellent!",0,False,False,2025-12-08T00:00:00.000Z,2025-12-09T05:19:18.000Z,https://www.trustpilot.com/review/www.healthypawspetinsurance.com?page=5
healthypaws,69378cbd13558695e6b096eb,5,I cannot say enough amazing things…,"I cannot say enough amazing things about Healthy Paws. Their response time to claims is unbelievably fast, but what truly sets them apart is the personal care behind it all. Not only do they process everything quickly and efficiently, they actually check in and genuinely care about how our pup, Beckham, is doing. That kind of compassion is rare and so appreciated. Knowing that we have a team who supports us medically and emotionally brings such peace of mind.
Thank you, Healthy Paws, for being there for our boy every single time. 🐾💛
",0,False,False,2025-11-26T00:00:00.000Z,2025-12-09T04:43:09.000Z,https://www.trustpilot.com/review/www.healthypawspetinsurance.com?page=5
healthypaws,693780bd40f91ae9e663758f,5,Wonderful experience and support,"Wonderful experience.  Very serious middle of the night Thanksgiving eve Emergency Vet hospital vist and significant bill.  Luckily, our dog recovered and is now fine. Healthy Paws made the claim process easy and very quick to reimburse us according to the policy we have.  People think about medical coverage, they also ought to think likewise about pet health insurance.  Healthy Paws is highly recommended. ",0,False,False,2025-11-27T00:00:00.000Z,2025-12-09T03:51:57.000Z,https://www.trustpilot.com/review/www.healthypawspetinsurance.com?page=5
healthypaws,69376e6cad51e5c5e1d6c6df,1,My claim was denied because you…,My claim was denied because you considered a took fracture intentional and not accidental. Makes no sense at all. ,1,False,False,2025-12-08T00:00:00.000Z,2025-12-09T02:33:48.000Z,https://www.trustpilot.com/review/www.healthypawspetinsurance.com?page=5
healthypaws,693762ebe04c649b845be5b9,5,Speedy & excellent care ! ,Coco had a liver tumor that required a costly procedure ~ we were so relieved that healthy paws covered the surgery & paid us within days of filing our claim . ,0,False,False,2025-11-26T00:00:00.000Z,2025-12-09T01:44:43.000Z,https://www.trustpilot.com/review/www.healthypawspetinsurance.com?page=5
healthypaws,693757248153417fdd338cfa,5,Healthy Paws was there when I needed…,Healthy Paws was there when I needed most... Thank you! ,0,False,False,2025-11-12T00:00:00.000Z,2025-12-09T00:54:28.000Z,https://www.trustpilot.com/review/www.healthypawspetinsurance.com?page=5
healthypaws,693756cf9fa92abc9b9e9c75,5,I covered my 2 cats with healthy paws…,I covered my 2 cats with healthy paws when I first got them as kittens. Healthy Paws has always paid claims quickly and fairly. I’ve never had to fight them on anything. I dont know what I’d do without this coverage. It has been life saving or I  should say kitty saving. ,0,False,False,2025-12-08T00:00:00.000Z,2025-12-09T00:53:03.000Z,https://www.trustpilot.com/review/www.healthypawspetinsurance.com?page=5
healthypaws,6936cfd3975ca1d97f957d15,1,Healthy Paws is Unethical ,"They cancelled my policy bc my puppy was sick, then blamed the cancellation on me “missing payment”. Ive written back to Healthy Paws explaining to them thats simply false and negligent on their part. I could care less they dropped me but lying on a cancellation policy is slander. Buyers beware stay away from these crooks 👆👆👆. ",1,False,False,2025-05-08T00:00:00.000Z,2025-12-08T15:17:07.000Z,https://www.trustpilot.com/review/www.healthypawspetinsurance.com?page=5
healthypaws,6935fbc8ec7801b30603bc34,1,"Don't insure with Healthy Paws. Years later, you'll be sad.","I've been a loyal customer of Healthy Paws Pet Insurance since 2016. No more happy customer now.
I can no longer recommend them. And, I'm sorry for having recommended this company through the years.
My dog had a yeast infection in her ears and was denied coverage because she had an ear infection of MRSA eight years ago when I first got her. She was not covered because it happened during the wait period. I understood that.
At that time (2016), I asked if she would be covered in the future if it wasn't MRSA and if it was many years later. I was told that they would cover it. 
Well, they lied! 
She recently had a yeast overgrowth in her ears after eight years that was not MRSA, but they still denied covering it as though it was a pre-existing condition. 
Their insurance rates are increasing exponentially.
Their coverage is less available along with higher premiums, higher deductibles, and higher costs with a smaller percentage covered. 
I've read that this is happening to so many customers who have faithfully paid thousands in premiums like I have, but are now treated poorly after many years. 
It is just not right. 
And, what makes it worse, we are trapped because our pets now have pre-existing conditions.  ",1,False,False,2025-11-25T00:00:00.000Z,2025-12-08T00:12:24.000Z,https://www.trustpilot.com/review/www.healthypawspetinsurance.com?page=5
healthypaws,6935ad8d975bca4a2b03b571,5,FAST Payment,"Healthy Paws is the first Pet Insurance company I've ever used.  I'm so glad that I decided to get insurance for my 3 fur babies about 3 years ago.  I was debating on whether or not I really needed to continue with this company.  No issues - just monthly fees being withdrawn every month.  Why not just put that money into a high interest saving account?  Well, I decided to think on it for about a week before pulling that trigger.  Wouldn't you know within days, my GSD was diagnosed with Oral Cancer!!  I was devastated but also thankful because I knew I had pet insurance.  Because of that I was able to move fast on getting him the medical help that he needed.  Once I submitted all of his bills, they were reviewed and paid within days enabling me to quickly pay off the vast amount of money I spent on his treatment.  No questions, no issues - just fast payment back!  I'll be staying with Healthy Paws going forward and use the high yield savings account for a much needed vacation!  ;)
",0,False,False,2025-11-07T00:00:00.000Z,2025-12-07T18:38:37.000Z,https://www.trustpilot.com/review/www.healthypawspetinsurance.com?page=5
healthypaws,6934fb752f6c685e5a7f1281,5,Fast claim payments,Claim was paid within 2 days after I filed it on a weekend.  Thank you for letting us give Max the best care he could receive ,0,False,False,2025-11-20T00:00:00.000Z,2025-12-07T05:58:45.000Z,https://www.trustpilot.com/review/www.healthypawspetinsurance.com?page=5
healthypaws,6933b43bc1342f00149d1fc1,1,RIP Healthy Paws - I miss what you once were!,"I hzve had 4 dogs insured with Healthy Paws going back to 2011 - just a couple of years after they began business.  Up until this past year there was no doubt as to their being an incredible 5 star company that was truly pet asd people centric,   Enter Chubb who was doing some of their underwriting but bought them out and is now the owner.  The company is already suffering greatly azd I can no longer recommend them.   
First as others have written I believe they are selectively targeting policies they want to dump by egregious rate increases. My dog's renewal came a few days ago.   The real difference in her is her age it went from 7 to 8 - still young, but the rate increase was over 70% to $270 per month for 90% coverage and $500 deductible.  In the past if you want to lower your premium, you wre offered multiple possibilities in the deductible and coverage level.  I was offered one aLternatrive if I didn;'t want the new premium..... I was offered 60% coverage and a $1000 deductible.   No other options.   I understand the cost of veterinazry medicine is going up fast and I live in a pricey zip code but even then the cost of veterinary care has risen about 21% over the past 2 or 3 years on average,.   70% increase in my rates is disgusting,
It doesnt stop there with economic pressure.  My then 7 now 8 year old hazd one of her first actual claims - not even enough to get out of the deductible.   Mind you she has been continuously insured since she was 8 weeks old and had proper examinations as a puppy and adult. There was no preexisting condition because she was insured at that age with a clear r4port and no history of claims,   A no brainer.   They kept demanding records that didnt exist and looking for conditions that werent there or wouldnt have mattered,   Anything would be covered, because anything found would hazve been while she was insured with no preexisting anything,.  They just wouldn;'t settle the claim.   Customer service went from friendly in the old days to possibly outsourcfed (non US) and clearly not pet centric support,.   They then made up a reason to deny my simple claimi that did not stand up to an appeall,  I prevailed but it was a hassle that never would have happened in the old Healthy Paws,
They were great, but now they're gone, apparently.",2,False,False,2025-12-04T00:00:00.000Z,2025-12-06T06:42:35.000Z,https://www.trustpilot.com/review/www.healthypawspetinsurance.com?page=5
healthypaws,6933664fb827a16722a4a6e7,5,Highly Recommend Healthy Paws - insured since 2011,"I don't usually leave online reviews for products and services, but I rave about Healthy Paws to everyone in my life. I've been with them since 2011 and have had numerous pets covered with them. They have been a spectacular insurance company. I cannot recommend them enough. Never had an issue with coverage, fast reimbursement, and stellar customer service. If only all insurance companies acted this way. ",0,False,False,2025-11-30T00:00:00.000Z,2025-12-06T01:10:07.000Z,https://www.trustpilot.com/review/www.healthypawspetinsurance.com?page=5
healthypaws,6933630bdf929bba9fde7274,5,Great company,Great company! Life saver when a pet goes through a medical emergency. Very quick on reimbursement and honors the contract. Highly recommended because you never know what is going to happen! ,0,False,False,2025-12-01T00:00:00.000Z,2025-12-06T00:56:11.000Z,https://www.trustpilot.com/review/www.healthypawspetinsurance.com?page=5
healthypaws,69323482698776ce7e97ebfd,3,I am extremely frustrated that Healthy…,"I am extremely frustrated that Healthy Paws won’t cover an exam at an emergency vet clinic. Obviously, I’m there because of an emergency. And when they cover the procedure that fixed the problem, to not cover the medical exam prior to the procedure makes no sense.",1,False,False,2025-11-10T00:00:00.000Z,2025-12-05T03:25:22.000Z,https://www.trustpilot.com/review/www.healthypawspetinsurance.com?page=5
healthypaws,69322feca6a8eac5091def25,1,Very poor claims process,Very poor claims process.  They reject claims for no reason and provide poor customer service when you call.  Do not recommend ,2,False,False,2025-12-04T00:00:00.000Z,2025-12-05T03:05:48.000Z,https://www.trustpilot.com/review/www.healthypawspetinsurance.com?page=5
healthypaws,6931e40d560ffaacb7138148,5,The quick processing was good. He quick processing was good.,The quick processing was good.,0,False,False,2025-12-04T00:00:00.000Z,2025-12-04T21:42:05.000Z,https://www.trustpilot.com/review/www.healthypawspetinsurance.com?page=6
healthypaws,6931bb32b0e2b8997a8fe962,5,Made a difficult situation a little easier. ,"I have had pets in the past but it was not until I got my most recent dog that I figured I would get insurance for her. It was the best decision I have made as a pet owner. Our beloved bernedoodle has a sudden and serious health problem she is still dealing with and in all the trips to the vet and the ER with her, including a mulitiple day hospitalization, the one thing I did not have to worry about was how I was going to pay to help her because I have pet insurance. Healthy Paws has been super easy to work with, fair with their coverage, and quick to reimburse us. It has made this challenging time for our family a little easier. ",0,False,False,2025-10-31T00:00:00.000Z,2025-12-04T18:47:46.000Z,https://www.trustpilot.com/review/www.healthypawspetinsurance.com?page=6
healthypaws,6930f81245123686a8d9fa80,5,Cannot recommend Healthy Paws enough,"Cannot recommend Healthy Paws enough. My incredible Maine Coon feline had an ongoing medical crisis that lasted for almost 18 months that was extremely hard to diagnose. Eventually, through persistence and the support of Healthy Paws - we were able to figure it out and treat him accordingly. He has now totally recovered and is living his best life with years and years left. This would not have been possible without the unrelenting support from Healthy Paws through endless procedures and diagnostic tests to get it right. Healthy Paws has my eternal gratitude and absolute confidence.",0,False,False,2024-12-09T00:00:00.000Z,2025-12-04T04:55:14.000Z,https://www.trustpilot.com/review/www.healthypawspetinsurance.com?page=6
healthypaws,6930d8e374ee1a9ea12d6aec,1,STAY AWAY FROM HEALTHY PAWS!,"I have senior dogs who have been with Healthy Paws since they were puppies and we were just notified that our rates are increasing by over 400%.  Healthy Paws is doing this to all senior pets now, they're trying to get rid of them.  It's sadistic.  They're now owned by the insurance company Chubb and Chubb ONLY cares about making money, they care nothing about our pets or the promises Healthy Paws made to us when we first opened our policies. Not only are our premiums increasing by over 400%, but they're reducing our reimbursements from 90% to 70% and raising our deductible.  Please join the Facebook group called ""Senior Pets Priced Out By Healthy Paws"" and do a Google search for the dozens and dozens of Reddit threads that so many folks are writing about the BS that Healthy Paws/Chubb is currently trying to pull.  It's absolutely horrifying. My monthly premiums are going from the $300's to the $1200's. PER MONTH.  Even ChatGPT took a few tries to understand this when I was running my new premium scenarios through it- it kept thinking I meant $1200 per YEAR.  This is completely criminal behavior. And don't believe all the fake positive reviews that all these new fake accounts are leaving on TrustPilot- FAKE, FAKE, FAKE.  Senior pets are getting royally screwed over by Healthy Paws and Healthy Paws/Chubb COULD NOT CARE LESS. They want to get rid of us.  It's so sad because they used to be such a decent company. :(

",2,False,False,2025-12-03T00:00:00.000Z,2025-12-04T02:42:11.000Z,https://www.trustpilot.com/review/www.healthypawspetinsurance.com?page=6
healthypaws,693066d74f0b324b0c60e366,5,TPLO surgery submission was successful ,"It takes time to gather all the paper work from birth or adoption to present situation requiring claims being filed. Having patience, it takes time to gather birth or adoption papers to present day.

They process these quickly as well as sending communication.  I spoke to 3 different representatives on the phone and each was was amazing.  We highly recommend Healthy Paws.

An update: We have completely filed all our surgical claims and everyone is wonderful helping us.  We're working on her rehab claims right now, and sending claims as we pay her bill. The turn around is quick and efficient.
",0,False,False,2025-10-29T00:00:00.000Z,2025-12-03T18:35:35.000Z,https://www.trustpilot.com/review/www.healthypawspetinsurance.com?page=6
healthypaws,693052eb09ab88e32edba3b3,5,Excellent Insurance,"Terms and conditions are clear. No haggle. Claims are processed and reimbursed quickly, ",0,False,False,2025-12-03T00:00:00.000Z,2025-12-03T17:10:35.000Z,https://www.trustpilot.com/review/www.healthypawspetinsurance.com?page=6
healthypaws,693031bda6cee80b67547337,2,Not a great experience so far,"My dog was treated at an emergency hospital and Healthy Paws did not cover the assessments made by the specialists to determine treatment. When I called, the person said that there was a mistake that was made and she would file an appeal. I checked back in the next day and the person gave me a different story, that the itemized bill from the emergency department looked like the exam was routine, and was not being covered. I asked about the appeal and she said she'd check. This seems unjust, to not cover what is part of an emergency situation, as I was initially told would be covered when I decided to use Healthy Paws as an insurer. I also don't like how I receive different stories and the first person I spoke with seemed irritated and talked over me, to the point where I had to tell her to wait and let me finish several times. ",2,False,False,2025-11-25T00:00:00.000Z,2025-12-03T14:49:01.000Z,https://www.trustpilot.com/review/www.healthypawspetinsurance.com?page=6
healthypaws,692f717ecd746fb9afc93eb7,5,Positive points about the plan ,"They’re always available by phone. 
Page just had a big surgery on leg and it was comforting to know my plan covered most of it.  
Sometimes we may grumble about monthly payments BUT when our pets (my kid to me) get sick/surgery it takes some pressure off the situation. 
And their reimbursements are processed very quickly …which is very important. ",0,False,False,2025-09-02T00:00:00.000Z,2025-12-03T01:08:46.000Z,https://www.trustpilot.com/review/www.healthypawspetinsurance.com?page=6
healthypaws,68ebc2327057cf4b8242514a,5,Great Coverage and Easy Claims Process When My Dog Needed Care,"I recently had to take my dog Murphy to the vet for a pretty rough visit. He was sick, needed an x-ray, several tests, and treatment for a double ear infection. The bill ended up being much higher than expected, but I was so relieved that our pet insurance came through. I submitted the claim and was pleasantly surprised that they covered about 60% of the total cost. The process was straightforward, the claim was processed quickly, and it made a stressful situation so much easier. I’m really happy with the coverage and grateful for the support when we needed it most.",0,False,False,2025-10-06T00:00:00.000Z,2025-12-02T21:18:19.000Z,https://www.trustpilot.com/review/www.healthypawspetinsurance.com?page=6
healthypaws,692e5639b1bb742430c6aec8,5,Quick and easy,The best thing is they pay the insurance payout quickly and expeditiously.,0,False,False,2025-11-12T00:00:00.000Z,2025-12-02T05:00:09.000Z,https://www.trustpilot.com/review/www.healthypawspetinsurance.com?page=6
healthypaws,692e554410e33fe9caabb07b,3,"Very good at processing claims, AND at jacking up our premiums ","This company is very good and pretty fast at processing claims.  The site is easy to use for that purpose.  My main issue with them is the price of the coverage and how they have increased it.  Over the past 3 years, we have had to move three times.  All three moves were less than two miles.  We are in the same city and can literally walk from one address to another.  We have always used the same two vet practices -- that has not changed at all.  But each time we moved, they used that to jack up our premiums.  Our monthly is now more than 100% higher than what it was three years ago, and they have refused to give me an explanation for this.  ",2,False,False,2025-12-01T00:00:00.000Z,2025-12-02T04:56:04.000Z,https://www.trustpilot.com/review/www.healthypawspetinsurance.com?page=6
healthypaws,692e51e1a1c7d8a6f39d5c33,5,Claims are handled promptly and…,Claims are handled promptly and efficiently.,0,False,False,2025-11-24T00:00:00.000Z,2025-12-02T04:41:37.000Z,https://www.trustpilot.com/review/www.healthypawspetinsurance.com?page=6
healthypaws,692e5198114cad96daab631e,5,I have used Healthy Paws for several…,I have used Healthy Paws for several years now and I highly recomend them.  Their claims process is quick and easy and had never had any issues or difficulties with them paying their portion of the claim.,0,False,False,2025-11-17T00:00:00.000Z,2025-12-02T04:40:24.000Z,https://www.trustpilot.com/review/www.healthypawspetinsurance.com?page=6
healthypaws,692e330d28aec09e396c7bb7,5,Great Service,"I submitted a claim, provided all necessary  paperwork and and claim was handled and completed with a deposit  in my account within 5 days.
Whenever, I had contacted customer  service  they were 
Friendly  and caring.",0,False,False,2025-11-20T00:00:00.000Z,2025-12-02T02:30:05.000Z,https://www.trustpilot.com/review/www.healthypawspetinsurance.com?page=6
healthypaws,692e31245ef655aa9fda1dd9,4,It was a little hard to get everything…,"It was a little hard to get everything submitted. I finally had to the vet to get all the records over. The customer service seemed a little bit confusing to me. They asked for medical records from when the time I had gotten my cat, which I thought I had submitted that when I signed up for the health insurance. But overall once I got everything submitted it seemed to go very smoothly and I was very happy to get my reimbursement and it seemed like it went very quickly after that",0,False,False,2025-11-07T00:00:00.000Z,2025-12-02T02:21:56.000Z,https://www.trustpilot.com/review/www.healthypawspetinsurance.com?page=6
healthypaws,692e1b80d12d65e549b0ff64,5,Timely and accurate reimbursement,Timely and accurate reimbursement.  Much appreciated!,0,False,False,2025-11-14T00:00:00.000Z,2025-12-02T00:49:36.000Z,https://www.trustpilot.com/review/www.healthypawspetinsurance.com?page=6
healthypaws,692dd7cd320d3cdaf7a270a9,2,40% year over year premium increase,"This company has continued to raise the premiums year over year with the latest increase of 40%. This 40% increase comes even with increasing the co-insurance and deductible on the policy (i.e., increasing the amount I need to pay for each claim). Loyalty does not seem to matter, as I have been a customer since 2018. I understand they *believe* they care about their customers, but with an annual revenue of at least $36.4 million dollars, it's clear they mostly care about making a profit from their customers' attachment to their pets. I would recommend going elsewhere and asking lots of questions before signing up with any pet insurance provider, as this was sold to me in 2018 as a service that would cover more and have very minimal premium increases as compared to their competitors. I am currently reviewing the Nerd Wallet comparisons to determine if there is a better match for my budget, my pets age, and the veterinary notes that could be considered ""pre-existing conidiations"" for other policies.",1,False,False,2025-12-01T00:00:00.000Z,2025-12-01T20:00:45.000Z,https://www.trustpilot.com/review/www.healthypawspetinsurance.com?page=6
healthypaws,692dd6ab95abd1aafe770354,1,147% insurance premium increase!!!!,"My insurance premium jumped from $197 to $477 without any notice. Healthy Paws claims they emailed me, but I never received anything—and of course, I can’t prove a negative. They charged me the higher premium for four months before I caught it, and when I called, they stated they wouldn’t issue a refund because “my dog was covered.”

In all the years I’ve had this policy, I filed one claim. Out of an $800 vet bill, they paid $140.

Honestly, don’t waste your money. You’re better off putting those premium payments into an interest-bearing account for emergencies. For me, dropping this policy means saving over $6,000 a year.",1,False,False,2025-08-01T00:00:00.000Z,2025-12-01T19:55:55.000Z,https://www.trustpilot.com/review/www.healthypawspetinsurance.com?page=6
healthypaws,692b69534ef65da23f040e89,5,Very fast reimbirsements,Very fast reimbirsements,0,False,False,2025-11-29T00:00:00.000Z,2025-11-29T23:44:51.000Z,https://www.trustpilot.com/review/www.healthypawspetinsurance.com?page=6
healthypaws,692b4926d4cfd914c400df23,5,Hank's tooth repair,The Vets at Whiskers Animal Dentistry gave us as much time as needed explaining the options and how the procedure worked. Explained to us what to expect and what we should do to prepare Hank for the dental work.,0,False,False,2025-11-24T00:00:00.000Z,2025-11-29T21:27:34.000Z,https://www.trustpilot.com/review/www.healthypawspetinsurance.com?page=6
healthypaws,692a42a117639c002a935580,5,Super fast response & support,"Super fast response.  All claims are thorough and detailed.  We appreciate the hassle free and support.  We are extremely thankful for Healthy Paws knowing that our dog, Fergus, is in good hands.  Highest recommendation.",0,False,False,2025-11-20T00:00:00.000Z,2025-11-29T02:47:29.000Z,https://www.trustpilot.com/review/www.healthypawspetinsurance.com?page=7
healthypaws,692a2cb67a62b5cee44a73ba,5,Highly recommend Healthy Paws,"Healthy Paws makes it possible to not worry about getting the best possible treatment for your furry ones.  We’ve had numerous dogs insured through them over the years. The coverage that they have provided us has been outstanding through cancer treatments to surgeries. Our last vet bill that they covered was 16,800. I don’t like to give reviews. In this case I’m more than happy to! Thank you Healthy Paws for the peace of mind that you provide us!",0,False,False,2025-10-21T00:00:00.000Z,2025-11-29T01:13:58.000Z,https://www.trustpilot.com/review/www.healthypawspetinsurance.com?page=7
healthypaws,692a1fc224680401c11be7dc,1,Save your hard earned monies,"Save your hard earned monies. Place the expensive monthly premiums you would have paid to HP into an account on your own for your pet’s future healthcare needs/expenses. Disappointed that I paid six years of premiums(never submitted a claim) and finally had to cancel HP because they wanted to double my pet’s premium. When your pet ages, HP will not care that you’ll no longer be able to afford their pricey premiums.",3,False,False,2025-11-28T00:00:00.000Z,2025-11-29T00:18:42.000Z,https://www.trustpilot.com/review/www.healthypawspetinsurance.com?page=7
healthypaws,6929c22c59f20fa7ceb2049e,5,Healthy Paws Great Experience,"Healthy Paws pet insurance has been very good to us, reimbursement is fast and easy. Submit the Vet bill and necessary medical chart notes and you are done. We typically get reimbursed within a couple of days. ",0,False,False,2025-11-28T00:00:00.000Z,2025-11-28T17:39:24.000Z,https://www.trustpilot.com/review/www.healthypawspetinsurance.com?page=7
healthypaws,6929bfe8dbe7d695a0b576e6,5,Healthy Paws make it easy to file a…,Healthy Paws make it easy to file a claim and respond quickly/,0,False,False,2025-11-21T00:00:00.000Z,2025-11-28T17:29:44.000Z,https://www.trustpilot.com/review/www.healthypawspetinsurance.com?page=7
healthypaws,69290b151fab15d0a1196ab7,5,Very Happy with Healthy Paws,"Healthy Paws has been great in a time of need.  They have processed my claims very quickly and have remained in communication throughout the claims process.  When paying for insurance for so many years while my dogs were healthy, I worried if the company would be there for me when really needed, and they have absolutely come through as promised. ",0,False,False,2025-11-27T00:00:00.000Z,2025-11-28T04:38:13.000Z,https://www.trustpilot.com/review/www.healthypawspetinsurance.com?page=7
healthypaws,6928656c5a41626100f86ce0,5,Healthypaws has made this journey the…,"Healthypaws has made this journey the last 6 months so much easier, especially when our vet sent us to a specialist. Pets are family and we do what we need to do for them. ",0,False,False,2025-11-18T00:00:00.000Z,2025-11-27T16:51:24.000Z,https://www.trustpilot.com/review/www.healthypawspetinsurance.com?page=7
healthypaws,6927822fd82f87866cde2dd3,4,During emergencies like this…,"It was great except during emergencies like this, the vet exam costs should be covered. ",0,False,False,2025-11-16T00:00:00.000Z,2025-11-27T00:41:52.000Z,https://www.trustpilot.com/review/www.healthypawspetinsurance.com?page=7
healthypaws,6927495b47b2bf2c8eab6513,2,Good/Bad/Ugly,"Healthy Paws Pet Insurance offers good service overall, but pet owners should be aware of the dramatic premium increases as pets get older. My golden retriever’s monthly premium jumped from $287 to $807 once he turned 13 years old, despite having no prior medical history.

The coverage itself has been reliable, but the sudden and significant cost increase at this age was unexpected and difficult to manage. Pet owners considering Healthy Paws should keep this in mind when planning for long-term expenses.",3,False,False,2025-11-25T00:00:00.000Z,2025-11-26T20:39:23.000Z,https://www.trustpilot.com/review/www.healthypawspetinsurance.com?page=7
healthypaws,692729eedc33f6ca520647f9,5,Best Pet Insurance!,My pet has been insured with Healthy Paws for 11 years and I always have a great experience with them. Submitting claims is very quick and easy. They reimburse  me within 2 to 3 days. They cover everything stated in my policy with no issues. I will always use Healthy Paws for my pets.,0,False,False,2025-11-19T00:00:00.000Z,2025-11-26T18:25:18.000Z,https://www.trustpilot.com/review/www.healthypawspetinsurance.com?page=7
healthypaws,69272859b3fa720d28f7cc9b,1,Premiums/Reimbursement/Deductible,I signed up with Healthy paws in 2012 for my two dogs with $250 deductible and 80% reimbursement.  It was a great company until this year. I only have one dog now who is over 13 years old. My premiums have gone up alot in the last few years. My premiums change every December. In December 2023 it was 242.14. In December 2024 it went to $363.21. For December 2025 not only will it be raised to $411.54 but I am no longer eligible for the $250 deductible and 80% reimbursement. It will be $500 deductible with 70% reimbursement. Is this because I have an elderly dog? Earlier this year I had over 5 claims that did not process although they were submitted on the website which I had done for years.  I had to speak with a Customer Liaison Manager to find the claims and process them. Soon after there were 3 more claims that were not processed and once again I had to speak to a Customer Liaison Manager to find the claims and process them.  Healthy Paws also changed how payments are made. I always used a credit card. Now if you use a credit card you will be charged 2.99%. I asked if I could pay directly online through my bank as I do my other bills. I was told that was not an option. If I didn't want to pay a fee the premium would need to come out directly from my savings or checking account. Every time a company gets sold the customer is on the losing side. Don't sign up with Healthy Paws. ,2,False,False,2025-10-26T00:00:00.000Z,2025-11-26T18:18:33.000Z,https://www.trustpilot.com/review/www.healthypawspetinsurance.com?page=7
healthypaws,69271c07463495774f7b5cf3,1,Utter Disappointment ,"Edited to respond to HP Reply from 12/2/2025:
Thanks for the reply, inviting me to call. I tried that already. Was put on hold to see if anything could be done. The associate came back on the line stating it was policy and I missed the deadline. Case closed. I didn't even get to speak to a manager of any kind, was simply told how they ruled my case. So how would another call - to the same generic customer service number - be any different? Especially since I was so angry, I cancelled all 4 policies. 
If HP genuinely cared about me as a client and the pets I insured, this should have been handled by a manager/given consideration the moment it happened. Instead I will be chasing the refund of my 4 cancelled policies.

Original Review:
After being a client for 7 yrs with 4 pet insurance policies, Healthy Paws denied my claim submission due to being 2 days late in uploading the documents. I understand the 90 day policy but hoped being a client who always paid on time would have earned us a little grace. They offer none. Extremely disappointed that in these difficult economic times no consideration is taken whatsoever. Approving the claim would have resulted in a reimbursement of around $135. Nothing to a large insurance company but everything to a person that rescues, TNR's, feeds dumped & feral animals and pays for medical care or euthanasia out of their own pocket. Shame on me for thinking they have the best interest of my pets at heart.",2,False,False,2025-11-24T00:00:00.000Z,2025-11-26T17:25:59.000Z,https://www.trustpilot.com/review/www.healthypawspetinsurance.com?page=7
healthypaws,6927151721863a4ce19dca6f,5,Fast response and reimbursement,Fast response and reimbursement,0,False,False,2025-11-26T00:00:00.000Z,2025-11-26T16:56:23.000Z,https://www.trustpilot.com/review/www.healthypawspetinsurance.com?page=7
healthypaws,692711571f1c0427087a4fc9,5,Our cat needed an immediate dental…,Our cat needed an immediate dental surgery and it was hard to ignore as she was in a lot of pain. Healthy paws was great in covering the entire procedure!,0,False,False,2025-11-26T00:00:00.000Z,2025-11-26T16:40:23.000Z,https://www.trustpilot.com/review/www.healthypawspetinsurance.com?page=7
healthypaws,692699f58c3f6a2ea64729da,1,Healthy Paws Took My Money for 6 Years and Abandoned My Cat When He Needed Care,"I insured my cat Simba with Healthy Paws since he was 4 months old. When he developed IBS at age 1, everything fell apart.

Healthy Paws refused to cover any of his prescription food — even though regular food triggers his symptoms and makes him sick. They also denied exam fees and lab work, claiming they were “routine,” even though every visit was for IBS flare-ups.

For six years, they kept raising my premium while denying almost everything that mattered. I paid responsibly. I followed the policy. His vet documented medical necessity. And Healthy Paws still found excuses to deny care.

I finally cancelled because the insurance became useless and expensive. I don’t expect anything from them now — I just want other pet owners to know how miserable this company is to deal with if your pet develops a chronic condition.",3,False,False,2025-05-01T00:00:00.000Z,2025-11-26T08:11:01.000Z,https://www.trustpilot.com/review/www.healthypawspetinsurance.com?page=7
healthypaws,6926923f19ed14ea6afa1c0a,5,Wonderful company with good customer…,Wonderful company with good customer service,0,False,False,2025-11-23T00:00:00.000Z,2025-11-26T07:38:07.000Z,https://www.trustpilot.com/review/www.healthypawspetinsurance.com?page=7
healthypaws,69266bfc4e219c6f1e2bf8db,1,Healthy Paws is terrible,"Healthy Paws is terrible. When your dog gets older when you will need the insurance they raise the rates anywhere form 300-1000%.
Totally dishonest and takes advantage of it's customers. Also the customer service is horrible. Don't even bother with this insurance. Total rip off!!!!",2,False,False,2025-11-25T00:00:00.000Z,2025-11-26T04:54:52.000Z,https://www.trustpilot.com/review/www.healthypawspetinsurance.com?page=7
healthypaws,69265321969de72d29e55939,5,Excellent coverage!,Excellent coverage and so thankful to have Healthy Paws insurance for our dog.  Brings peace of mind when the unexpected happens.  ,0,False,False,2025-11-11T00:00:00.000Z,2025-11-26T03:08:49.000Z,https://www.trustpilot.com/review/www.healthypawspetinsurance.com?page=7
healthypaws,6926439faa721b0007819323,5,Highly recommend Healthy Paws,I’m so grateful we have healthy paws insurance. Last year our dog needed TPLO surgery and this year a tumor removed. Having pet insurance gives me peace of mind that I don’t have to worry about money and can just focus on my pet. I have had no issues submitting paperwork and the processing time is a few days. Highly recommend healthy paws!,0,False,False,2025-11-25T00:00:00.000Z,2025-11-26T02:02:39.000Z,https://www.trustpilot.com/review/www.healthypawspetinsurance.com?page=7
healthypaws,69264270bb32fb00edd3f1d6,3,I would like a better experience when…,"I would like a better experience when speaking to your Customer representatives. One person was very difficult to understand on the phone. Another seemed rushed, impatient and did not want to listen.",1,False,False,2025-11-17T00:00:00.000Z,2025-11-26T01:57:36.000Z,https://www.trustpilot.com/review/www.healthypawspetinsurance.com?page=7
healthypaws,692640bdf71dd1b93607f08c,5,Luka,I’ve had Healthy Paws for about 7 years.  I have never had any issues regarding reimbursement for services for Luka. Always prompt payment and would highly recommend Healthy Paws!!!,0,False,False,2025-10-25T00:00:00.000Z,2025-11-26T01:50:21.000Z,https://www.trustpilot.com/review/www.healthypawspetinsurance.com?page=8
healthypaws,69263d4fb760e3c6d95c746e,1,CRIMINAL & PREDATORY COMPANY,"I've had Healthy Paws on two of my dogs since 2014, they're now both over 10 yrs old.  The rate hikes are INSANE, we just went from $350/month to almost $1000/month, with LESS coverage.  This company is CRIMINAL.  I've had FIGO pet insurance for my third dog and she is OLDER than the two that are with Healthy Paws- we pay less than $200/month for her for the EXACT SAME COVERAGE ($250 yearly deductible, no annual/lifetime limit, 90% coverage) and she's 14 yrs old!  What the hell is going on?  They really get you because now that my dogs are over 10 and have pre-existing conditions, we can't get coverage elsewhere without sacrificing coverage on their pre-existing conditions, so it's either stay with Healthy Paws and pay outrageous premiums or drop the coverage completely.   We'll be dropping.  Outrageous and criminal. I'm just sick. If you have a young animal and are considering Healthy Paws, know that the rates they start you at are extremely deceiving and if you plan to keep your policy on your pet for it's lifetime, BE VERY PREPARED BECAUSE YOUR RATES WILL SKYROCKET.  My advice- STAY AWAY!",3,False,False,2025-11-24T00:00:00.000Z,2025-11-26T01:35:43.000Z,https://www.trustpilot.com/review/www.healthypawspetinsurance.com?page=8
healthypaws,69263c7aa4ef62462fa6d453,5,Everyone was kind and respectful,Everyone was kind and respectful ,0,False,False,2025-11-17T00:00:00.000Z,2025-11-26T01:32:10.000Z,https://www.trustpilot.com/review/www.healthypawspetinsurance.com?page=8
healthypaws,6925e5d11dd9b23d5c4e5d03,5,Grateful for Healthy Paws,"We have had Healthy Paws for 11+ years. Although we didn’t need the plan for the first ten, we have been deeply grateful for it when our dog had a sudden cardiac event. In 1.5 years, Healthy Paws has covered around$25k in claims for emergency visits (overnight oxygen chambers, fluids, and medications). I can happily report that our little guy has more energy today than I’ve seen in years. 
The app is easy to use and has made filing claims a breeze. We have received approvals and reimbursements with no issues. I can’t imagine being in the ER and receiving the estimate of thousands of dollars without Healthy Paws. It removes the stress of finances when making difficult treatment decisions.",0,False,False,2025-11-15T00:00:00.000Z,2025-11-25T19:22:25.000Z,https://www.trustpilot.com/review/www.healthypawspetinsurance.com?page=8
healthypaws,6925cefa269f9f042fdbd69d,5,All my dogs have been insured by Healthy Paws since 2015,"All my dogs have been insured by Healthy Paws since 2015.  My senior dog is now 12, and my youngest is 1.  I had another dog who sadly passed in 2024, but was insured by Healthy Paws for his entire 10 year life.  I can't say enough good things about this insurance.  They've covered 3 cancer surgeries for my senior dog, as well as her medications for chronic conditions like Cushing's.   They cover her monthly Adequan, Librella,  and Cytopoint shots.  All claims are processed super fast, often in 24-48 hours! Just last week, they covered her ultrasounds and comprehensive bloodwork, part of her twice yearly cancer follow-ups.   They covered chemotherapy and immunotherapy for my dog who had lymphoma.  Excellent coverage & customer service!!",0,False,False,2025-11-14T00:00:00.000Z,2025-11-25T17:44:58.000Z,https://www.trustpilot.com/review/www.healthypawspetinsurance.com?page=8
healthypaws,69253398e7b324c84eb6d4b5,5,Ease of filing a claim and quick turn…,Ease of filing a claim and quick turn around. ,0,False,False,2025-11-21T00:00:00.000Z,2025-11-25T06:42:00.000Z,https://www.trustpilot.com/review/www.healthypawspetinsurance.com?page=8
healthypaws,6924fde0724e80a490e86ea1,5,The fact that HealthyPaws is there for…,"The fact that HealthyPaws is there for me when/if I need them. I am very glad and impressing with the level of service both, I and my pet get. . ",0,False,False,2025-11-12T00:00:00.000Z,2025-11-25T02:52:48.000Z,https://www.trustpilot.com/review/www.healthypawspetinsurance.com?page=8
healthypaws,6924f1b8d339b92ff6aea9fe,4,The coverage is incredible,"The coverage is incredible! Healthy Paws covered 90% of our nearly $13,000 vet bill. If the vet could have run the bill through insurance first, that would have been even better. ",0,False,False,2025-11-05T00:00:00.000Z,2025-11-25T02:00:56.000Z,https://www.trustpilot.com/review/www.healthypawspetinsurance.com?page=8
healthypaws,6924ecc4337d7e7deee5d24a,5,I don't know what I would have done…,"I don't know what I would have done without Healthy Paws. I have 2 cats with random issues that cost thousands of dollars. Healthy Paws quickly and easily processed my claims, didn't quibble, didn't give me any issues, just sent my reimbursement. I really appreciate not having to stress out about money during an already stressful time. The latest claim was the quickest yet. I had the money in my account within days. ",0,False,False,2025-11-16T00:00:00.000Z,2025-11-25T01:39:48.000Z,https://www.trustpilot.com/review/www.healthypawspetinsurance.com?page=8
healthypaws,6924d10362492326135dcac3,5,Everyone hates insurance......until you…,"Everyone hates insurance......until you need it! I have needed it most recently and have found the claim and processing ""process"" at Healthy Paws both fast and efficient. Once a dog person always a dog person, and once a Healthy Paws person always a Healthy Paws person. I highly recommend this Company.....until they start tripping over the $'s to pick up the pennies and we all know good companies go that way! ",0,False,False,2025-11-24T00:00:00.000Z,2025-11-24T23:41:23.000Z,https://www.trustpilot.com/review/www.healthypawspetinsurance.com?page=8
healthypaws,692394147f5a8102309a8398,1,Predatory and Unethical,"I have had healthy paws since 2013 for my dog. Only minor claims and my premiums have always been more than I get back in claims but having the piece of mind of having insurance in case of something catastrophic was nice. Initially my dogs premium was $35. However the last 6 years the premium went up 130%, so that at 11 years old it was $220 a month. Now when he turned 12 Healthy paws increased my deductible from $100 to $500 and payout rate from 90% to 70% without warning. Customer service does not care and seems outsourced. This company is predatory and unethical and I would like to warn anyone who is thinking about pet insurance to go with another provider. Avoid Healthy Paws at all costs.",2,False,False,2025-11-23T00:00:00.000Z,2025-11-24T01:09:08.000Z,https://www.trustpilot.com/review/www.healthypawspetinsurance.com?page=8
healthypaws,6923280f0986dc3deb42fb0f,5,I can’t say enough good things about Healthy Paws,"I can’t say enough good things about Healthy Paws! This was my first claim for my 5 yr old Shichon, Molly. She needed emergency surgery for bladder stones and the bills were adding up quickly 
After providing some required history information Healthy Paws  processed my claims quickly and I received my checks shortly after the claims were closed! 
Molly is doing great and it is comforting to know that Healthy Paws Insurance can be counted on to process and pay claims in a very timely manner! 
Thank you Healthy Paws Team! ",0,False,False,2025-11-01T00:00:00.000Z,2025-11-23T17:28:15.000Z,https://www.trustpilot.com/review/www.healthypawspetinsurance.com?page=8
healthypaws,69226737972659854612e68e,5,As advertised,"As advertised, after paying the deductible and submitting our claim for a very expensive cataract surgery, Healthy Paws sent us a check for 80% of it a week later. ",0,False,False,2025-11-14T00:00:00.000Z,2025-11-23T03:45:27.000Z,https://www.trustpilot.com/review/www.healthypawspetinsurance.com?page=8
healthypaws,69225c835ed46fa283736a9b,5,I recommend Healthy Paws to everyone I…,"I recommend Healthy Paws to everyone I know that is looking for pet insurance. Supper easy, are very clear up front regarding what they cover and most importantly they are prompt with their payment’s which is so important with today’s economy and rising vet costs. They make it so pet owners don’t have to decide between stopping or continuing treatment and possibly losing a family member due to that decision .",0,False,False,2025-11-22T00:00:00.000Z,2025-11-23T02:59:47.000Z,https://www.trustpilot.com/review/www.healthypawspetinsurance.com?page=8
healthypaws,6921f4fe02c3d6043d435e06,5,Affordable and easy Claim Reimbursement Process ,"Healthy Paws has helped to make a really difficult time more manageable. Just having piece of mind that we would have some financial support when our 1.5 year old cat had a serious health concern has been well worth the monthly cost of the insurance policy. Claim submission and reimbursement has been incredibly easy and quick, and communication is great. They care about our little Augie and want to make sure he gets the care he needs. I highly recommend Healthy Paws if you are looking for insurance for your pet.",0,False,False,2025-11-05T00:00:00.000Z,2025-11-22T19:38:06.000Z,https://www.trustpilot.com/review/www.healthypawspetinsurance.com?page=8
healthypaws,69212f6448461047dbb7748a,5,Ease of communication and helpful…,Ease of communication and helpful representatives,0,False,False,2025-11-14T00:00:00.000Z,2025-11-22T05:35:00.000Z,https://www.trustpilot.com/review/www.healthypawspetinsurance.com?page=8
healthypaws,6921273cf2f31da05b9f65ba,5,Must have insurance company for your pet,"I love Healthy Paws because of its affordability, the speed of reviewing  claims, the speed of reimbursement and the explanation of benefits.",0,False,False,2025-11-10T00:00:00.000Z,2025-11-22T05:00:12.000Z,https://www.trustpilot.com/review/www.healthypawspetinsurance.com?page=8
healthypaws,69210f8ee686b7270c3f8a61,5,Healthy Paws allows you to say yes to whatever your dog needs,"I adopted my dog from the streets of Tijuana and got a lemon -- she's needed 4 leg surgeries and Healthy Paws has consistently checked in and covered them all. With Healthy Paws, I'm able to say yes to whatever my sweet lemon needs. They always check in after her surgeries and I appreciate that personal touch. I highly recommend healthy paws for pet insurance.",0,False,False,2025-11-13T00:00:00.000Z,2025-11-22T03:19:10.000Z,https://www.trustpilot.com/review/www.healthypawspetinsurance.com?page=8
healthypaws,69205c0b7d446e2ad12c2a7a,5,I am so grateful for an easy process through a difficult time ,"I am so grateful that I have Healthy paws insurance as my black lab had to have ACL surgery. The on line platform makes it so easy to submit all my claims. I was very impressed with the turn around time and having my payment be directly deposited into my bank account. The best part is that my pup, Mae, is doing great! Thank you! ",0,False,False,2025-11-07T00:00:00.000Z,2025-11-21T14:33:15.000Z,https://www.trustpilot.com/review/www.healthypawspetinsurance.com?page=8
healthypaws,691fa239a190533c2d1b6f03,5,Significant positive experience,"HPaws has been a tremendous support to us. We adopted a rescued street dog who appeared to be in good health, with no issues. However, as he aged, he developed numerous issues with his kidneys, teeth, and more. Fast forward to a broken toe, GI infection, and cancer diagnosis and we were looking at significant vet bills. HPaws really stood beside us as we moved thru life with him. They accepted our documentation, quickly processed claims, and made the difference between affordable health care for our boy and a significant financial impact to us. Yes, our premiums went up. But that was understandable, given his situation. Bottom line: We can't say enough good things abt our experience. Insurance thru HPaws was one of the best decisions we made.",0,False,False,2025-11-19T00:00:00.000Z,2025-11-21T01:20:25.000Z,https://www.trustpilot.com/review/www.healthypawspetinsurance.com?page=8
healthypaws,691fa043d79dac298ee60072,5,Highly Recommend this 5 Star Company,Healthy Paws addresses claims quickly and adjudicates them promptly.  I have recommended Healthy Paws to all my family and pet rescue friends.  I cannot say enough positive about my experiences with this company and highly recommend them for anyone's pet insurance needs.,0,False,False,2025-11-14T00:00:00.000Z,2025-11-21T01:12:03.000Z,https://www.trustpilot.com/review/www.healthypawspetinsurance.com?page=9
healthypaws,691f9dd87174a78b9131a914,5,Healthy Paws was amazing,Healthy Paws was amazing. Our French Bulldog Mia out of nowhere developed glaucoma. Tried desperately to save vision and it was not in the books. Recently had eyes removed. Healthy Paws was excellent on responding quickly and paying. Don’t know what we would have done without them ,0,False,False,2025-09-16T00:00:00.000Z,2025-11-21T01:01:44.000Z,https://www.trustpilot.com/review/www.healthypawspetinsurance.com?page=9
healthypaws,691f4eca62dbe07eb960ed33,5,Good company,I submitted a number of related claims.  They were handled quickly and efficiently.  It was such an easy process.  The checks were also processed quickly.,0,False,False,2025-11-20T00:00:00.000Z,2025-11-20T19:24:26.000Z,https://www.trustpilot.com/review/www.healthypawspetinsurance.com?page=9
healthypaws,691f26b460701c24896a709c,5,They are the best,They are the best.  I would not have been able to get the care my dog needed without it. I thank God for thi insurance everyday knowing my boy can get the care he needs.,0,False,False,2025-08-01T00:00:00.000Z,2025-11-20T16:33:24.000Z,https://www.trustpilot.com/review/www.healthypawspetinsurance.com?page=9
healthypaws,691f2257e3f93cfc80778536,5,Really great experience,Really great experience. Offered immediate support for emergency visit. ,0,False,False,2025-10-10T00:00:00.000Z,2025-11-20T16:14:47.000Z,https://www.trustpilot.com/review/www.healthypawspetinsurance.com?page=9
healthypaws,691f1839b2933fa60c4a2bf6,5,Kind and Efficient ,"Healthy Paws has been wonderful to work with. The staff are friendly, the process for filing claims is easy. They are efficient in what they do. Highly recommend them. ",0,False,False,2025-11-20T00:00:00.000Z,2025-11-20T15:31:37.000Z,https://www.trustpilot.com/review/www.healthypawspetinsurance.com?page=9
healthypaws,691eacb5156dca007d92afc9,4,I'm happy with the coverage provided,"I'm happy with the coverage provided.  It was as expected and payout was in a timely manner; however, I initially used the mobile app to make claim, but it wasn't received.  I then called customer service, they recommended I email the claims.  This proved to be effective, and from that point forward, I tracked the claims via mobile app. ",0,False,False,2025-10-25T00:00:00.000Z,2025-11-20T07:52:53.000Z,https://www.trustpilot.com/review/www.healthypawspetinsurance.com?page=9
healthypaws,691e7f1c655821002d4ac211,5,Exceeded Expectations!,"Our dog had to have emergency surgery a few weeks ago and we were so worried about him. The one thing we didn’t have to worry about what paying for his care because we have Healthy Paws by Chubb for him. I was amazed at how quickly they reviewed my claim and paid on it though- they exceeded my expectations- we already received the reimbursement! Thanks so much Healthy Paws, we are so happy we have you by our side!!",0,False,False,2025-11-04T00:00:00.000Z,2025-11-20T04:38:20.000Z,https://www.trustpilot.com/review/www.healthypawspetinsurance.com?page=9
healthypaws,691e45a9209cd6243e494d67,2,Appalled at Company's Behavior & Integrity,"I've never had too much of a problem with Healthy Paws. I've had 90% coverage and $250 deductible since roughly 2016. 

Today, customer service emailed me stating that my dog's medical records said a different breed than what she was registered with Healthy Paws.

The different breeds in question?
Hound Mix
Mixed Breed

They said if I didn't get my vet to send medical records stating she was a mixed breed, that they'll drop my coverage to 70% , 500$ deductible, and raise my premium up by $169.01. 

My dog is a mixed breed. Hound mix is best guess. I have no idea how they are actually trying to pass this off as a legitimate issue. ",3,False,False,2025-11-19T00:00:00.000Z,2025-11-20T00:33:13.000Z,https://www.trustpilot.com/review/www.healthypawspetinsurance.com?page=9
healthypaws,691e43a33c4785a0d2d8e223,5,I  rescued a puppy and months later he…,I  rescued a puppy and months later he required surgery on his shoulders. I had always been skeptical of pet insurances and what they would actually pay for. A friend encouraged me to try Healthy Paws. I will simply say I feel blessed to have them! They paid 80 percent of a very expensive surgery. I am so very grateful. ,0,False,False,2025-10-29T00:00:00.000Z,2025-11-20T00:24:35.000Z,https://www.trustpilot.com/review/www.healthypawspetinsurance.com?page=9
healthypaws,691e100e87bfd6fd50dd3835,1,Shame on your Healthy Paws for this Bait and switch,"I like many of the folks on this thread have had this insurance since 2016 for a small dog who has been healthy and robust all of his life despite having a heart murmur from birth. My rates have increased exponentially in the past couple of years and I am so frustrated and upset by the feeling of being taken advantage of by this company. I am actively trying to research other insurances, and I’ve also reached out to the California government for assistance as these rate increases are not commensurate with aging animals and the rate of their visits to the vet. Shame on you, Healthy Paws.",2,False,False,2025-11-19T00:00:00.000Z,2025-11-19T20:44:30.000Z,https://www.trustpilot.com/review/www.healthypawspetinsurance.com?page=9
healthypaws,691e0fc3390283b3683fb95d,5,Your response time is impressive and we…,Your response time is impressive and we appreciate your updates on our claims .,0,False,False,2025-11-19T00:00:00.000Z,2025-11-19T20:43:15.000Z,https://www.trustpilot.com/review/www.healthypawspetinsurance.com?page=9
healthypaws,691d46a0af4fe306a632ad84,5,We have been using Healthy Paws since Nov 2020,"We have been using Healthy Paws since Nov 2020 for Cheddar. For 5 years! Here are my favorite things about this company: 
- Very clear in their policies
- All you have to do is upload your invoice from your vet
- They pay you in a few days time
- They communicate well
- Their staff are very helpful

They were recommended to me from my vet, and I am so glad I went with them! 

We recently had to do a surgery for Cheddar to remove a cyst. I submitted my claim the next day and they reimbursed me 4 business days later!

Thanks for taking such great care of my dog!",0,False,False,2025-11-06T00:00:00.000Z,2025-11-19T06:25:04.000Z,https://www.trustpilot.com/review/www.healthypawspetinsurance.com?page=9
healthypaws,691d24369bdc69cd706512b1,5,Healthy paws is amazing,Healthy paws is amazing! Its easy to submit a claim and their processing turnaround time is same day. We couldn’t be happier with their service. ,0,False,False,2025-10-28T00:00:00.000Z,2025-11-19T03:58:14.000Z,https://www.trustpilot.com/review/www.healthypawspetinsurance.com?page=9
healthypaws,691bbe423cf8a2692f04ffe8,5,First claim experience. ,Easy to file claims and quick response.  ,0,False,False,2025-11-05T00:00:00.000Z,2025-11-18T02:30:58.000Z,https://www.trustpilot.com/review/www.healthypawspetinsurance.com?page=9
healthypaws,69198a1b38c291b373293731,5,These guys are very reliable,"These guys are very reliable, as soonest you submit the invoice, they start to process it. And they give you a breakdown and the money of their share ASAP without any hesitations or any problems. I truly recommend!  ",0,False,False,2025-11-03T00:00:00.000Z,2025-11-16T10:23:55.000Z,https://www.trustpilot.com/review/www.healthypawspetinsurance.com?page=9
healthypaws,6917d47b4c73f605945c50cd,1,"Fees increased more than 1,000% during dog's life","I started paying $50 per month for my dog and they methodically increased it every year.  When it got to $250 a month we cut the coverage level in order to still afford some sort of coverage.  Last month, they increased the rate from $140 to $400 per month.

CRIMINAL!  Don't fall for it.  They exist to profit as much as possible off of you, not to help your pet.",1,False,False,2025-11-14T00:00:00.000Z,2025-11-15T03:16:43.000Z,https://www.trustpilot.com/review/www.healthypawspetinsurance.com?page=9
healthypaws,6917d422e35ea9cb24a904c8,5,A support team you can count on,"We have had some recent health issues with our GSD boy, and it has caused us some concern with the cost of veterinary treatment and diagnostics. On 3 separate occasions now, we have had to place a claim for reimbursement for vet care received, and every time Healthy Paws was there supporting us through each event. It breaks our heart when we see our animal in distress and then have to question what we can afford to do and what we can't. Healthy Paws eases that stress and provides a peace of mind by helping us provide the best care possible for our animal, for which we are profoundly thankful. They have become a valued support team for our family, and one they have proven we can count on...... Thank you Healthy Paws",0,False,False,2025-11-04T00:00:00.000Z,2025-11-15T03:15:14.000Z,https://www.trustpilot.com/review/www.healthypawspetinsurance.com?page=9
healthypaws,691772c5e0cd176e7b7dd183,5,Reimbursement is very fast,Reimbursement is very fast,0,False,False,2025-10-30T00:00:00.000Z,2025-11-14T20:19:49.000Z,https://www.trustpilot.com/review/www.healthypawspetinsurance.com?page=9
healthypaws,69167e9de36231fabf1aee89,5,Always easy and effortless which is…,Always easy and effortless which is truly appreciated especially when dealing a lot of vet visits.  The claims process and reimbursement are usually completed within a few days.  I have been a health paws customer for many years and find it invaluable.,0,False,False,2025-11-05T00:00:00.000Z,2025-11-14T02:58:05.000Z,https://www.trustpilot.com/review/www.healthypawspetinsurance.com?page=9
healthypaws,69166c32a39e685438196788,5,Turn around on my claim for my dog was…,Turn around on my claim for my dog was amazing!! My dog had major surgery and I had put out a lot of money to pay for the surgery. I filed my claim with Healthy Paws it was reviewed and the covered amount was refunded to me. Using the Healthy Paws app and direct deposit makes things a whole lot easier. ,0,False,False,2025-11-03T00:00:00.000Z,2025-11-14T01:39:30.000Z,https://www.trustpilot.com/review/www.healthypawspetinsurance.com?page=10
healthypaws,69166146917f70a7470ba01b,5,Better than human insurance ,"If humans received the same
Level of insurance, care and professional guidance that Healthy Paws offers, we would be a much healthier nation. We  never hesitate to get medical help for our dog knowing we have this amazing coverage ",0,False,False,2025-10-21T00:00:00.000Z,2025-11-14T00:52:55.000Z,https://www.trustpilot.com/review/www.healthypawspetinsurance.com?page=10
healthypaws,691657b35ab54d5b7640fe24,1,Absolutely unexplainable increase ,"Absolutely unexplainable. I’ve had two policy one for over 12 years that just experienced its second years highest rate increase.2014 $33 per month  2024 $175 per month  2025 $250 per month. Starting January 2026 they want $580 per month. How is this acceptable. 

My 7 year old dog with zero claims policy is going from $60 to $81.

From $300 to $660 a month I’ll be better off self insuring but if I knew this is how Healthy paws operate id would have been better of self insuring. ",2,False,False,2025-11-13T00:00:00.000Z,2025-11-14T00:12:03.000Z,https://www.trustpilot.com/review/www.healthypawspetinsurance.com?page=10
healthypaws,691647ca660c0f3b1850c873,1,Beware of OUTRAGEOUS price hikes,"Beware of OUTRAGEOUS price hike when your pet is older +104% (more than doubled the price +$100/mo)
Not one claim EVER
The rate hikes were as follows:
2017-$42/mo (inception)-pet age 6months
2018-$49/mo (+17%)
2019-$56/mo (+15%)
2020-$58/mo (+3%)
2021-$67/mo (+16%)
2022-$76/mo (+13%)
2023-$84/mo (+10%)
2024-$96/mo (+15%)
2025-$196/mo (+104%)-pet age 8.5years
The CA Dept of Insurance did nothing",2,False,False,2025-05-05T00:00:00.000Z,2025-11-13T23:04:10.000Z,https://www.trustpilot.com/review/www.healthypawspetinsurance.com?page=10
healthypaws,6916429e92421da33960420e,5,Simple coverage for the most important stuff,"Healthy Paws is a nice, simple, no-frills insurance provider, which is what we prefer. We'd rather pay a lower premium for unexpected issues than get all the bells and whistles covered.

Healthy Paws pays out claims really fast--often within days. Submitting claims is easy. The coverage is fair and reasonable. So far, none of our claims have been unfairly declined.

Goober is doing much better after the surgical removal of a foxtail from a lymph node in his neck. We are grateful that the exorbitant cost of pet care was one less thing we had to worry about, thanks to Healthy Paws.",0,False,False,2025-10-30T00:00:00.000Z,2025-11-13T22:42:06.000Z,https://www.trustpilot.com/review/www.healthypawspetinsurance.com?page=10
healthypaws,69163f910f13102338fc011a,5,Good customer service and claims payment,"Healthy Paws has paid two claims over the years and since I own four dogs, there are occasionally expensive procedures.  Customer service is very good and claims are paid promptly.  I recommend them to any pet parent.",0,False,False,2025-11-05T00:00:00.000Z,2025-11-13T22:29:05.000Z,https://www.trustpilot.com/review/www.healthypawspetinsurance.com?page=10
healthypaws,69162e15a511814bf908f310,5,Prompt payment is appreciated,"Prompt payment is appreciated. 
This company is one of the rare ones not to have an age limit on insuring pets, my dog is 12 yrs old, the age when things typically go south health wise
",0,False,False,2025-11-13T00:00:00.000Z,2025-11-13T21:14:29.000Z,https://www.trustpilot.com/review/www.healthypawspetinsurance.com?page=10
healthypaws,69154ce9eddba77b16a6bcb0,1,3+ years still not paid on surgery claim,Contacted dozens of times. Sent form letters that don't apply to my claim at all or say more information is needed but don't specify what information it is that is needed.  All they do is stall and stall in paying the claim. Like asking for medical records that have been provided over a dozen times! They don't have records of receiving my correct or of them sending response (they don't have records of their own correspondence). Can't recommend at all! Terrible service at all levels!!! Stay away.,2,False,False,2024-11-15T00:00:00.000Z,2025-11-13T05:13:45.000Z,https://www.trustpilot.com/review/www.healthypawspetinsurance.com?page=10
healthypaws,69152d8caca7a5b9cf33a3d3,5,Healthy Paws for the Win,"Submitted the claim and I had a check in 2 days. The coverage is wonderful. Worth every penny!

",0,False,False,2025-11-03T00:00:00.000Z,2025-11-13T02:59:56.000Z,https://www.trustpilot.com/review/www.healthypawspetinsurance.com?page=10
healthypaws,69151f899d7407efa9d1a0f0,5,Healthy Paws Pet Insurance…when you want the best,"I have had pet insurance with Healthy Paws for eight years: ever since my cats were two weeks old. I can't begin to tell you how supportive they have been.  Their insurance covers what they say it does, and doesn't cover what they say it doesn't. They process claims immediately: often the same day they are submitted, which is so very helpful when you have a medical emergency. Healthcare expenses build up quickly and the professionals providing those medical services want payment immediately, so quick claim processing is vital for your own financial wellbeing and the pets you cherish so much.",0,False,False,2025-10-29T00:00:00.000Z,2025-11-13T02:00:09.000Z,https://www.trustpilot.com/review/www.healthypawspetinsurance.com?page=10
healthypaws,6915047c5542c40f8373905c,5,"thankful for this service,","just so thankful for this service, Every claim return is complete and self explanatory ",0,False,False,2025-10-22T00:00:00.000Z,2025-11-13T00:04:44.000Z,https://www.trustpilot.com/review/www.healthypawspetinsurance.com?page=10
healthypaws,6913e0337179651c8d770626,5,Dog health issues - insurance coverage ,My dog had a significant health issue which would have made treatment cost prohibitive. Thank you Healthy paws for allowing me to spend more time with my beloved boy. ,0,False,False,2025-11-11T00:00:00.000Z,2025-11-12T03:17:39.000Z,https://www.trustpilot.com/review/www.healthypawspetinsurance.com?page=10
healthypaws,6913adf5e3a6f9dabd92ee1f,5,A lifesaver,"Truly a lifesaver. A major illness or injury can hit even a young, healthy pet without warning. This insurance ensured we could afford to try to save our pet's life without the added burden of impossible veterinary bills. Reliable and completely essential.",0,False,False,2025-10-20T00:00:00.000Z,2025-11-11T23:43:17.000Z,https://www.trustpilot.com/review/www.healthypawspetinsurance.com?page=10
healthypaws,69137c5cfb73f4d3a74989d1,5,McGee's cancer journey with Healthy Paws,"My dog McGee had Healthy Paws coverage since I rescued him 10 years ago from the shelter.He had been to the vet thru the years for minor issues like Arthritis on his legs, allergies,etc that Healthy Paws had been quick to.reimburse payments for.I never ecpected that last June 6,2024 he would be diagnosed with Lymphoma..which would begin his Cancer journey of Chemo therapy, ER visits for other cancer related complications.My dog's resilience and courage to live , combined with Healthy Paws financial support promise..saved my dog today.He in remission from cancer, but I know that when sickness comes back I have Healthy Paws to back McGee up with financial support
 Thank you Healthy Paws.",0,False,False,2025-11-11T00:00:00.000Z,2025-11-11T20:11:40.000Z,https://www.trustpilot.com/review/www.healthypawspetinsurance.com?page=10
healthypaws,6913510de10bae3971c87f60,5,Absolutely the best!,"If you need pet insurance, this is your absolute best option.  I have used this company for years and have never been hassled about a claim.  They are quick with their reimbursements and super easy to work with.  Claims can be filed completely online.  I heartily recommend them.  You get what you pay for.  ",0,False,False,2025-11-11T00:00:00.000Z,2025-11-11T17:06:53.000Z,https://www.trustpilot.com/review/www.healthypawspetinsurance.com?page=10
healthypaws,6912a0dade0e289f6ca383ed,1,They raised my monthly from $60 to…,They raised my monthly from $60 to $400. SCAM!,1,False,False,2025-11-10T00:00:00.000Z,2025-11-11T04:35:06.000Z,https://www.trustpilot.com/review/www.healthypawspetinsurance.com?page=10
healthypaws,69129620d444af667ccff8f7,5,Quick response,Quick response,0,False,False,2025-11-10T00:00:00.000Z,2025-11-11T03:49:20.000Z,https://www.trustpilot.com/review/www.healthypawspetinsurance.com?page=10
healthypaws,69126aebfaf2538c2ede1398,5,Healthy Paws made filing the claim…,Healthy Paws made filing the claim super easy. Just a few photos of the Vet's invoice on their app. The reimbursement was in my account in only a few days. ,0,False,False,2025-10-30T00:00:00.000Z,2025-11-11T00:44:59.000Z,https://www.trustpilot.com/review/www.healthypawspetinsurance.com?page=10
healthypaws,691267c423ea491588b380fd,5,Healthy paws is great and their system…,Healthy paws is great and their system is great.  I just wish they would cover specialist consultations. ,0,False,False,2025-10-30T00:00:00.000Z,2025-11-11T00:31:32.000Z,https://www.trustpilot.com/review/www.healthypawspetinsurance.com?page=10
healthypaws,690ebfaf5fb002fc11163726,1,"Beware, Healthy Paws is a SCAM","WARNING: Healthy Paws may look great at first, but once your pets get older, your coverage drops and your premiums skyrocket. We've been paying them since 2016, and now, despite having healthy but aging dogs, they've doubled our rate and reduced our coverage, forcing us to leave. DON'T FALL FOR IT. Look elsewhere and choose a reputable insurer who won't rip you off.",2,False,False,2025-11-01T00:00:00.000Z,2025-11-08T05:57:35.000Z,https://www.trustpilot.com/review/www.healthypawspetinsurance.com?page=10
